Date,Open,High,Low,Price_USD,Volume,USD_Index,Inflation_Rate,Interest_Rate
2000-01-03,280.18,281.0,279.19,280.19,107168,120.0,2.64,3.94
2000-01-04,280.88,281.21,278.73,280.14,135551,119.5,1.78,3.98
2000-01-05,281.19,281.94,280.48,280.79,78081,116.92,2.78,3.66
2000-01-06,283.43,284.2,280.43,282.21,103527,113.81,2.5,3.83
2000-01-07,281.68,283.12,281.11,282.07,93135,119.4,2.12,3.66
2000-01-10,281.7,282.28,280.47,282.07,191941,120.0,2.3,4.05
2000-01-11,282.44,285.2,281.7,283.54,138776,119.87,2.04,4.0
2000-01-12,283.94,284.54,283.74,284.3,125952,114.83,2.29,4.11
2000-01-13,284.78,284.93,281.55,283.96,49678,115.11,2.75,4.13
2000-01-14,285.62,285.9,283.76,284.51,105781,120.0,2.05,4.16
2000-01-17,285.12,287.76,281.88,284.3,92780,114.23,2.15,3.98
2000-01-18,282.43,283.98,279.49,283.96,92460,118.46,2.02,4.03
2000-01-19,285.17,285.52,282.84,284.25,52819,112.81,2.06,4.1
2000-01-20,281.05,283.19,277.85,282.61,63888,116.57,2.11,3.9
2000-01-21,281.91,283.21,281.07,281.15,96066,118.84,1.94,3.88
2000-01-24,280.55,281.84,279.43,280.85,154159,117.32,2.15,4.25
2000-01-25,280.62,281.48,279.91,280.03,77947,118.73,2.23,3.75
2000-01-26,279.26,282.59,277.71,280.38,84122,114.35,2.12,4.1
2000-01-27,280.63,282.19,278.72,279.65,201276,115.39,1.64,4.08
2000-01-28,277.26,279.98,275.37,278.48,87664,118.69,2.18,3.86
2000-01-31,279.41,280.93,278.11,279.97,93759,119.17,2.21,3.93
2000-02-01,279.0,280.58,278.55,279.84,94268,117.98,2.69,3.98
2000-02-02,278.5,280.63,278.43,279.97,57629,119.79,2.23,4.06
2000-02-03,278.87,279.38,277.82,278.79,124084,113.33,2.45,4.08
2000-02-04,279.89,280.68,278.13,278.38,76027,116.33,2.12,4.03
2000-02-07,280.91,281.99,278.61,278.68,97535,120.0,2.55,4.06
2000-02-08,277.82,277.93,277.65,277.74,117918,120.0,1.99,4.13
2000-02-09,279.07,279.16,276.65,278.14,214705,119.08,2.35,4.13
2000-02-10,277.88,278.4,277.32,277.69,58272,117.13,2.44,4.27
2000-02-11,277.92,278.55,276.47,277.5,139524,120.0,2.4,4.19
2000-02-14,276.89,278.48,275.93,277.18,139733,118.61,2.77,4.04
2000-02-15,279.03,280.47,278.14,278.87,76474,113.68,2.08,4.14
2000-02-16,279.38,279.4,277.36,278.93,125467,119.96,2.58,4.11
2000-02-17,277.59,279.26,277.37,278.07,190493,115.34,2.52,4.07
2000-02-18,278.8,278.92,277.32,278.86,72693,119.37,2.24,3.91
2000-02-21,277.94,278.24,277.62,277.99,108726,113.47,2.69,4.07
2000-02-22,278.94,278.99,278.16,278.25,116066,120.0,2.2,3.74
2000-02-23,275.72,277.49,275.68,276.6,122231,116.88,2.24,4.21
2000-02-24,275.48,277.16,274.34,275.52,134284,114.83,2.23,4.1
2000-02-25,277.34,279.67,274.82,275.76,105505,115.88,1.92,4.03
2000-02-28,277.57,277.71,276.39,276.6,121221,116.72,2.43,3.99
2000-02-29,277.94,278.42,276.52,276.82,68556,117.54,2.39,4.15
2000-03-01,276.81,277.56,275.74,276.79,105408,120.0,2.21,4.33
2000-03-02,276.87,278.33,276.5,276.6,81590,117.74,2.68,4.11
2000-03-03,276.21,277.16,273.89,275.38,60359,112.19,2.13,4.34
2000-03-06,276.24,277.81,273.19,274.96,80526,114.56,1.81,4.18
2000-03-07,273.02,276.41,272.15,274.63,109950,120.0,2.72,3.94
2000-03-08,274.53,277.77,273.18,275.61,117514,117.94,2.49,4.14
2000-03-09,277.07,277.17,274.89,275.98,59433,119.97,2.4,4.12
2000-03-10,274.3,274.96,273.04,274.53,67841,116.88,2.16,3.94
2000-03-13,274.45,278.21,273.88,275.0,131908,115.12,2.33,4.01
2000-03-14,273.71,276.33,272.24,274.74,120965,116.44,1.93,4.0
2000-03-15,273.77,275.07,273.45,274.22,140764,117.98,2.19,4.08
2000-03-16,273.67,277.04,272.82,274.82,170609,116.49,2.02,4.03
2000-03-17,277.52,278.52,274.23,275.79,122412,120.0,2.31,4.11
2000-03-20,276.78,277.15,276.49,276.8,83623,116.01,2.48,4.14
2000-03-21,276.09,276.16,275.37,276.13,103356,114.95,1.99,4.26
2000-03-22,276.42,278.28,275.58,275.94,191752,119.61,2.43,4.16
2000-03-23,277.09,279.47,275.11,276.3,298277,119.91,2.3,3.97
2000-03-24,278.0,278.66,277.02,277.22,118804,117.61,2.42,4.39
2000-03-27,277.89,280.11,276.99,277.0,122298,116.04,2.19,3.98
2000-03-28,276.38,279.23,276.35,276.9,131963,112.8,2.43,4.02
2000-03-29,275.77,277.47,275.67,276.01,99659,120.0,2.08,4.17
2000-03-30,275.68,275.73,274.13,275.04,157242,119.8,1.83,4.52
2000-03-31,275.38,276.02,274.58,275.82,147741,116.5,1.89,4.14
2000-04-03,277.19,279.18,276.37,277.2,113749,117.69,2.13,3.99
2000-04-04,277.54,278.37,275.41,277.21,86924,116.97,1.86,3.84
2000-04-05,278.81,279.14,277.77,278.15,53729,120.0,2.65,3.83
2000-04-06,277.06,278.77,276.07,278.54,132318,114.89,2.24,4.09
2000-04-07,278.64,279.09,277.16,278.05,107488,115.95,2.49,4.17
2000-04-10,278.37,279.72,278.08,278.56,73489,115.69,2.46,3.88
2000-04-11,280.58,281.46,279.08,279.99,62820,118.2,2.26,4.13
2000-04-12,280.68,282.04,279.19,280.03,128614,117.57,3.15,3.9
2000-04-13,282.84,283.12,280.76,281.48,52026,117.87,3.0,3.96
2000-04-14,280.38,281.06,279.0,279.24,111285,115.25,2.61,4.19
2000-04-17,281.3,282.31,278.21,280.17,138333,120.0,2.04,3.99
2000-04-18,281.53,284.85,280.28,280.31,123002,116.28,2.63,4.3
2000-04-19,280.37,280.95,279.83,280.12,84432,120.0,1.83,4.01
2000-04-20,280.3,281.27,279.83,280.27,59889,120.0,2.62,4.27
2000-04-21,279.33,279.72,276.86,278.6,124842,115.3,1.63,4.44
2000-04-24,279.21,282.88,277.87,278.6,159565,118.34,2.19,3.99
2000-04-25,278.73,279.76,278.61,278.99,78504,117.14,2.57,4.48
2000-04-26,280.7,283.77,279.79,280.36,120905,120.0,2.37,4.11
2000-04-27,279.94,280.61,277.88,279.97,185833,116.73,1.9,4.01
2000-04-28,278.62,280.04,278.18,279.33,113044,118.07,2.32,4.06
2000-05-01,280.17,280.56,276.48,279.09,84225,118.03,2.37,4.05
2000-05-02,280.02,282.01,279.43,279.97,149692,117.18,2.33,4.32
2000-05-03,282.05,284.12,280.14,280.33,73495,119.3,2.17,4.31
2000-05-04,278.57,280.58,277.75,279.93,58731,117.66,2.49,4.31
2000-05-05,279.99,280.74,279.55,280.46,136615,118.61,2.56,3.92
2000-05-08,280.77,282.38,279.86,280.75,83912,117.93,2.24,4.15
2000-05-09,282.64,283.57,280.61,281.68,86976,115.85,2.66,3.89
2000-05-10,281.46,283.21,280.79,281.13,76820,116.71,2.24,4.27
2000-05-11,281.17,281.21,279.25,280.91,81705,118.78,2.16,4.05
2000-05-12,279.68,281.38,278.88,280.63,173028,118.78,2.62,4.2
2000-05-15,278.57,279.94,278.5,279.54,191951,120.0,2.61,4.05
2000-05-16,280.14,280.61,276.93,279.87,202398,120.0,2.13,3.86
2000-05-17,279.03,280.27,277.37,280.17,152672,116.12,2.09,4.26
2000-05-18,279.8,280.45,279.63,280.25,118955,117.75,2.73,4.27
2000-05-19,280.54,280.73,278.74,280.12,55663,116.94,2.26,4.15
2000-05-22,278.25,280.18,276.73,279.07,91582,114.7,2.29,3.81
2000-05-23,280.11,280.94,278.69,278.77,233912,118.89,2.23,4.24
2000-05-24,279.56,280.66,278.12,278.54,82929,119.43,2.62,4.02
2000-05-25,276.6,279.03,275.54,277.91,180892,114.82,2.83,4.21
2000-05-26,277.06,278.12,275.71,277.84,100913,116.58,2.31,4.06
2000-05-29,276.48,279.21,276.01,278.39,33817,116.31,2.9,4.08
2000-05-30,279.46,280.29,278.73,280.12,127541,113.65,2.15,4.21
2000-05-31,280.99,281.71,280.1,280.35,163816,117.32,2.22,4.02
2000-06-01,280.3,280.94,280.22,280.65,96799,114.54,2.46,4.11
2000-06-02,281.04,281.41,280.37,280.65,161655,117.8,2.09,4.22
2000-06-05,277.89,280.14,277.35,279.16,50658,118.13,2.46,4.47
2000-06-06,279.88,280.25,279.16,279.21,56713,118.44,2.17,4.13
2000-06-07,278.87,279.68,278.72,279.33,107145,118.56,1.91,4.27
2000-06-08,281.59,281.85,281.18,281.58,119473,120.0,1.86,3.97
2000-06-09,281.4,282.96,281.32,281.48,169843,115.34,2.22,4.4
2000-06-12,280.87,282.59,280.63,281.95,127461,115.45,2.41,4.03
2000-06-13,281.02,282.45,279.9,281.99,61239,118.98,1.96,4.13
2000-06-14,281.84,281.92,280.63,281.03,107497,117.05,2.35,4.23
2000-06-15,282.45,282.93,280.92,282.11,125528,120.0,2.35,4.04
2000-06-16,283.74,284.49,282.81,282.85,46644,118.72,2.26,4.32
2000-06-19,284.04,284.16,283.09,283.76,97007,120.0,2.07,4.06
2000-06-20,283.14,284.4,282.15,283.02,86315,117.08,2.37,4.28
2000-06-21,282.88,285.41,282.11,284.35,75972,113.55,2.27,4.32
2000-06-22,282.94,284.67,281.89,283.17,120512,118.15,2.55,4.25
2000-06-23,283.74,285.23,283.74,283.76,62325,117.1,1.98,4.27
2000-06-26,287.61,288.96,285.2,285.93,116628,118.53,2.34,4.54
2000-06-27,285.7,286.38,284.92,285.12,123475,118.88,1.99,4.23
2000-06-28,285.99,287.6,283.85,284.68,152284,115.9,2.25,4.18
2000-06-29,285.35,285.69,283.6,284.84,62983,114.71,2.04,4.22
2000-06-30,283.86,285.17,282.89,284.46,54063,116.88,2.08,4.36
2000-07-03,283.38,283.85,282.26,283.28,110366,111.34,2.31,4.52
2000-07-04,283.61,284.05,283.18,283.41,88035,117.49,2.17,4.14
2000-07-05,281.74,282.75,280.88,282.54,315230,116.31,2.68,4.03
2000-07-06,282.71,283.15,279.35,283.03,118586,119.46,2.61,4.35
2000-07-07,282.11,282.54,280.61,282.29,101039,112.37,2.52,3.97
2000-07-10,285.24,285.48,283.69,283.87,92121,117.29,2.51,4.21
2000-07-11,281.47,285.78,281.32,283.24,60643,120.0,2.35,4.22
2000-07-12,284.05,284.97,282.67,283.03,123692,118.99,2.65,4.16
2000-07-13,283.03,286.64,281.45,283.83,95639,119.72,2.25,4.17
2000-07-14,281.64,283.36,280.44,282.8,95671,118.16,2.85,3.93
2000-07-17,284.21,284.3,281.54,283.21,102516,113.14,2.09,4.05
2000-07-18,285.07,286.59,284.0,284.45,107848,117.66,2.04,4.32
2000-07-19,284.15,285.07,282.38,283.08,49231,118.32,1.97,3.88
2000-07-20,284.0,286.16,282.95,283.32,137972,114.6,2.02,4.17
2000-07-21,285.38,285.97,282.14,283.62,70362,116.96,1.92,4.14
2000-07-24,285.0,287.19,283.47,284.53,93413,109.99,2.38,3.89
2000-07-25,283.36,284.9,283.01,283.49,165109,116.45,2.54,4.44
2000-07-26,282.68,283.87,280.85,282.39,201144,116.24,2.34,4.04
2000-07-27,283.98,284.37,282.7,282.92,50001,120.0,1.98,4.27
2000-07-28,282.6,283.33,282.13,283.26,99917,115.79,2.21,4.12
2000-07-31,283.13,284.73,281.56,283.69,110102,116.61,2.54,4.07
2000-08-01,283.81,284.58,281.64,284.07,54013,117.07,2.25,4.16
2000-08-02,281.74,284.01,281.73,283.53,136085,115.81,2.13,4.14
2000-08-03,283.93,284.08,282.96,283.81,103414,119.07,1.95,4.17
2000-08-04,282.54,284.51,281.63,284.15,106687,112.28,2.23,4.08
2000-08-07,283.76,284.8,283.42,283.71,68389,120.0,2.16,4.05
2000-08-08,286.2,287.22,284.77,285.46,116442,117.18,2.31,4.35
2000-08-09,285.55,287.13,285.25,285.96,138038,120.0,2.46,4.2
2000-08-10,286.39,288.49,283.18,284.96,103872,110.36,2.27,4.19
2000-08-11,284.37,287.47,283.57,285.62,80372,111.11,2.38,4.07
2000-08-14,285.97,286.36,284.4,284.95,82915,116.5,2.46,4.44
2000-08-15,286.31,287.19,285.17,285.73,107813,118.46,2.03,4.19
2000-08-16,285.37,287.7,285.05,286.85,100661,115.77,2.81,3.92
2000-08-17,288.51,290.22,285.71,286.18,141765,118.64,2.16,4.25
2000-08-18,287.07,288.41,286.22,287.12,81462,119.6,2.47,4.1
2000-08-21,286.95,288.28,285.89,287.7,60636,118.79,2.06,4.35
2000-08-22,287.3,289.78,286.66,288.52,113977,117.35,2.37,4.37
2000-08-23,290.13,292.32,290.01,290.33,81551,117.26,2.38,4.35
2000-08-24,290.06,290.78,289.9,290.18,135059,115.49,2.76,4.15
2000-08-25,289.65,290.71,288.52,289.56,99013,116.91,2.29,4.2
2000-08-28,288.7,290.37,287.63,288.96,128274,114.51,2.67,4.26
2000-08-29,288.84,289.28,285.19,288.29,65793,115.14,2.42,4.35
2000-08-30,287.96,289.27,287.64,288.29,104543,118.38,2.81,4.07
2000-08-31,287.0,289.3,286.74,288.68,74629,115.93,1.9,4.24
2000-09-01,288.87,290.0,288.1,289.0,60587,115.23,2.47,4.5
2000-09-04,287.9,290.64,287.83,289.96,69951,118.16,1.68,4.15
2000-09-05,290.36,291.86,289.21,290.05,79396,117.98,2.34,4.22
2000-09-06,290.6,292.36,289.34,291.45,162409,116.44,2.61,4.62
2000-09-07,291.43,291.57,290.98,291.29,78560,116.61,2.72,4.19
2000-09-08,295.03,295.95,292.81,293.87,59360,117.92,2.54,4.0
2000-09-11,293.82,295.03,292.09,294.66,104046,119.27,2.28,4.22
2000-09-12,294.87,294.93,290.98,293.94,99874,117.38,2.49,4.48
2000-09-13,292.64,293.94,291.25,293.02,81078,113.93,2.99,4.39
2000-09-14,295.09,296.22,293.54,293.54,92550,116.34,2.38,4.09
2000-09-15,293.09,293.75,292.12,293.41,145872,115.88,2.6,4.3
2000-09-18,293.54,295.28,293.34,294.28,129092,114.23,2.25,4.21
2000-09-19,295.41,296.36,294.7,294.8,124703,118.09,2.63,4.36
2000-09-20,294.42,295.91,293.9,294.8,61483,118.28,2.59,4.15
2000-09-21,293.35,294.19,291.59,294.09,313206,118.69,2.21,4.32
2000-09-22,292.35,293.87,291.79,292.77,150316,114.45,2.56,4.53
2000-09-25,292.53,294.33,291.87,292.57,121395,117.33,2.57,3.85
2000-09-26,294.61,295.47,291.92,293.43,61961,116.88,2.55,4.33
2000-09-27,292.0,296.23,291.52,293.7,144219,117.66,2.36,4.44
2000-09-28,292.65,293.83,292.19,292.63,80785,117.25,2.67,4.01
2000-09-29,293.41,294.68,292.05,292.86,91335,116.89,2.13,4.14
2000-10-02,293.6,294.45,292.54,293.43,50397,116.57,2.37,4.19
2000-10-03,293.84,294.86,292.17,292.69,60078,119.69,2.4,4.14
2000-10-04,292.84,293.78,291.13,292.9,117644,114.76,2.66,4.13
2000-10-05,292.87,293.09,291.51,293.03,147634,116.48,2.13,4.2
2000-10-06,292.57,293.25,291.81,292.05,129827,119.66,2.43,4.38
2000-10-09,292.68,293.46,289.98,292.59,128069,114.9,2.25,4.48
2000-10-10,292.84,294.29,289.9,293.18,96191,115.01,2.4,4.45
2000-10-11,294.72,295.88,294.24,294.26,83894,118.7,2.47,4.41
2000-10-12,294.74,296.4,294.37,295.32,110808,113.27,2.06,4.54
2000-10-13,293.57,294.24,292.96,294.11,137113,118.52,2.69,4.57
2000-10-16,292.99,293.7,292.55,293.45,98907,115.67,2.48,4.29
2000-10-17,295.2,296.32,293.55,294.01,160187,117.9,2.16,4.48
2000-10-18,291.71,294.87,290.6,294.56,90578,113.8,2.29,4.33
2000-10-19,295.46,298.13,294.02,295.11,66695,119.8,2.75,4.23
2000-10-20,298.82,299.42,298.42,298.79,98307,113.65,2.48,4.26
2000-10-23,298.03,300.06,295.61,299.54,102990,118.48,2.14,4.42
2000-10-24,300.97,301.65,300.42,300.69,95529,113.69,2.19,4.49
2000-10-25,302.1,302.78,301.47,301.67,164762,120.0,2.54,4.36
2000-10-26,302.91,303.72,301.23,302.37,136232,116.38,2.57,4.21
2000-10-27,299.74,303.02,299.14,302.15,55693,120.0,2.47,4.2
2000-10-30,304.33,306.56,301.84,303.09,182361,114.49,2.31,4.0
2000-10-31,301.76,302.84,300.7,302.43,32972,115.45,2.59,4.33
2000-11-01,302.9,303.65,301.97,302.28,233376,119.59,2.31,4.32
2000-11-02,302.57,303.28,301.46,301.89,87998,113.01,2.17,4.12
2000-11-03,301.26,302.67,299.24,302.05,91507,114.82,2.79,4.35
2000-11-06,305.08,306.76,303.17,304.48,96374,117.72,2.51,4.35
2000-11-07,302.42,304.31,301.47,302.77,115160,114.0,2.19,4.06
2000-11-08,301.62,304.31,298.54,303.5,98705,117.82,2.43,4.24
2000-11-09,303.1,303.78,301.68,302.04,93586,117.0,2.4,4.5
2000-11-10,300.97,301.69,300.01,301.67,166636,112.8,2.31,4.19
2000-11-13,302.15,303.25,300.83,302.92,123777,118.96,2.45,4.29
2000-11-14,302.69,304.87,302.68,303.06,67270,113.38,2.16,4.31
2000-11-15,302.36,302.84,301.79,302.11,132756,118.5,2.61,4.29
2000-11-16,301.46,301.63,301.33,301.51,121739,116.91,2.39,4.4
2000-11-17,302.73,303.49,301.57,302.23,79371,115.43,1.99,4.43
2000-11-20,300.54,302.58,298.99,301.75,135517,113.82,2.34,4.49
2000-11-21,301.36,303.15,301.18,302.04,92685,117.4,2.25,4.25
2000-11-22,302.05,302.25,300.99,302.16,90339,114.39,1.65,4.38
2000-11-23,303.33,303.61,300.51,301.61,89360,119.61,2.36,4.42
2000-11-24,303.63,306.36,302.1,303.73,37374,119.62,2.66,4.28
2000-11-27,305.55,306.07,302.99,304.56,79963,120.0,2.38,4.19
2000-11-28,302.73,303.95,301.5,302.7,131303,117.25,2.58,4.32
2000-11-29,302.52,303.47,300.83,302.95,97834,115.53,2.41,4.21
2000-11-30,302.18,303.29,301.99,302.4,59037,115.82,2.29,4.2
2000-12-01,303.14,306.05,302.54,303.29,145197,115.6,2.22,4.34
2000-12-04,303.3,305.51,302.65,302.75,87602,117.17,2.09,4.28
2000-12-05,303.97,304.54,302.62,302.72,60558,117.64,2.64,4.34
2000-12-06,303.61,304.99,302.49,303.28,238566,119.61,2.59,4.08
2000-12-07,305.27,307.99,303.51,304.18,64778,116.54,2.34,4.28
2000-12-08,302.24,304.07,301.79,303.11,140336,113.03,1.9,3.97
2000-12-11,302.63,303.58,301.22,303.01,72567,115.52,2.53,4.16
2000-12-12,301.98,302.92,301.16,302.64,104227,120.0,2.19,4.3
2000-12-13,302.38,302.97,302.03,302.09,68811,112.68,2.45,4.5
2000-12-14,303.53,306.95,303.15,303.85,60130,118.35,2.03,4.4
2000-12-15,304.98,305.46,302.97,304.32,121647,115.51,2.44,4.33
2000-12-18,302.48,303.99,301.08,303.33,116089,114.32,2.38,4.26
2000-12-19,304.32,306.27,301.93,304.28,156038,117.48,1.81,4.28
2000-12-20,307.04,308.0,305.64,306.4,97367,120.0,2.82,4.52
2000-12-21,305.58,308.55,304.83,307.48,239939,117.22,2.34,4.16
2000-12-22,308.04,311.34,305.89,306.09,109901,115.77,2.35,4.22
2000-12-25,305.58,306.2,302.19,305.84,123835,113.19,2.55,4.49
2000-12-26,305.28,308.25,303.09,307.14,57332,116.14,2.41,4.28
2000-12-27,306.68,307.43,305.7,306.54,77216,113.08,2.51,4.62
2000-12-28,307.08,309.71,306.1,307.05,121524,115.61,2.14,4.43
2000-12-29,307.8,308.19,307.76,307.87,95445,116.2,2.39,4.5
2001-01-01,308.04,308.22,305.71,307.13,106411,110.48,1.95,4.09
2001-01-02,307.83,309.51,304.9,307.15,71210,119.86,2.36,4.49
2001-01-03,304.38,304.73,303.0,304.1,103650,113.4,2.79,4.21
2001-01-04,303.61,306.01,302.57,303.2,103509,116.07,2.05,4.44
2001-01-05,302.94,303.88,302.06,303.04,61563,117.87,2.34,4.28
2001-01-08,303.67,304.55,301.97,302.06,127646,119.84,1.9,4.37
2001-01-09,302.35,305.35,300.69,303.7,50009,114.53,2.43,4.17
2001-01-10,302.54,303.77,300.25,302.41,106265,110.29,2.55,4.08
2001-01-11,302.13,302.32,301.59,302.07,200032,119.27,2.53,4.36
2001-01-12,303.01,303.69,301.81,302.27,129601,113.44,2.28,4.3
2001-01-15,303.09,304.4,303.0,303.86,129277,117.4,1.9,4.21
2001-01-16,300.99,303.62,299.81,302.57,68942,117.61,2.12,4.09
2001-01-17,303.9,306.81,300.81,303.76,200310,108.38,2.75,3.95
2001-01-18,304.1,304.52,302.19,303.85,171217,112.47,2.65,4.43
2001-01-19,304.34,304.52,302.76,302.98,70443,115.39,2.41,4.31
2001-01-22,302.49,304.33,300.57,303.64,81641,110.05,2.48,4.26
2001-01-23,304.96,305.9,302.44,303.91,163058,113.16,2.18,4.38
2001-01-24,305.57,305.62,303.32,303.41,202492,116.83,2.76,4.51
2001-01-25,303.21,305.16,302.82,303.56,59523,116.3,2.26,4.39
2001-01-26,302.09,305.61,300.27,303.27,66073,117.28,2.55,4.29
2001-01-29,303.22,304.96,302.07,303.59,93198,117.64,2.11,4.68
2001-01-30,304.32,307.23,302.27,304.3,41421,112.28,2.4,4.26
2001-01-31,306.42,307.31,305.63,305.91,99470,113.22,2.75,4.15
2001-02-01,304.25,305.02,302.4,304.79,158624,118.37,2.2,4.38
2001-02-02,308.36,308.58,306.92,306.93,55522,120.0,2.63,4.32
2001-02-05,304.24,305.57,303.83,305.26,103864,114.04,2.17,4.51
2001-02-06,303.6,306.62,303.56,305.2,78220,117.1,2.22,4.29
2001-02-07,306.86,307.46,305.19,305.84,190227,118.45,2.44,4.34
2001-02-08,304.1,306.9,303.77,306.19,78596,117.01,2.69,4.24
2001-02-09,305.48,306.09,303.79,305.67,181243,115.82,2.37,4.49
2001-02-12,308.54,310.94,302.86,305.69,77731,114.84,2.6,4.39
2001-02-13,305.28,306.2,303.76,305.29,134385,120.0,2.73,4.33
2001-02-14,303.78,306.32,302.89,304.8,109182,116.71,2.26,4.35
2001-02-15,305.64,306.41,304.32,305.7,93404,117.41,2.07,4.37
2001-02-16,306.07,307.41,304.22,306.12,71954,117.23,2.36,4.16
2001-02-19,305.82,306.2,304.13,305.67,112334,114.41,2.77,4.55
2001-02-20,307.22,307.36,305.89,306.61,82767,116.53,2.25,4.54
2001-02-21,306.03,309.0,305.25,306.99,74913,115.58,2.71,4.38
2001-02-22,309.41,310.7,306.21,307.85,177919,115.51,2.39,4.37
2001-02-23,308.77,309.02,306.58,308.54,122885,117.13,2.89,4.23
2001-02-26,308.63,309.17,305.32,307.96,127702,114.07,3.02,4.64
2001-02-27,306.92,308.14,306.08,307.5,84403,113.36,2.71,4.61
2001-02-28,309.49,310.05,307.98,308.3,91638,117.6,2.05,4.44
2001-03-01,308.73,311.55,308.2,308.97,89372,114.99,1.86,4.51
2001-03-02,309.29,310.89,307.7,309.03,112972,115.45,2.47,4.57
2001-03-05,308.5,311.17,306.12,309.36,127608,111.48,2.69,4.54
2001-03-06,309.76,312.2,308.79,310.69,97528,118.66,2.59,4.26
2001-03-07,310.83,313.2,308.68,310.19,71893,117.58,2.28,4.34
2001-03-08,310.39,312.78,308.87,310.81,133816,118.02,2.09,4.46
2001-03-09,309.89,311.77,309.67,310.69,100043,117.22,2.7,4.42
2001-03-12,310.1,312.55,309.45,310.7,55473,112.47,2.93,4.51
2001-03-13,312.51,314.85,311.52,311.85,42019,116.79,2.3,4.49
2001-03-14,312.16,314.76,310.71,312.75,111208,114.66,2.67,4.43
2001-03-15,313.52,314.24,312.17,313.63,70842,113.74,3.12,4.01
2001-03-16,315.02,315.26,314.85,315.0,117292,117.35,2.42,4.58
2001-03-19,313.43,317.25,312.24,315.25,72384,120.0,2.43,4.53
2001-03-20,314.61,316.24,312.28,316.01,104117,119.8,2.61,4.71
2001-03-21,316.1,316.87,315.01,315.78,84849,117.63,2.4,4.33
2001-03-22,315.48,316.57,312.39,316.18,198941,115.98,2.81,4.13
2001-03-23,317.13,317.73,314.85,316.13,144368,115.52,2.37,4.38
2001-03-26,317.37,317.93,316.24,316.45,169213,113.79,2.47,4.48
2001-03-27,317.81,318.04,315.72,317.13,99669,115.35,2.11,4.34
2001-03-28,318.12,320.61,314.79,316.39,137165,118.32,2.42,4.62
2001-03-29,318.49,319.74,317.88,318.57,102401,120.0,2.22,4.31
2001-03-30,318.26,320.07,316.55,317.64,177697,113.97,2.56,4.4
2001-04-02,316.1,316.89,314.85,316.65,95891,111.05,2.06,4.38
2001-04-03,320.23,320.64,316.21,317.89,56443,114.67,2.72,4.83
2001-04-04,320.66,322.1,318.56,318.77,44380,118.23,2.26,4.28
2001-04-05,319.49,320.93,318.4,319.48,192398,120.0,2.92,4.5
2001-04-06,320.56,320.85,319.62,320.19,119539,119.19,2.82,4.24
2001-04-09,321.71,321.89,319.6,320.41,122725,119.12,2.62,4.47
2001-04-10,319.44,320.15,318.2,319.59,179128,113.81,2.1,4.28
2001-04-11,319.11,319.87,318.98,319.74,50985,113.88,2.33,4.59
2001-04-12,319.98,320.22,318.41,319.14,85524,112.64,2.26,4.56
2001-04-13,320.28,322.07,319.58,320.21,89820,114.25,2.29,4.46
2001-04-16,320.46,320.7,320.28,320.29,132841,118.2,2.88,4.22
2001-04-17,318.74,321.23,318.66,319.54,74827,120.0,2.45,4.42
2001-04-18,317.65,319.51,317.55,319.3,61050,116.81,2.32,4.38
2001-04-19,320.02,321.78,318.13,319.79,60831,115.29,2.3,4.55
2001-04-20,320.17,320.53,319.1,319.31,156336,113.28,2.35,4.3
2001-04-23,318.49,320.2,317.75,318.71,73349,115.69,2.62,4.61
2001-04-24,320.41,320.57,317.31,319.03,79157,116.47,2.08,4.58
2001-04-25,318.69,320.42,318.22,319.36,127236,112.29,2.52,4.23
2001-04-26,317.92,319.69,317.15,318.93,74639,118.26,2.6,4.4
2001-04-27,318.48,318.73,318.19,318.54,49912,114.92,2.06,4.43
2001-04-30,318.92,321.18,317.84,319.0,52434,118.11,2.14,4.59
2001-05-01,318.37,319.85,316.43,317.63,96497,115.98,2.48,4.34
2001-05-02,315.57,316.5,315.46,316.31,120442,116.8,2.85,4.47
2001-05-03,316.97,317.88,313.39,315.67,91044,114.32,2.8,4.61
2001-05-04,317.4,317.9,313.61,315.54,117263,115.22,2.34,4.48
2001-05-07,316.04,316.12,314.32,316.08,51785,117.67,2.85,4.17
2001-05-08,318.82,319.28,316.98,317.63,53203,115.68,2.42,4.37
2001-05-09,317.56,319.55,315.86,318.57,243184,113.21,2.42,4.58
2001-05-10,319.52,321.35,318.19,318.49,161637,116.26,2.52,4.57
2001-05-11,319.55,320.58,317.03,318.55,134267,116.94,2.71,4.11
2001-05-14,318.6,319.77,316.87,317.78,75819,119.43,2.35,4.48
2001-05-15,317.82,319.01,316.95,317.84,89751,118.88,2.4,4.59
2001-05-16,314.82,318.33,314.02,317.63,98649,115.85,2.19,4.53
2001-05-17,317.42,319.49,316.76,318.04,166998,114.62,2.59,4.55
2001-05-18,316.69,319.45,316.14,317.29,115973,115.45,2.74,4.76
2001-05-21,317.1,320.33,316.84,318.04,121828,114.68,2.75,4.45
2001-05-22,319.77,320.07,317.24,319.66,92312,117.2,2.16,4.5
2001-05-23,319.23,320.1,319.0,319.63,135545,118.54,2.41,4.32
2001-05-24,319.32,320.9,317.04,320.12,111405,119.02,2.82,4.37
2001-05-25,319.87,321.6,318.73,320.89,100469,114.86,2.57,4.41
2001-05-28,320.03,320.98,319.28,320.72,73333,114.62,2.52,4.59
2001-05-29,322.11,323.72,319.51,321.03,94331,114.84,2.51,4.35
2001-05-30,320.48,321.51,319.7,321.12,64099,111.05,2.65,4.65
2001-05-31,320.8,322.01,319.26,321.3,97143,112.87,2.58,4.3
2001-06-01,320.16,321.53,318.65,320.6,102289,115.82,2.37,4.56
2001-06-04,321.18,321.63,319.25,320.86,37729,116.84,2.73,4.55
2001-06-05,321.88,322.23,320.8,321.44,90026,117.1,2.21,4.51
2001-06-06,320.05,324.28,318.21,323.0,61675,113.87,2.85,4.62
2001-06-07,325.05,325.14,323.4,324.06,120506,114.55,2.29,4.36
2001-06-08,327.75,328.36,325.72,326.35,127371,115.03,2.65,4.4
2001-06-11,324.76,326.03,324.15,325.79,83238,114.77,2.48,4.33
2001-06-12,325.82,329.05,325.53,326.77,122959,117.41,2.4,4.48
2001-06-13,326.6,327.28,324.99,327.04,125044,112.41,2.86,4.46
2001-06-14,328.64,330.3,328.21,329.39,90049,112.72,2.71,4.61
2001-06-15,328.86,329.3,327.0,328.64,182355,114.88,2.51,4.54
2001-06-18,326.09,330.0,325.49,328.0,73863,112.23,2.96,4.59
2001-06-19,326.37,327.81,324.79,327.47,177823,110.91,2.77,4.45
2001-06-20,326.87,327.51,324.94,325.37,90212,112.0,2.32,4.55
2001-06-21,324.01,325.94,323.85,324.91,70450,115.15,1.96,4.76
2001-06-22,325.43,328.48,323.5,324.22,85766,117.35,2.55,4.28
2001-06-25,324.95,325.14,323.06,324.6,63592,117.39,2.87,4.21
2001-06-26,323.27,326.39,321.12,325.04,135107,119.72,2.68,4.59
2001-06-27,327.67,328.78,325.39,327.05,51994,115.93,2.92,4.36
2001-06-28,328.0,330.56,326.1,328.11,172102,116.23,2.38,4.28
2001-06-29,327.15,328.02,326.68,327.6,67890,115.03,2.5,4.57
2001-07-02,327.15,328.25,326.25,326.91,137952,115.18,2.51,4.34
2001-07-03,327.96,329.58,327.29,327.5,99677,120.0,2.59,4.73
2001-07-04,326.91,328.24,326.17,326.22,110009,116.36,2.72,4.52
2001-07-05,329.35,329.52,326.31,328.19,77962,116.51,2.94,4.47
2001-07-06,329.9,330.82,327.96,329.5,113677,112.73,2.99,4.38
2001-07-09,327.89,329.35,327.18,329.25,104191,116.63,2.95,4.53
2001-07-10,327.09,328.16,325.22,327.56,55096,117.31,2.7,4.26
2001-07-11,331.95,333.15,326.82,329.04,67171,118.39,2.45,4.13
2001-07-12,329.72,330.16,328.69,329.01,79509,117.19,2.59,4.27
2001-07-13,332.73,333.23,329.21,330.38,72984,115.25,2.7,4.68
2001-07-16,330.33,331.07,328.85,328.96,162937,115.19,2.57,4.37
2001-07-17,328.66,329.79,325.9,328.42,98993,115.45,2.31,4.29
2001-07-18,328.81,329.31,327.09,328.51,72296,115.9,2.42,4.5
2001-07-19,328.61,329.74,327.02,328.64,81120,118.79,2.76,4.84
2001-07-20,326.55,328.5,325.68,328.26,80677,118.32,2.48,4.67
2001-07-23,329.16,330.41,328.22,329.14,87972,117.49,2.55,4.39
2001-07-24,329.31,331.13,327.43,328.12,64207,120.0,2.52,4.39
2001-07-25,327.47,330.8,326.91,328.06,71284,109.0,2.32,4.4
2001-07-26,328.67,330.65,326.23,328.26,134140,114.49,2.5,4.38
2001-07-27,329.72,330.39,327.71,328.88,106312,115.59,2.43,4.6
2001-07-30,328.95,330.65,326.64,329.85,92880,113.9,2.37,4.47
2001-07-31,328.33,330.19,326.92,328.77,98819,113.29,2.28,4.35
2001-08-01,326.27,328.23,324.15,327.27,96933,111.38,2.52,4.32
2001-08-02,327.86,329.04,327.59,328.67,90793,114.84,2.7,4.87
2001-08-03,327.83,331.19,327.59,329.1,121399,117.84,2.83,4.63
2001-08-06,327.67,330.43,325.16,328.56,117861,117.56,2.2,4.4
2001-08-07,331.66,331.87,329.05,330.25,52643,113.69,2.95,4.71
2001-08-08,329.55,330.98,327.65,330.46,93655,116.11,2.62,4.36
2001-08-09,331.9,332.4,331.39,331.77,54050,118.91,2.27,4.51
2001-08-10,331.43,334.6,330.13,331.93,127290,111.71,2.45,4.49
2001-08-13,335.51,336.31,334.16,334.33,134197,115.03,2.08,4.56
2001-08-14,337.59,337.95,335.47,336.27,77318,116.08,2.15,4.39
2001-08-15,336.96,337.22,335.15,336.09,94211,115.4,2.99,4.55
2001-08-16,337.52,339.24,336.57,337.21,42422,117.46,2.38,4.27
2001-08-17,337.75,339.85,337.09,337.98,145672,111.56,2.69,4.48
2001-08-20,338.47,340.49,337.21,339.68,131120,112.74,2.53,4.74
2001-08-21,340.71,341.87,337.33,338.74,156378,116.99,2.56,4.69
2001-08-22,338.78,339.94,337.27,339.56,178906,111.0,2.65,4.44
2001-08-23,341.46,341.55,340.75,340.78,60497,117.25,2.04,4.31
2001-08-24,340.06,340.65,337.39,338.98,140817,116.4,2.89,4.21
2001-08-27,337.4,338.43,336.83,337.96,178388,117.16,2.54,4.64
2001-08-28,336.93,338.11,334.67,335.88,54293,114.21,2.44,4.59
2001-08-29,336.46,338.72,334.3,335.69,92181,116.66,2.68,4.6
2001-08-30,338.28,341.54,335.85,336.53,85360,112.43,2.38,4.8
2001-08-31,337.74,338.41,337.64,338.21,138993,114.26,2.62,4.57
2001-09-03,337.23,339.56,336.9,338.53,37889,115.38,2.52,4.58
2001-09-04,339.85,342.37,339.17,340.36,204103,112.98,2.74,4.34
2001-09-05,339.19,341.15,337.91,338.97,94370,115.82,2.51,4.8
2001-09-06,337.3,337.76,336.45,337.24,142406,112.47,2.31,4.53
2001-09-07,336.87,338.21,335.34,337.27,96365,116.0,2.66,4.43
2001-09-10,335.99,339.49,335.88,337.92,120192,119.67,2.5,4.59
2001-09-11,338.45,338.83,337.28,337.97,39004,112.17,2.11,4.86
2001-09-12,337.85,339.02,334.95,335.87,84630,115.32,2.62,4.88
2001-09-13,336.32,336.34,335.44,335.86,138566,111.33,2.44,4.41
2001-09-14,335.18,335.21,334.06,334.56,110801,113.34,2.66,4.74
2001-09-17,336.09,336.92,334.75,335.51,51290,117.15,2.36,4.61
2001-09-18,336.38,336.88,335.38,335.98,101171,114.3,2.27,4.71
2001-09-19,336.01,336.32,334.16,335.08,71146,117.26,2.87,4.61
2001-09-20,335.02,336.1,334.35,334.62,68722,116.31,2.79,4.66
2001-09-21,333.28,333.79,331.39,333.59,53729,115.29,2.57,4.76
2001-09-24,332.97,334.86,332.56,333.76,126434,112.88,2.69,4.31
2001-09-25,334.6,335.64,333.7,334.85,154076,117.13,2.78,4.62
2001-09-26,334.22,334.98,333.13,333.9,230511,116.21,2.58,4.4
2001-09-27,334.2,336.37,331.63,334.52,54741,111.6,2.28,4.5
2001-09-28,334.36,335.86,334.02,334.04,134181,113.03,2.65,4.57
2001-10-01,333.89,334.52,331.37,333.45,137760,108.54,2.83,4.42
2001-10-02,334.26,336.61,333.05,333.42,78260,112.05,2.73,4.49
2001-10-03,333.7,334.04,332.34,332.42,68389,114.71,2.6,4.37
2001-10-04,332.0,335.74,331.33,331.93,63940,112.87,2.72,4.49
2001-10-05,329.46,331.03,329.12,330.76,79942,113.47,2.53,4.66
2001-10-08,332.71,333.23,331.36,333.05,107049,118.95,2.85,4.71
2001-10-09,333.22,336.71,331.72,333.17,170083,118.04,2.92,4.47
2001-10-10,330.69,334.3,329.83,332.53,153604,113.75,2.26,4.78
2001-10-11,334.22,335.18,332.09,332.83,51732,117.46,2.87,4.67
2001-10-12,332.94,333.38,331.29,332.8,72002,118.52,3.15,4.8
2001-10-15,333.19,333.49,331.83,332.81,166018,117.03,2.72,4.32
2001-10-16,334.9,336.63,332.66,333.54,73685,116.2,2.84,4.64
2001-10-17,333.79,335.85,331.59,334.42,96493,118.17,2.43,4.68
2001-10-18,334.52,335.77,332.94,333.95,49905,117.37,2.46,4.33
2001-10-19,333.32,334.87,331.58,333.43,156562,112.43,2.54,4.95
2001-10-22,333.19,333.57,331.89,333.38,45931,114.99,2.49,4.5
2001-10-23,330.29,331.74,329.18,331.05,51168,114.16,2.27,4.68
2001-10-24,331.21,332.44,329.11,329.56,150290,118.47,2.55,4.73
2001-10-25,330.69,332.65,330.51,331.07,212782,114.09,2.8,4.61
2001-10-26,333.57,335.52,332.31,332.87,87882,113.6,2.27,4.81
2001-10-29,330.98,334.43,330.69,332.85,96882,118.05,2.64,4.9
2001-10-30,334.72,335.38,333.45,333.54,141961,116.11,2.63,4.43
2001-10-31,335.0,335.39,333.0,333.95,110832,120.0,2.52,4.62
2001-11-01,337.39,339.03,336.72,337.29,85026,113.18,2.72,4.74
2001-11-02,338.34,338.9,338.12,338.57,81293,113.99,2.7,4.36
2001-11-05,339.08,340.01,338.6,338.67,52747,118.09,2.51,4.77
2001-11-06,340.06,342.55,337.16,337.74,108355,112.12,2.87,4.86
2001-11-07,334.35,337.55,333.45,336.12,95152,118.67,2.74,4.8
2001-11-08,337.21,338.15,334.38,336.43,82856,112.34,3.0,4.67
2001-11-09,334.79,337.32,333.35,335.71,66123,116.91,2.59,4.84
2001-11-12,334.43,335.63,332.95,334.45,68857,110.82,2.52,4.67
2001-11-13,333.61,334.6,333.52,333.85,126418,115.56,2.55,4.41
2001-11-14,332.38,333.62,331.81,332.8,140458,112.06,2.9,4.54
2001-11-15,334.65,335.49,334.3,334.66,86608,120.0,2.57,4.58
2001-11-16,334.54,338.17,334.18,335.68,83034,112.71,2.59,4.61
2001-11-19,336.95,337.01,335.16,335.91,70160,113.31,3.1,4.6
2001-11-20,335.75,337.97,334.26,337.57,143591,116.66,2.27,4.57
2001-11-21,338.28,339.16,337.7,337.73,99947,113.81,2.7,4.65
2001-11-22,336.58,338.16,336.24,336.91,114366,117.09,2.59,4.85
2001-11-23,337.42,339.26,336.89,338.61,113935,113.51,2.55,4.65
2001-11-26,339.64,339.93,339.13,339.43,87283,113.29,2.37,4.72
2001-11-27,336.83,339.48,336.13,338.41,61935,115.23,2.45,4.3
2001-11-28,338.33,340.28,337.52,338.29,66273,112.26,2.51,4.64
2001-11-29,336.01,339.16,334.74,337.45,154995,116.32,2.74,4.79
2001-11-30,336.53,338.14,332.76,336.07,73845,117.57,2.83,4.81
2001-12-03,336.35,338.12,335.95,337.29,83772,116.71,2.17,4.8
2001-12-04,338.95,339.87,338.7,339.41,62707,116.87,2.32,4.68
2001-12-05,338.3,340.26,337.09,338.0,60692,110.5,2.75,4.69
2001-12-06,337.91,340.21,335.75,338.69,72571,114.13,2.78,4.53
2001-12-07,338.02,339.07,337.29,338.08,193951,114.74,2.25,4.76
2001-12-10,336.27,338.85,334.93,337.81,128439,118.95,2.84,4.54
2001-12-11,337.9,340.09,335.59,337.26,79960,113.88,2.62,4.74
2001-12-12,338.21,340.91,334.29,336.43,152230,109.61,2.81,4.64
2001-12-13,339.39,340.41,335.17,336.57,92881,112.85,2.41,4.64
2001-12-14,335.87,336.92,335.74,335.78,169691,113.73,2.27,4.79
2001-12-17,337.1,337.88,334.99,336.3,239113,109.97,2.55,4.73
2001-12-18,334.54,338.95,332.6,336.33,148934,117.79,2.56,4.69
2001-12-19,337.68,338.04,335.77,336.17,102520,111.45,2.54,4.57
2001-12-20,336.07,337.22,334.04,335.29,130577,116.51,2.53,4.89
2001-12-21,334.28,334.91,333.36,334.77,99312,112.68,3.05,4.7
2001-12-24,337.05,337.41,333.11,335.81,47363,119.15,2.2,4.76
2001-12-25,336.17,338.66,335.6,336.42,75974,114.67,2.42,4.66
2001-12-26,335.01,336.2,333.77,335.47,67464,114.19,2.52,4.55
2001-12-27,336.14,338.1,334.56,335.67,75303,116.71,2.64,4.7
2001-12-28,335.47,336.89,335.34,336.55,202292,112.84,2.81,4.56
2001-12-31,336.05,337.19,334.43,335.02,154640,116.85,2.85,4.72
2002-01-01,334.62,336.46,334.28,335.68,117754,114.18,2.9,4.17
2002-01-02,334.01,335.2,333.79,335.07,136617,113.92,2.75,4.6
2002-01-03,334.84,336.6,334.08,335.75,46311,115.16,2.2,4.65
2002-01-04,335.8,337.28,334.86,335.03,132094,112.68,2.22,4.51
2002-01-07,332.76,334.97,331.82,333.37,143752,114.99,2.92,4.71
2002-01-08,330.41,332.48,330.18,331.75,40299,116.37,2.91,4.6
2002-01-09,331.28,332.07,330.84,331.89,134066,109.74,2.8,4.66
2002-01-10,332.21,332.64,330.53,332.24,55846,118.23,2.43,4.58
2002-01-11,330.21,332.16,327.1,331.38,44891,117.57,2.56,4.81
2002-01-14,331.14,334.22,329.9,332.29,167799,110.86,2.54,4.75
2002-01-15,332.73,334.22,328.25,330.64,65984,110.53,2.38,4.71
2002-01-16,329.8,331.0,329.39,330.65,74133,117.66,2.7,4.68
2002-01-17,329.16,329.8,328.14,329.48,146655,117.51,3.18,5.05
2002-01-18,328.52,328.96,325.73,328.89,87369,117.17,2.52,4.65
2002-01-21,328.75,330.88,327.43,329.17,91851,112.04,2.97,4.57
2002-01-22,328.98,330.12,326.58,328.36,91050,120.0,2.42,4.5
2002-01-23,328.98,329.96,327.78,328.05,113441,113.76,2.26,4.81
2002-01-24,328.87,330.06,325.69,329.18,90171,116.2,2.89,4.92
2002-01-25,327.44,329.59,326.84,328.66,103326,116.25,2.59,4.55
2002-01-28,331.02,331.52,327.53,329.76,80706,119.57,2.96,4.64
2002-01-29,328.58,330.36,328.25,328.68,113632,115.94,3.01,4.63
2002-01-30,331.02,332.15,327.51,329.31,111919,116.64,2.58,4.66
2002-01-31,328.66,332.4,325.94,330.89,210903,115.35,2.98,4.42
2002-02-01,328.6,329.01,328.27,328.41,84753,112.64,2.43,4.8
2002-02-04,329.71,330.45,327.11,327.82,91705,109.86,2.43,4.86
2002-02-05,328.15,329.63,326.42,328.5,108611,115.71,2.92,4.4
2002-02-06,328.15,329.05,327.75,328.37,145186,112.1,2.26,4.95
2002-02-07,329.13,329.72,328.74,328.84,63790,116.49,2.65,4.93
2002-02-08,327.75,329.41,325.09,328.3,102891,116.01,2.96,4.23
2002-02-11,328.32,330.92,326.62,328.63,36201,115.94,2.98,4.36
2002-02-12,328.22,330.05,328.14,328.55,88555,112.99,2.55,4.67
2002-02-13,329.22,331.12,326.83,329.84,151613,118.17,2.91,4.89
2002-02-14,331.41,333.1,329.63,330.19,73831,116.76,2.37,4.74
2002-02-15,331.09,331.27,330.22,330.63,105951,112.6,2.49,4.7
2002-02-18,330.68,331.88,329.76,330.44,79892,120.0,2.72,4.78
2002-02-19,330.81,331.16,329.23,330.01,69999,115.05,2.75,4.58
2002-02-20,329.39,330.1,328.86,329.65,145596,112.25,2.4,4.89
2002-02-21,329.37,330.71,328.61,330.14,64984,113.68,3.12,4.68
2002-02-22,329.19,332.43,329.13,329.79,110988,111.81,2.19,4.45
2002-02-25,330.33,330.91,328.94,330.33,111674,118.96,2.68,4.58
2002-02-26,331.52,333.65,329.06,332.58,70212,118.19,2.71,4.76
2002-02-27,333.07,334.59,332.35,333.58,105058,117.3,2.23,4.66
2002-02-28,332.8,334.71,332.62,333.32,67915,116.84,2.99,4.65
2002-03-01,336.8,339.03,332.99,334.67,121627,118.54,2.48,4.74
2002-03-04,331.69,335.5,331.56,334.48,58338,114.82,2.69,4.76
2002-03-05,332.24,334.34,331.98,332.42,86176,116.55,2.75,4.52
2002-03-06,333.17,333.49,330.94,331.45,89222,113.5,2.3,4.89
2002-03-07,329.71,329.96,329.23,329.59,154073,115.21,2.4,4.69
2002-03-08,330.05,332.87,328.24,329.31,104403,116.73,3.06,4.77
2002-03-11,329.66,329.99,326.95,329.56,144640,107.89,2.65,4.73
2002-03-12,330.73,332.33,327.83,331.39,123238,113.98,2.0,4.65
2002-03-13,329.59,332.19,329.46,331.82,122923,115.93,2.59,4.85
2002-03-14,331.88,333.38,331.23,331.67,86441,115.33,2.66,4.73
2002-03-15,331.85,334.3,329.76,332.63,148503,114.36,2.73,4.73
2002-03-18,329.76,331.31,329.56,330.55,85607,117.03,2.17,4.35
2002-03-19,330.39,332.37,329.49,330.88,49417,113.78,2.67,4.84
2002-03-20,333.51,335.13,330.27,331.77,90588,112.46,2.47,4.7
2002-03-21,332.7,333.25,329.9,330.31,118348,118.53,2.73,4.84
2002-03-22,331.81,333.06,330.06,331.59,51914,118.13,2.8,4.97
2002-03-25,331.72,332.25,330.77,332.18,69283,114.01,2.78,4.85
2002-03-26,330.66,332.99,330.49,331.83,60340,115.34,3.03,4.74
2002-03-27,333.05,333.27,330.49,332.58,135223,117.6,3.22,4.69
2002-03-28,336.85,338.37,332.36,335.05,192749,115.52,2.39,5.11
2002-03-29,335.08,335.56,333.39,335.33,90773,116.72,2.58,4.8
2002-04-01,333.44,336.03,333.19,335.83,122102,116.57,2.87,4.76
2002-04-02,336.11,336.23,334.75,335.43,120838,114.6,2.65,4.71
2002-04-03,335.61,336.69,334.09,334.62,183784,116.71,2.0,4.6
2002-04-04,333.99,336.48,332.14,335.58,76037,112.98,2.63,4.44
2002-04-05,334.94,337.89,334.07,334.77,90404,116.4,2.99,4.96
2002-04-08,335.53,336.17,334.1,335.08,86136,115.22,2.33,4.62
2002-04-09,334.59,335.98,333.15,334.66,101737,114.52,2.74,4.71
2002-04-10,334.46,335.85,332.83,335.25,268801,112.28,2.21,4.72
2002-04-11,336.71,337.58,332.66,335.69,99939,115.71,2.9,4.96
2002-04-12,336.47,338.41,335.66,336.88,70130,115.44,2.75,4.63
2002-04-15,335.08,337.24,333.71,336.58,62205,113.26,2.55,4.78
2002-04-16,334.31,336.57,334.11,336.38,162927,111.37,2.58,4.82
2002-04-17,336.69,336.86,332.72,335.43,70003,111.28,2.31,4.54
2002-04-18,335.66,338.11,332.3,335.04,128725,114.77,2.94,4.52
2002-04-19,335.61,336.89,332.61,335.53,75216,116.16,2.49,4.64
2002-04-22,336.12,338.96,335.29,336.57,59475,119.98,2.82,4.79
2002-04-23,335.14,335.72,334.98,335.68,125753,115.27,2.45,4.77
2002-04-24,335.6,339.16,335.11,336.68,76703,111.29,3.24,4.73
2002-04-25,337.77,338.45,337.58,338.21,117028,114.78,3.08,4.85
2002-04-26,336.58,340.04,335.24,338.74,120537,118.41,3.21,4.63
2002-04-29,340.24,341.49,339.38,340.99,122823,113.5,3.24,4.73
2002-04-30,339.93,342.25,339.68,340.25,88675,118.03,2.54,4.74
2002-05-01,339.62,339.85,338.69,339.0,129893,115.71,2.47,4.63
2002-05-02,337.15,338.35,335.74,337.19,68253,116.95,3.2,5.1
2002-05-03,339.68,340.35,337.14,338.87,36988,119.93,2.66,4.44
2002-05-06,341.19,342.25,339.21,339.81,130974,110.65,2.91,4.95
2002-05-07,340.92,342.36,338.46,339.84,105475,117.49,2.54,4.88
2002-05-08,340.71,341.67,340.07,340.23,77340,115.0,2.55,4.88
2002-05-09,339.12,340.15,336.9,339.11,54805,112.9,2.91,4.78
2002-05-10,340.82,343.0,339.4,341.82,43711,114.93,2.21,4.97
2002-05-13,342.96,344.45,340.72,342.2,100780,119.4,2.9,4.7
2002-05-14,344.14,345.76,341.17,342.41,190901,118.5,2.83,4.83
2002-05-15,343.63,344.12,343.1,343.28,93393,110.13,2.57,4.78
2002-05-16,345.87,346.3,341.77,343.89,85431,113.19,2.71,4.74
2002-05-17,342.64,345.16,340.46,344.22,97758,117.46,2.75,4.79
2002-05-20,342.42,343.62,339.26,343.61,236022,115.07,2.76,4.63
2002-05-21,345.09,347.2,343.86,344.21,133353,115.06,2.88,4.68
2002-05-22,346.62,347.97,341.89,346.34,67952,111.11,2.5,5.01
2002-05-23,349.27,352.0,346.8,347.9,99831,113.12,3.38,5.21
2002-05-24,349.73,350.38,348.16,349.74,112755,111.53,2.66,4.86
2002-05-27,348.52,349.58,348.46,349.43,64696,110.8,2.68,4.9
2002-05-28,348.21,349.42,348.09,348.43,133740,111.82,3.2,4.82
2002-05-29,346.78,349.29,346.68,348.38,71173,112.65,2.25,4.85
2002-05-30,347.35,349.7,346.26,348.53,53939,113.06,3.19,4.86
2002-05-31,350.85,353.94,349.22,349.82,101768,112.82,2.73,4.94
2002-06-03,349.12,350.04,347.89,348.21,95524,117.52,2.58,5.02
2002-06-04,350.37,353.61,348.68,349.98,98675,112.65,2.43,4.65
2002-06-05,348.09,350.72,347.93,349.9,72703,118.48,2.4,5.21
2002-06-06,349.14,350.46,347.94,349.52,76876,113.72,2.63,4.81
2002-06-07,347.21,350.13,345.08,348.49,155030,116.06,2.78,4.81
2002-06-10,348.16,348.18,344.34,346.93,117763,116.19,2.87,4.73
2002-06-11,347.31,349.03,345.49,347.92,67325,112.74,2.78,4.73
2002-06-12,346.96,349.09,346.32,348.09,45239,114.16,2.59,4.89
2002-06-13,346.8,347.55,346.3,346.77,68475,113.76,3.05,4.89
2002-06-14,344.78,345.89,342.32,345.44,105126,115.99,3.39,4.88
2002-06-17,346.86,347.1,344.55,345.32,76667,114.74,3.09,4.73
2002-06-18,346.47,348.05,345.6,347.23,74320,113.13,2.63,4.39
2002-06-19,345.58,347.06,345.4,347.04,77989,115.31,2.85,4.53
2002-06-20,343.26,347.1,343.22,345.49,95886,115.91,2.86,4.8
2002-06-21,345.28,346.4,342.67,345.31,135110,119.69,3.12,4.85
2002-06-24,344.68,345.65,342.52,345.26,98699,115.24,2.64,4.74
2002-06-25,340.96,343.72,340.11,342.42,101191,115.19,2.48,4.7
2002-06-26,343.68,344.37,340.47,342.45,90224,116.23,3.01,4.85
2002-06-27,342.98,343.2,342.05,342.29,80842,112.79,2.83,4.79
2002-06-28,343.1,343.68,342.69,343.13,141166,110.82,2.45,4.74
2002-07-01,346.8,348.11,344.97,345.38,132847,114.28,2.9,4.57
2002-07-02,347.39,348.03,344.91,346.7,223711,117.7,3.19,4.68
2002-07-03,345.64,348.34,343.97,346.49,126023,118.11,2.55,4.95
2002-07-04,344.3,346.67,343.57,345.38,80872,110.37,2.51,4.67
2002-07-05,349.13,349.83,348.25,348.28,68743,116.64,2.74,4.91
2002-07-08,349.0,349.22,348.59,348.59,144520,109.5,2.9,5.02
2002-07-09,348.87,349.32,346.59,348.69,71253,116.11,2.71,4.7
2002-07-10,347.87,350.41,346.51,348.76,136474,115.95,3.01,4.75
2002-07-11,349.7,351.41,348.59,349.06,72841,110.64,2.8,4.97
2002-07-12,348.2,350.86,347.47,348.99,113511,117.45,2.98,5.0
2002-07-15,348.51,348.67,348.2,348.61,64608,119.32,2.55,4.72
2002-07-16,349.61,350.39,347.96,348.1,134854,114.82,2.43,4.58
2002-07-17,347.46,350.03,346.52,348.15,60266,115.33,2.65,5.01
2002-07-18,346.01,348.51,344.67,347.65,110104,118.69,2.4,4.91
2002-07-19,345.86,347.4,343.63,346.96,91204,112.2,2.84,4.88
2002-07-22,348.36,348.38,347.12,347.32,102818,112.25,2.23,4.96
2002-07-23,347.4,348.65,346.27,347.13,84261,112.91,2.62,4.65
2002-07-24,348.73,350.15,346.44,348.87,83474,115.04,2.67,4.89
2002-07-25,345.53,346.37,345.49,346.06,105020,115.13,2.48,4.79
2002-07-26,347.84,349.94,346.95,347.34,66114,113.62,2.66,4.92
2002-07-29,348.06,349.29,346.68,348.95,65959,114.2,2.74,4.95
2002-07-30,347.09,348.36,344.8,346.77,85526,113.67,3.06,4.98
2002-07-31,345.72,348.55,345.19,346.48,84205,113.8,2.48,4.92
2002-08-01,345.23,347.92,345.09,346.17,66028,113.12,2.83,4.87
2002-08-02,344.06,345.17,343.84,344.72,142869,113.19,2.88,4.88
2002-08-05,343.74,346.0,341.3,344.12,86354,110.1,2.74,4.89
2002-08-06,342.96,343.06,341.58,343.01,90159,114.58,2.62,4.75
2002-08-07,345.24,345.53,343.68,345.0,58045,110.19,2.46,4.78
2002-08-08,342.27,347.74,341.95,346.1,226082,116.92,3.22,4.9
2002-08-09,346.74,349.73,345.91,347.58,260622,113.59,2.76,4.94
2002-08-12,348.21,349.35,346.18,348.62,72246,114.66,2.67,4.75
2002-08-13,349.04,349.06,345.97,347.47,161205,114.06,3.28,4.68
2002-08-14,345.86,347.77,345.25,346.99,95156,114.4,2.8,4.59
2002-08-15,347.78,348.45,345.69,347.61,187495,118.15,3.38,4.66
2002-08-16,347.92,349.06,345.72,346.36,112926,111.65,2.39,4.77
2002-08-19,346.02,347.59,345.09,347.39,102734,110.94,2.69,4.78
2002-08-20,347.63,349.92,345.76,347.22,36326,115.3,2.41,4.81
2002-08-21,346.06,348.09,345.54,346.9,69463,113.78,2.72,4.67
2002-08-22,347.24,348.47,347.0,347.76,99529,115.89,2.72,4.58
2002-08-23,347.5,350.21,346.31,348.34,106880,116.76,2.64,4.87
2002-08-26,347.43,350.53,345.1,348.19,60722,112.21,2.77,4.87
2002-08-27,352.41,354.26,348.84,349.55,73754,116.44,2.65,4.95
2002-08-28,349.34,350.67,346.57,348.45,123177,112.41,2.73,4.98
2002-08-29,350.37,350.83,349.14,349.22,56767,115.13,2.57,4.92
2002-08-30,350.48,352.33,348.04,349.96,104140,111.82,3.12,4.88
2002-09-02,348.19,352.13,347.94,349.87,161972,115.25,2.48,4.99
2002-09-03,350.74,352.83,349.25,350.32,115172,114.85,2.81,5.08
2002-09-04,350.16,350.51,347.25,349.03,112892,112.19,2.46,4.76
2002-09-05,349.24,351.75,348.95,350.14,43999,111.51,2.55,4.98
2002-09-06,351.04,351.39,348.68,350.02,71056,116.79,2.58,4.77
2002-09-09,350.44,351.45,348.2,349.7,224511,113.79,2.73,4.9
2002-09-10,352.89,353.52,349.49,350.95,77678,117.42,2.81,5.03
2002-09-11,349.82,351.16,348.32,350.26,163699,113.55,2.49,4.83
2002-09-12,347.65,351.46,347.24,348.8,77316,118.21,2.66,4.73
2002-09-13,346.8,347.48,345.68,347.18,88333,112.64,2.51,4.8
2002-09-16,349.59,351.49,348.03,348.09,121325,118.66,2.51,4.73
2002-09-17,344.87,347.06,344.03,346.78,102772,115.46,3.05,4.71
2002-09-18,346.62,350.44,346.3,348.79,114990,115.95,2.42,5.06
2002-09-19,346.69,347.37,345.76,346.6,71156,112.52,2.78,4.96
2002-09-20,348.08,348.8,346.67,348.54,62660,116.79,3.19,4.77
2002-09-23,349.03,349.33,348.12,349.02,69261,116.86,3.07,4.73
2002-09-24,350.0,350.35,347.39,349.01,79783,114.14,2.87,4.74
2002-09-25,347.92,349.45,347.87,348.5,90065,109.63,2.76,4.77
2002-09-26,347.06,350.64,346.61,349.02,149478,112.16,2.95,5.05
2002-09-27,351.21,351.3,347.98,349.07,102225,112.16,2.86,4.87
2002-09-30,349.49,355.21,347.99,350.54,119831,116.02,3.13,5.2
2002-10-01,349.64,351.1,348.21,350.75,104468,113.73,2.74,4.88
2002-10-02,352.17,352.6,349.11,351.01,63185,113.77,3.02,4.8
2002-10-03,350.29,352.08,350.29,350.7,99400,113.48,2.69,5.03
2002-10-04,350.66,351.17,350.57,350.72,104017,118.57,3.25,4.64
2002-10-07,351.82,353.47,350.24,351.31,133782,114.99,2.73,4.92
2002-10-08,350.65,351.32,348.76,349.52,64380,115.43,2.37,4.71
2002-10-09,347.78,349.44,347.21,348.12,43644,113.43,2.79,4.56
2002-10-10,350.62,350.85,347.01,349.03,105927,114.87,2.97,4.87
2002-10-11,347.07,351.17,346.97,349.31,113725,112.5,3.18,5.02
2002-10-14,350.15,351.07,347.51,349.35,91880,115.8,2.53,4.93
2002-10-15,348.58,351.17,348.23,349.46,99828,112.07,2.34,4.91
2002-10-16,351.38,351.46,348.78,349.94,140295,116.78,2.9,4.51
2002-10-17,349.58,352.21,349.39,349.43,82164,113.1,2.9,4.87
2002-10-18,347.96,351.17,345.91,348.66,88304,117.33,2.43,4.88
2002-10-21,349.82,350.05,348.04,349.13,101886,119.71,2.7,4.99
2002-10-22,349.08,350.28,346.68,348.14,60601,114.98,2.71,4.74
2002-10-23,349.35,351.61,347.91,348.68,92896,118.24,2.99,5.03
2002-10-24,345.83,347.53,345.52,346.9,96230,116.89,2.68,4.83
2002-10-25,347.61,349.97,345.3,348.12,190007,111.39,2.67,4.86
2002-10-28,348.88,351.52,348.41,348.89,87619,115.23,2.81,4.99
2002-10-29,349.21,349.72,346.75,349.26,106937,116.19,2.44,4.73
2002-10-30,351.22,351.93,348.99,350.43,142549,116.4,3.26,5.03
2002-10-31,350.23,355.37,348.96,352.36,70615,115.29,3.02,4.71
2002-11-01,353.93,356.91,352.87,353.58,171150,115.21,2.61,5.01
2002-11-04,351.48,352.6,350.53,351.79,199895,114.87,2.51,4.88
2002-11-05,349.58,351.77,349.34,350.46,97581,115.23,2.53,4.89
2002-11-06,349.08,350.22,348.37,349.86,79557,111.86,2.93,4.45
2002-11-07,349.75,352.1,348.31,349.98,189254,114.33,2.54,4.83
2002-11-08,346.85,353.74,346.38,350.64,135706,111.26,2.73,4.88
2002-11-11,349.35,350.27,348.38,350.09,102006,113.67,2.37,5.15
2002-11-12,349.46,351.78,349.4,350.39,174684,113.43,2.93,4.91
2002-11-13,350.2,350.26,347.61,349.64,167442,113.29,2.94,4.82
2002-11-14,348.21,350.51,347.15,349.06,86292,112.32,2.75,5.05
2002-11-15,347.38,349.66,346.46,347.6,109042,115.67,2.84,4.85
2002-11-18,348.45,349.31,344.61,346.84,124332,114.22,2.99,5.08
2002-11-19,346.49,348.61,345.06,345.46,99856,114.01,2.84,4.96
2002-11-20,345.42,347.21,343.02,344.48,56593,111.58,2.99,4.79
2002-11-21,345.2,346.57,344.95,345.72,67825,114.31,2.5,5.07
2002-11-22,345.33,347.86,343.82,344.77,57336,117.95,2.89,5.02
2002-11-25,347.65,351.0,347.12,347.89,120230,117.89,2.85,5.06
2002-11-26,348.32,348.77,346.84,348.52,61467,115.9,3.1,4.9
2002-11-27,349.24,350.37,348.15,348.81,106613,114.22,2.81,5.02
2002-11-28,347.34,350.56,345.94,347.96,205409,116.38,2.77,5.22
2002-11-29,350.38,353.53,346.59,348.82,174749,113.28,2.66,4.96
2002-12-02,348.27,349.05,348.19,348.44,47336,114.22,3.17,4.88
2002-12-03,349.31,350.89,347.31,348.66,59190,113.1,2.21,5.17
2002-12-04,353.11,354.15,349.45,351.57,72358,117.14,2.93,5.04
2002-12-05,352.64,354.81,349.38,351.55,61845,116.82,2.8,4.87
2002-12-06,351.43,353.91,350.93,352.92,50943,114.74,2.76,5.2
2002-12-09,352.86,354.54,350.93,352.39,98288,119.17,2.72,4.76
2002-12-10,353.34,353.64,352.17,352.44,130880,115.87,2.79,5.02
2002-12-11,355.45,356.21,353.21,354.5,144583,115.66,2.92,5.11
2002-12-12,352.71,354.74,350.53,353.89,81651,115.41,2.61,5.1
2002-12-13,355.31,356.08,353.96,356.01,88542,111.57,2.84,4.81
2002-12-16,358.13,359.03,354.65,357.06,113808,112.45,2.89,4.76
2002-12-17,355.71,356.94,355.62,356.52,94523,114.57,2.57,4.98
2002-12-18,357.0,358.27,355.72,357.32,136522,114.57,2.93,5.05
2002-12-19,360.21,361.05,356.7,358.51,117259,116.12,2.9,4.79
2002-12-20,359.25,362.24,358.88,359.3,84921,112.95,2.61,5.0
2002-12-23,357.01,358.11,355.8,357.79,46973,114.84,2.51,4.73
2002-12-24,356.12,359.89,356.12,357.06,179802,114.91,2.61,5.11
2002-12-25,357.23,357.97,354.57,356.87,75024,115.02,2.84,4.87
2002-12-26,355.45,357.02,354.9,356.88,113893,114.74,2.79,4.93
2002-12-27,357.4,360.31,357.33,357.67,45860,111.16,3.16,5.09
2002-12-30,358.48,359.96,357.9,358.13,98269,109.0,2.72,5.07
2002-12-31,358.1,359.42,355.93,356.71,102755,112.35,2.59,5.03
2003-01-01,358.03,361.5,357.19,357.32,104761,113.35,2.98,5.11
2003-01-02,357.41,358.23,356.69,358.18,329561,111.71,2.57,5.02
2003-01-03,360.26,362.06,355.56,358.99,76691,114.49,2.62,5.18
2003-01-06,360.4,362.4,360.24,360.73,137072,117.3,2.62,4.71
2003-01-07,360.51,365.33,358.33,361.86,121697,116.36,2.07,4.96
2003-01-08,362.37,364.6,361.85,362.56,75247,115.68,2.96,4.95
2003-01-09,364.22,368.96,362.51,362.66,136252,116.98,3.05,4.93
2003-01-10,361.12,364.17,360.73,360.94,92435,112.26,3.05,5.04
2003-01-13,361.96,362.27,360.18,361.95,140097,113.4,3.29,5.0
2003-01-14,364.14,365.49,361.92,362.36,216292,116.06,3.2,5.09
2003-01-15,361.29,363.51,358.41,362.85,104853,113.32,2.74,4.79
2003-01-16,360.18,361.84,358.93,361.57,88216,113.5,3.1,5.32
2003-01-17,358.77,361.41,358.61,360.52,150335,119.24,2.8,4.91
2003-01-20,362.64,364.39,360.5,362.23,172587,114.77,2.72,5.02
2003-01-21,362.55,362.97,360.29,362.37,69334,118.93,2.63,4.94
2003-01-22,365.01,366.29,362.98,363.32,82356,109.94,2.76,4.99
2003-01-23,363.8,365.01,363.31,363.54,129336,112.91,2.91,4.9
2003-01-24,363.31,364.92,361.88,363.75,93637,115.5,3.22,5.01
2003-01-27,365.35,365.49,363.4,365.35,67391,114.67,3.01,5.07
2003-01-28,365.06,368.24,364.34,364.93,122550,109.31,2.63,4.62
2003-01-29,363.39,365.86,362.19,365.22,129132,113.86,2.57,4.93
2003-01-30,367.84,369.16,364.62,364.87,86357,120.0,2.97,4.93
2003-01-31,365.12,365.73,363.88,364.55,101168,115.07,3.05,5.33
2003-02-03,364.95,365.93,364.08,364.72,78383,115.96,3.14,5.11
2003-02-04,365.82,366.55,364.35,365.15,63697,112.83,2.76,5.21
2003-02-05,365.56,366.77,363.48,364.78,80916,115.06,2.95,5.07
2003-02-06,366.25,366.99,365.74,366.41,101678,114.37,3.04,5.0
2003-02-07,364.86,368.32,364.61,365.55,54718,117.22,2.49,5.04
2003-02-10,366.52,367.11,363.15,365.86,83315,117.13,2.9,5.16
2003-02-11,365.96,367.13,363.31,365.53,102245,115.45,3.06,5.25
2003-02-12,366.49,369.11,364.01,367.38,159191,114.55,2.96,5.04
2003-02-13,369.36,370.91,367.37,367.79,87113,110.16,2.81,4.9
2003-02-14,369.5,370.52,368.33,369.17,59972,110.03,3.49,5.13
2003-02-17,368.78,369.63,367.49,367.97,90774,114.56,3.32,4.87
2003-02-18,370.0,371.39,367.43,368.46,78697,116.52,2.84,5.06
2003-02-19,369.7,371.51,368.96,369.68,123114,117.63,2.79,5.1
2003-02-20,370.31,371.42,368.42,369.96,86235,112.07,3.01,4.98
2003-02-21,372.29,373.17,370.68,371.38,33382,110.47,2.82,4.86
2003-02-24,370.5,372.0,369.7,371.31,432202,116.58,3.16,4.93
2003-02-25,373.2,374.11,367.75,373.14,104500,112.16,2.52,4.96
2003-02-26,376.18,377.99,374.24,376.04,102301,110.17,2.78,4.85
2003-02-27,374.72,376.62,373.32,375.8,53286,112.88,3.01,4.95
2003-02-28,378.07,378.49,374.92,375.45,54949,112.85,3.09,4.79
2003-03-03,376.12,377.95,375.18,377.72,95151,117.36,2.47,5.1
2003-03-04,378.31,381.41,377.88,379.79,112923,116.16,2.6,5.06
2003-03-05,380.84,382.32,377.71,379.35,130724,112.17,2.42,5.05
2003-03-06,379.84,380.7,377.53,379.03,108550,117.51,2.62,4.95
2003-03-07,377.72,381.89,376.1,378.88,61428,114.34,2.52,4.97
2003-03-10,378.51,378.93,377.0,377.82,36250,116.71,2.98,4.89
2003-03-11,378.57,379.74,376.43,376.91,94836,117.4,2.9,5.09
2003-03-12,375.87,377.56,374.72,375.91,79730,113.46,2.81,4.81
2003-03-13,378.11,380.3,373.55,375.19,59573,115.56,2.85,5.03
2003-03-14,373.39,375.86,371.24,375.33,137478,113.11,3.14,4.92
2003-03-17,376.92,377.47,375.6,376.14,52563,116.43,2.59,5.28
2003-03-18,379.49,379.58,376.11,378.17,126347,114.27,2.36,5.1
2003-03-19,378.18,379.33,375.22,377.17,56159,116.47,3.03,5.02
2003-03-20,378.29,380.82,377.75,378.53,104155,117.85,2.75,4.86
2003-03-21,378.13,380.96,377.02,378.46,143428,115.4,2.59,4.82
2003-03-24,379.44,380.24,378.04,378.94,86234,113.79,2.99,5.1
2003-03-25,380.86,382.93,378.21,379.93,194068,113.8,2.36,5.3
2003-03-26,379.46,380.79,376.52,378.78,212597,106.63,2.64,5.09
2003-03-27,380.6,380.62,379.08,379.42,108539,112.23,2.25,5.05
2003-03-28,378.64,381.76,376.48,379.81,122584,116.33,2.92,5.06
2003-03-31,380.68,381.8,378.65,380.94,150886,116.39,3.25,5.05
2003-04-01,380.4,383.9,379.85,381.47,122733,112.11,2.71,5.06
2003-04-02,384.18,386.75,380.57,384.62,117582,114.27,2.66,4.93
2003-04-03,385.21,386.16,383.1,384.04,80047,113.4,3.3,4.89
2003-04-04,383.71,388.04,381.99,383.59,50264,115.61,3.01,5.05
2003-04-07,386.38,386.71,383.31,383.38,56611,119.41,3.45,5.26
2003-04-08,383.12,383.56,381.7,382.9,256003,115.68,2.9,5.15
2003-04-09,382.39,382.77,380.98,382.32,112306,112.25,2.91,4.85
2003-04-10,384.07,384.88,383.66,383.94,89476,113.68,3.22,5.0
2003-04-11,385.12,387.21,384.79,385.86,163624,117.32,2.82,5.15
2003-04-14,385.64,387.24,382.92,385.71,73146,110.3,2.92,5.27
2003-04-15,386.19,386.88,383.31,384.89,124647,112.31,2.25,5.31
2003-04-16,385.78,388.56,385.16,385.65,101811,115.6,3.29,5.01
2003-04-17,384.26,385.7,383.14,385.17,118659,117.07,2.96,5.17
2003-04-18,385.06,389.69,385.03,386.13,86287,115.33,2.83,5.08
2003-04-21,386.41,387.51,386.29,386.93,67112,112.27,3.09,5.03
2003-04-22,385.36,385.93,383.75,385.28,71029,115.18,2.57,5.06
2003-04-23,388.74,389.29,387.31,387.35,72145,114.81,2.72,5.06
2003-04-24,388.17,390.39,386.12,389.74,98598,114.58,3.0,5.23
2003-04-25,388.8,392.89,388.56,389.18,52973,113.48,2.87,4.84
2003-04-28,389.43,389.8,386.91,389.26,59935,113.85,2.98,5.12
2003-04-29,387.66,389.86,385.71,389.8,104214,111.43,2.93,5.28
2003-04-30,389.43,392.4,388.51,390.4,93800,119.89,3.02,5.27
2003-05-01,390.61,391.48,390.26,391.41,106520,114.05,2.54,5.14
2003-05-02,393.15,396.68,393.03,394.09,96953,114.95,3.19,4.94
2003-05-05,394.66,395.33,393.46,394.43,270379,113.03,2.75,5.17
2003-05-06,393.44,394.9,392.65,393.63,103849,115.71,2.88,5.26
2003-05-07,391.47,394.03,390.99,392.12,84826,110.39,2.72,4.98
2003-05-08,391.91,393.22,391.12,391.41,102790,109.29,2.8,5.11
2003-05-09,393.59,394.44,390.23,391.56,148446,113.58,2.93,5.03
2003-05-12,396.28,398.28,392.89,394.34,96775,118.71,3.05,4.97
2003-05-13,391.62,394.65,391.28,393.89,129818,116.61,3.1,5.02
2003-05-14,395.05,396.05,393.41,394.37,115660,111.55,2.98,5.08
2003-05-15,394.33,395.29,392.45,394.54,87889,114.86,2.72,4.93
2003-05-16,396.4,396.56,393.47,396.21,103192,111.93,2.96,4.9
2003-05-19,399.47,401.07,397.43,399.95,187131,114.48,2.93,4.93
2003-05-20,399.62,403.49,396.43,399.48,108796,114.69,2.89,5.12
2003-05-21,399.24,399.42,397.78,399.06,66542,115.76,3.01,4.85
2003-05-22,399.88,402.25,399.11,400.57,86872,109.48,2.56,4.74
2003-05-23,400.55,403.5,398.44,401.63,42374,110.2,2.37,5.28
2003-05-26,404.01,404.79,403.79,404.55,104292,113.1,3.17,4.92
2003-05-27,405.78,405.83,404.8,405.49,166845,110.68,2.84,5.05
2003-05-28,405.96,408.41,404.94,405.24,57724,110.49,2.98,5.21
2003-05-29,407.23,408.89,405.31,406.19,104808,113.92,2.66,4.86
2003-05-30,407.21,408.83,406.08,407.81,146410,110.91,3.19,4.86
2003-06-02,409.8,410.71,405.77,409.45,152734,118.79,2.97,4.98
2003-06-03,411.49,412.83,408.69,410.31,164706,111.79,2.83,5.22
2003-06-04,413.33,414.61,410.28,411.89,46756,112.41,2.95,5.08
2003-06-05,413.54,413.98,409.4,413.61,120809,113.78,2.44,5.08
2003-06-06,415.35,416.78,411.68,415.62,54055,109.21,2.97,5.04
2003-06-09,417.31,418.03,415.81,417.07,66215,114.21,3.25,5.17
2003-06-10,415.61,420.66,412.34,417.05,137097,113.8,2.96,5.3
2003-06-11,417.21,418.27,414.28,417.45,105157,112.06,2.93,5.53
2003-06-12,420.18,423.2,418.43,419.25,131996,113.57,2.8,5.06
2003-06-13,419.18,419.92,416.78,418.38,68074,113.98,3.15,5.32
2003-06-16,419.12,419.74,417.81,419.46,177982,116.47,3.19,5.24
2003-06-17,419.42,422.75,418.22,419.15,130005,119.14,2.78,5.13
2003-06-18,418.35,423.31,417.85,419.39,140887,110.23,2.98,4.76
2003-06-19,422.18,423.56,420.94,421.29,64082,109.59,2.94,5.04
2003-06-20,421.65,422.43,418.71,421.75,157717,113.07,2.99,5.04
2003-06-23,422.07,423.87,419.0,422.42,86988,107.6,2.69,5.15
2003-06-24,420.36,422.29,419.36,420.82,77304,114.47,3.17,5.07
2003-06-25,421.94,423.48,420.15,422.01,126777,113.09,3.03,5.01
2003-06-26,422.51,424.77,421.91,423.08,124652,113.7,3.19,5.4
2003-06-27,427.03,427.71,423.78,426.18,70352,111.94,2.61,5.29
2003-06-30,425.87,428.45,424.69,426.38,224699,113.33,2.63,4.8
2003-07-01,428.92,430.7,422.89,426.88,203972,113.86,3.41,5.06
2003-07-02,429.31,429.52,426.82,427.43,125745,113.17,3.18,5.2
2003-07-03,428.62,430.61,426.91,429.77,117261,109.24,2.69,5.3
2003-07-04,429.94,431.76,429.49,429.85,112635,113.03,3.11,5.04
2003-07-07,430.0,431.75,429.07,430.84,53103,117.21,2.78,5.07
2003-07-08,431.46,431.96,431.41,431.88,103272,113.15,2.47,5.12
2003-07-09,434.95,435.83,431.89,432.35,102725,112.88,2.37,5.21
2003-07-10,431.56,432.9,428.98,431.95,78401,116.45,2.89,4.88
2003-07-11,432.9,434.43,430.7,432.43,87226,110.67,3.28,4.81
2003-07-14,435.22,435.59,433.28,434.52,38081,114.71,3.28,5.3
2003-07-15,432.02,434.05,431.37,433.33,63645,111.19,3.21,4.96
2003-07-16,432.61,434.33,432.56,433.72,142732,115.22,3.1,5.43
2003-07-17,431.41,433.02,431.01,432.98,197299,114.52,2.98,4.98
2003-07-18,433.67,435.26,433.13,434.83,67686,111.44,3.19,5.09
2003-07-21,429.66,433.62,427.69,433.36,106206,111.85,2.4,5.17
2003-07-22,433.52,433.55,430.91,432.81,153177,114.97,3.15,4.8
2003-07-23,436.21,438.86,432.55,433.54,80170,107.87,2.62,5.55
2003-07-24,436.09,437.26,434.58,435.9,129378,111.34,2.67,5.06
2003-07-25,434.17,436.34,432.46,436.02,97390,113.99,3.07,4.99
2003-07-28,435.04,437.63,432.58,435.88,158920,111.68,3.13,4.95
2003-07-29,438.08,438.69,437.64,438.69,59101,112.71,2.75,5.18
2003-07-30,435.57,439.94,432.58,436.91,63460,107.32,3.06,5.17
2003-07-31,435.22,435.85,433.93,434.1,110394,110.36,3.04,4.95
2003-08-01,435.98,436.33,434.08,434.92,102588,114.17,2.83,4.92
2003-08-04,433.35,436.14,431.99,434.85,96516,110.6,2.94,5.29
2003-08-05,434.61,438.21,431.89,433.67,124285,109.25,3.42,5.03
2003-08-06,436.84,436.92,431.66,434.85,68032,115.13,2.83,4.87
2003-08-07,437.89,438.79,434.53,435.4,57080,113.75,2.84,5.11
2003-08-08,438.58,439.74,433.94,434.84,80818,109.75,2.94,5.07
2003-08-11,432.54,433.84,429.66,433.71,84515,112.85,2.86,5.42
2003-08-12,438.8,439.9,433.73,435.12,88124,109.83,3.1,5.05
2003-08-13,435.76,437.5,434.88,436.22,163999,112.06,3.27,5.09
2003-08-14,435.53,437.02,432.7,436.3,134345,112.88,2.85,5.17
2003-08-15,439.49,440.74,438.52,439.06,122185,110.34,2.69,5.05
2003-08-18,437.45,439.41,435.72,438.21,107882,114.24,3.4,5.2
2003-08-19,436.85,438.13,435.13,436.32,82977,114.68,2.94,4.99
2003-08-20,433.86,437.16,432.99,435.59,70152,113.11,2.48,5.1
2003-08-21,435.43,438.82,433.48,435.74,61153,113.48,3.38,5.2
2003-08-22,437.97,439.66,434.04,436.29,74771,108.8,3.19,5.31
2003-08-25,436.51,439.83,434.19,436.58,97035,115.83,3.31,5.05
2003-08-26,437.47,438.8,436.94,437.28,62193,112.18,3.27,5.05
2003-08-27,436.4,436.82,435.09,435.77,105641,110.11,3.57,5.38
2003-08-28,439.51,440.08,434.8,437.98,91329,112.76,2.65,5.06
2003-08-29,435.9,440.69,434.69,438.08,84210,114.25,2.71,5.14
2003-09-01,441.02,443.07,437.34,440.25,157096,113.62,2.79,5.4
2003-09-02,440.59,442.4,439.46,440.94,36892,109.6,2.78,5.16
2003-09-03,442.02,442.87,441.59,441.79,84669,114.19,2.95,5.11
2003-09-04,444.21,446.62,442.04,442.81,38523,112.12,2.79,5.12
2003-09-05,442.06,444.45,439.01,443.65,108599,113.5,2.62,5.04
2003-09-08,443.83,445.98,443.48,445.18,133903,110.2,2.7,5.22
2003-09-09,444.67,450.06,444.33,447.27,57500,114.77,2.84,5.02
2003-09-10,447.03,449.74,446.71,447.77,60522,112.6,3.2,5.27
2003-09-11,450.78,452.3,446.43,448.99,50045,115.09,2.77,5.16
2003-09-12,448.92,450.22,446.32,449.08,101261,108.27,3.12,5.19
2003-09-15,449.95,452.97,448.5,451.77,86136,108.54,2.59,5.42
2003-09-16,450.37,451.94,448.55,451.03,88303,111.46,2.12,4.94
2003-09-17,451.79,454.68,451.19,453.82,85204,115.66,2.89,5.16
2003-09-18,452.45,456.5,451.49,453.99,66873,116.9,2.77,5.26
2003-09-19,452.69,452.91,451.18,452.17,155243,109.81,2.7,5.07
2003-09-22,451.4,453.47,451.15,452.99,110077,112.15,2.67,5.31
2003-09-23,453.76,454.55,449.17,452.25,61459,112.42,2.75,5.08
2003-09-24,453.57,454.24,453.3,453.67,74591,113.79,2.68,5.21
2003-09-25,453.08,454.54,451.53,452.96,69645,114.23,2.7,5.15
2003-09-26,452.17,452.6,452.12,452.55,173229,109.24,2.58,5.19
2003-09-29,451.55,451.95,447.34,450.5,131201,112.24,2.39,5.18
2003-09-30,451.14,453.64,449.18,450.08,93845,107.06,2.37,5.16
2003-10-01,447.33,448.17,444.77,446.88,195416,114.19,3.54,5.1
2003-10-02,445.63,445.99,443.98,444.87,176454,111.37,2.91,5.07
2003-10-03,445.88,447.87,445.65,446.16,90013,109.17,3.31,5.22
2003-10-06,448.63,449.84,446.67,447.9,83765,112.97,2.88,5.18
2003-10-07,448.27,449.32,446.47,448.73,85395,111.19,2.89,5.07
2003-10-08,447.58,449.88,445.71,447.58,67433,115.3,3.0,5.23
2003-10-09,447.37,447.82,445.66,447.73,197518,109.91,3.09,5.11
2003-10-10,447.34,451.2,446.76,447.95,66001,117.7,2.62,5.41
2003-10-13,446.03,449.99,444.81,446.95,139709,114.3,2.83,5.55
2003-10-14,449.93,451.25,447.03,449.3,130120,115.32,3.01,5.39
2003-10-15,452.54,453.57,449.67,450.76,87382,109.5,2.45,5.38
2003-10-16,452.25,453.04,449.6,450.67,203621,116.54,3.26,5.3
2003-10-17,449.23,451.14,447.54,450.93,52910,109.03,3.2,5.15
2003-10-20,453.62,453.92,450.92,451.87,95618,111.52,2.41,4.9
2003-10-21,448.77,449.37,447.14,449.2,81176,115.37,2.71,5.03
2003-10-22,449.88,451.43,446.66,449.07,144963,113.38,2.96,5.08
2003-10-23,447.1,448.35,446.56,448.32,113712,109.03,3.14,5.37
2003-10-24,447.32,448.37,445.01,447.13,49468,115.0,3.32,5.23
2003-10-27,447.79,448.46,445.26,447.37,162071,113.0,2.78,5.09
2003-10-28,448.13,450.72,444.84,450.13,119872,111.04,3.52,4.91
2003-10-29,452.09,452.5,450.44,451.27,65238,108.2,2.92,5.54
2003-10-30,452.5,454.17,449.98,450.68,85830,113.16,2.88,5.27
2003-10-31,451.48,451.95,450.05,451.71,58691,111.64,3.08,5.33
2003-11-03,456.21,458.08,454.33,454.36,92195,112.37,3.02,5.11
2003-11-04,455.65,458.71,454.75,455.91,104824,107.98,3.0,5.17
2003-11-05,457.38,458.94,456.0,456.22,86348,110.89,3.44,5.14
2003-11-06,452.48,456.48,450.6,455.51,82439,113.15,3.0,5.21
2003-11-07,460.05,460.65,454.87,456.74,51787,116.61,2.69,5.47
2003-11-10,460.01,461.6,456.52,457.96,112972,111.38,2.73,5.02
2003-11-11,459.08,459.64,456.99,459.48,45716,115.46,3.31,5.19
2003-11-12,457.9,462.44,456.4,460.62,99950,113.79,3.11,5.26
2003-11-13,462.78,463.91,461.31,462.38,48066,112.37,2.55,5.18
2003-11-14,459.82,462.49,456.65,461.83,100730,109.27,2.54,5.35
2003-11-17,465.03,466.69,462.82,464.41,98474,109.31,2.95,4.94
2003-11-18,465.5,465.67,463.55,464.93,115999,113.26,3.1,5.49
2003-11-19,466.88,468.4,466.18,468.2,139373,110.33,2.77,5.0
2003-11-20,468.99,469.88,467.07,467.42,150096,110.12,2.52,5.04
2003-11-21,471.35,471.66,469.11,470.21,51843,111.14,2.66,5.14
2003-11-24,472.56,474.44,470.34,471.18,96443,111.16,3.36,5.11
2003-11-25,470.46,472.13,470.35,470.44,220659,113.84,3.07,5.27
2003-11-26,467.96,470.62,467.17,469.96,103532,110.34,3.2,5.26
2003-11-27,471.09,472.22,468.94,469.72,70789,113.61,3.24,5.23
2003-11-28,470.19,472.97,469.97,470.58,95618,112.68,2.79,5.0
2003-12-01,470.06,472.31,466.66,472.02,84671,107.37,2.85,5.19
2003-12-02,473.32,475.43,470.3,471.4,61661,112.3,2.91,5.22
2003-12-03,474.57,477.04,469.86,471.6,139754,104.89,3.05,5.4
2003-12-04,474.97,476.03,474.06,475.03,124709,109.24,3.22,5.25
2003-12-05,480.95,482.28,477.76,477.85,57884,112.57,3.42,5.28
2003-12-08,479.32,482.77,476.7,479.19,95100,111.35,3.15,5.51
2003-12-09,478.94,480.58,476.24,479.49,78701,106.95,3.16,5.05
2003-12-10,479.0,483.02,478.24,479.9,52018,108.57,3.43,5.16
2003-12-11,483.43,484.88,479.27,481.07,56054,104.81,2.9,5.05
2003-12-12,478.64,480.89,476.6,479.76,59493,108.01,3.25,5.46
2003-12-15,481.11,482.5,479.57,480.05,96435,112.81,3.1,5.48
2003-12-16,476.97,479.02,472.57,477.77,82192,110.02,3.11,5.46
2003-12-17,477.95,478.87,476.92,478.61,67260,111.82,2.9,5.31
2003-12-18,481.3,482.98,476.76,479.82,84393,111.4,2.6,5.28
2003-12-19,478.78,480.38,477.39,479.33,133121,111.46,3.04,5.16
2003-12-22,481.81,482.91,480.61,482.4,113854,113.86,3.04,5.35
2003-12-23,482.41,483.38,479.19,480.77,147376,110.84,2.81,5.04
2003-12-24,481.09,481.56,478.05,478.8,90099,113.67,2.93,5.04
2003-12-25,480.3,483.11,478.66,479.37,187404,105.18,2.73,5.17
2003-12-26,480.25,483.37,478.94,481.19,113462,114.11,2.74,5.52
2003-12-29,483.7,485.43,481.59,484.44,81180,108.03,2.84,5.16
2003-12-30,484.1,485.63,482.97,483.98,102455,108.59,2.62,5.18
2003-12-31,486.33,488.85,482.07,485.87,59920,109.46,2.81,5.28
2004-01-01,484.61,487.65,482.56,486.05,87336,113.93,3.14,5.37
2004-01-02,487.08,487.77,485.72,486.02,117241,109.0,3.32,5.43
2004-01-05,488.2,491.9,487.78,488.07,126079,109.53,3.48,5.07
2004-01-06,486.8,495.46,485.12,489.32,83778,108.74,2.86,5.23
2004-01-07,485.78,487.42,485.69,487.13,294653,111.83,3.26,5.28
2004-01-08,488.9,491.68,488.81,489.65,92144,113.0,3.04,5.29
2004-01-09,491.91,494.46,491.45,492.02,50445,115.34,2.9,5.37
2004-01-12,494.54,496.51,491.25,491.75,160380,117.09,3.06,5.37
2004-01-13,492.96,496.62,492.44,492.61,125850,112.7,3.24,5.25
2004-01-14,492.37,493.74,490.16,493.62,108301,111.96,2.84,5.42
2004-01-15,494.59,496.59,494.1,494.27,81963,107.99,2.83,5.39
2004-01-16,493.13,493.93,493.07,493.65,115536,115.82,2.86,5.38
2004-01-19,493.79,498.19,493.25,493.31,188642,111.59,2.81,5.17
2004-01-20,494.38,494.45,490.95,493.52,107007,110.33,3.26,5.36
2004-01-21,497.38,499.02,493.39,495.59,54829,111.97,2.77,5.43
2004-01-22,496.64,496.75,493.12,496.68,24801,109.39,2.82,5.18
2004-01-23,498.79,499.35,494.01,496.35,115130,105.14,3.04,5.27
2004-01-26,499.62,500.68,496.96,498.26,66545,112.37,3.02,5.49
2004-01-27,493.01,495.25,491.54,494.06,94855,114.39,2.86,5.32
2004-01-28,499.38,502.7,494.05,496.09,71422,112.38,3.39,5.24
2004-01-29,494.11,494.28,490.85,493.62,69399,111.03,2.81,5.48
2004-01-30,492.07,498.11,489.92,493.3,72685,111.09,2.92,5.19
2004-02-02,494.71,497.35,491.72,492.27,75361,111.51,2.49,5.01
2004-02-03,493.56,493.73,485.9,490.5,134658,111.47,2.89,5.14
2004-02-04,492.5,496.37,490.04,492.54,124176,110.92,2.64,5.43
2004-02-05,491.32,494.23,490.83,492.06,60888,111.15,2.74,5.34
2004-02-06,492.59,493.85,487.82,492.84,64299,114.95,2.48,5.27
2004-02-09,494.53,494.94,493.31,493.47,114880,112.23,2.75,5.42
2004-02-10,496.35,496.36,493.74,494.46,150392,111.29,2.95,5.29
2004-02-11,495.67,497.15,494.06,494.82,149470,112.67,2.91,5.23
2004-02-12,493.22,493.36,491.39,493.07,66094,112.71,2.87,5.39
2004-02-13,497.08,497.64,494.54,494.86,146638,113.38,2.89,5.21
2004-02-16,494.33,495.02,492.47,494.8,48508,109.13,2.85,5.34
2004-02-17,494.14,495.62,488.93,492.62,91021,109.87,2.96,5.15
2004-02-18,491.77,494.71,488.79,492.2,119947,109.05,2.95,5.11
2004-02-19,495.41,495.49,493.47,494.77,42979,112.94,3.04,5.14
2004-02-20,496.17,499.75,496.0,496.34,228009,112.78,2.92,5.27
2004-02-23,496.42,496.67,495.11,496.51,167825,107.8,2.87,5.18
2004-02-24,495.64,496.86,495.6,496.2,127874,111.97,3.17,5.18
2004-02-25,497.95,499.45,492.69,495.95,67103,114.42,3.13,5.25
2004-02-26,498.35,499.76,496.62,499.45,96062,110.33,2.97,5.27
2004-02-27,499.18,504.03,498.78,500.29,135424,111.68,3.27,5.05
2004-03-01,504.88,504.89,499.83,501.69,63002,112.69,3.0,4.9
2004-03-02,505.04,506.46,502.47,503.57,91840,107.52,2.94,5.34
2004-03-03,500.58,505.71,499.79,504.19,142081,111.19,2.96,5.3
2004-03-04,503.17,505.04,501.2,504.03,54293,113.99,3.02,5.08
2004-03-05,501.23,504.52,500.19,503.97,112754,109.33,2.75,5.35
2004-03-08,503.13,504.68,501.4,504.57,48927,112.88,2.51,5.35
2004-03-09,500.01,505.77,499.68,504.76,67674,110.86,3.05,5.24
2004-03-10,505.96,507.46,505.45,506.17,80673,109.08,3.19,5.58
2004-03-11,504.76,507.07,503.66,506.5,121227,110.52,2.73,5.48
2004-03-12,508.01,509.29,506.56,507.92,74584,109.41,3.25,5.23
2004-03-15,506.04,508.77,502.79,508.51,103799,108.49,2.57,5.23
2004-03-16,509.02,509.6,507.04,508.89,74989,110.07,2.84,5.07
2004-03-17,505.32,506.02,503.42,505.95,79837,110.94,3.41,5.47
2004-03-18,509.95,510.15,506.63,507.66,162797,110.32,3.07,5.33
2004-03-19,510.62,511.03,505.29,508.46,62311,110.05,2.91,5.42
2004-03-22,512.0,512.03,510.47,510.79,133741,111.23,3.05,4.97
2004-03-23,505.91,511.87,505.42,506.4,98673,112.09,3.28,5.41
2004-03-24,513.03,513.67,509.44,510.0,78415,107.82,2.62,5.22
2004-03-25,507.65,511.34,504.42,510.02,60657,110.05,3.31,5.38
2004-03-26,509.9,512.96,508.73,512.06,62411,105.7,2.86,5.38
2004-03-29,510.98,511.65,510.53,511.11,73463,110.25,3.16,5.3
2004-03-30,515.82,518.49,512.13,512.35,92964,111.0,2.83,5.2
2004-03-31,510.6,511.5,508.27,510.91,125668,112.08,3.41,5.36
2004-04-01,509.87,512.31,507.13,510.15,87544,111.06,2.98,5.18
2004-04-02,511.27,514.18,510.3,513.49,89919,111.97,2.65,5.46
2004-04-05,515.37,517.35,511.38,513.92,95454,110.76,3.11,5.2
2004-04-06,515.99,516.75,514.16,514.52,119456,108.89,3.31,5.31
2004-04-07,517.41,519.7,515.83,516.19,127761,107.75,3.29,5.19
2004-04-08,516.27,518.36,513.84,517.25,56682,109.86,3.01,5.33
2004-04-09,516.65,520.22,515.64,517.75,88183,108.59,3.19,5.15
2004-04-12,517.07,519.75,515.55,519.08,161290,110.18,2.88,5.19
2004-04-13,523.42,526.42,521.2,523.29,58311,109.16,3.14,5.65
2004-04-14,521.75,529.36,521.32,523.45,101694,111.43,3.08,5.44
2004-04-15,522.19,527.51,521.5,524.04,92195,110.5,2.27,5.37
2004-04-16,525.37,526.05,523.49,526.03,78694,111.45,2.74,5.39
2004-04-19,527.85,531.04,527.66,528.62,186523,111.38,3.04,5.36
2004-04-20,530.01,533.06,529.18,530.86,100181,109.78,3.03,5.3
2004-04-21,532.94,534.75,530.79,532.2,180675,109.9,2.99,5.43
2004-04-22,530.67,531.34,528.88,530.54,98938,111.49,3.01,5.19
2004-04-23,533.08,536.43,532.26,533.54,118670,116.29,3.29,5.56
2004-04-26,532.67,534.62,529.5,532.38,78363,107.72,3.08,5.34
2004-04-27,531.56,533.6,529.53,533.15,78712,110.28,2.41,5.44
2004-04-28,532.31,532.83,531.19,532.14,116277,107.21,3.48,5.56
2004-04-29,532.54,533.19,530.53,532.3,117134,110.15,2.52,5.39
2004-04-30,530.71,535.05,528.54,533.11,125391,108.5,3.23,5.2
2004-05-03,536.01,538.66,532.25,534.41,114768,109.85,2.6,5.51
2004-05-04,533.97,538.2,533.22,535.39,57839,110.52,3.35,5.58
2004-05-05,538.53,540.43,533.62,538.38,71499,108.85,2.93,5.03
2004-05-06,541.3,541.63,537.03,539.42,138687,105.59,3.09,5.31
2004-05-07,540.77,541.08,537.74,539.27,45098,113.62,2.5,5.37
2004-05-10,541.74,541.81,540.27,541.68,110973,112.1,3.18,5.29
2004-05-11,543.39,544.12,541.25,543.98,94395,109.63,3.1,5.14
2004-05-12,543.69,545.75,539.99,542.15,138667,107.75,3.15,5.2
2004-05-13,544.54,546.16,543.01,543.44,116616,110.18,3.24,5.05
2004-05-14,543.9,546.75,543.06,544.91,75690,110.84,3.04,5.47
2004-05-17,543.87,547.87,543.0,545.17,74329,111.85,2.95,5.54
2004-05-18,544.4,548.82,543.39,547.81,80088,112.03,2.8,5.54
2004-05-19,548.07,550.84,545.12,547.82,124495,112.5,2.89,5.33
2004-05-20,548.17,549.37,547.25,548.31,39305,105.51,3.3,5.38
2004-05-21,550.15,550.87,548.16,548.28,105129,109.1,2.79,5.5
2004-05-24,549.68,553.1,547.29,549.09,69340,112.33,2.54,5.3
2004-05-25,549.66,551.69,543.55,547.46,106546,107.57,2.76,5.2
2004-05-26,544.11,547.76,542.42,545.25,113300,112.98,3.15,5.25
2004-05-27,550.14,551.95,548.21,548.27,50770,114.39,2.93,5.37
2004-05-28,546.21,549.15,546.11,547.08,90152,112.87,3.15,5.23
2004-05-31,547.42,548.93,543.99,546.15,105053,111.56,2.5,5.41
2004-06-01,540.35,543.16,539.95,542.73,102250,108.86,2.26,5.14
2004-06-02,542.28,544.43,539.52,541.9,94006,110.7,3.07,5.31
2004-06-03,536.7,540.37,536.7,539.91,60575,106.67,3.26,5.41
2004-06-04,542.54,544.47,542.48,542.98,64379,108.02,2.58,5.37
2004-06-07,546.21,546.5,545.03,545.49,56884,108.15,3.14,5.24
2004-06-08,543.72,547.43,541.03,544.57,123206,110.1,3.3,5.46
2004-06-09,546.99,551.23,545.63,548.72,94256,108.88,3.01,5.39
2004-06-10,552.09,553.19,547.93,550.69,96693,110.47,3.23,5.04
2004-06-11,550.23,553.15,548.16,550.4,49901,112.02,3.05,5.42
2004-06-14,546.06,547.07,543.77,546.86,97397,108.12,2.94,5.29
2004-06-15,551.16,552.8,550.71,551.09,127192,110.18,3.21,5.27
2004-06-16,553.3,553.77,548.18,548.96,47252,108.81,3.49,5.23
2004-06-17,548.28,549.49,546.39,546.39,79685,110.38,2.87,5.2
2004-06-18,550.33,552.45,546.44,548.42,52673,111.58,2.99,5.39
2004-06-21,554.16,557.85,551.21,553.44,83440,112.06,2.76,5.44
2004-06-22,556.41,557.65,554.28,556.13,68844,111.38,3.05,5.38
2004-06-23,553.39,561.28,553.0,557.4,114962,110.71,2.97,5.5
2004-06-24,557.58,560.94,556.51,558.72,105629,106.1,3.3,5.45
2004-06-25,559.69,563.24,558.39,560.5,165479,106.91,3.37,5.06
2004-06-28,559.47,562.74,558.78,562.64,96603,107.51,3.21,5.22
2004-06-29,561.46,566.43,558.31,563.41,113028,110.46,3.27,5.54
2004-06-30,560.53,566.43,558.38,563.88,78977,106.32,2.84,5.17
2004-07-01,563.98,564.08,562.04,564.04,63498,110.39,2.77,4.95
2004-07-02,564.37,565.28,562.3,562.98,137847,110.23,3.12,5.64
2004-07-05,565.16,568.13,559.61,563.29,162316,104.72,3.02,5.41
2004-07-06,561.27,565.07,559.9,560.57,130909,106.9,3.51,5.26
2004-07-07,559.05,562.57,558.24,560.67,104035,112.22,2.53,5.24
2004-07-08,555.96,559.64,555.05,559.2,66860,111.39,3.17,5.46
2004-07-09,554.6,557.55,553.89,557.54,155850,107.55,3.17,5.44
2004-07-12,556.52,559.77,555.05,558.65,124467,107.07,2.82,5.42
2004-07-13,559.88,561.83,559.28,561.38,221893,103.47,2.77,5.34
2004-07-14,563.01,565.63,562.95,563.28,62207,113.24,2.93,5.18
2004-07-15,559.07,561.66,557.93,560.78,139389,109.71,2.61,5.37
2004-07-16,559.88,560.15,556.51,559.31,122963,114.35,3.38,5.53
2004-07-19,561.38,563.85,557.12,561.77,86093,109.11,3.69,5.29
2004-07-20,560.33,562.48,557.69,560.31,170336,110.33,2.93,5.47
2004-07-21,562.1,562.61,558.94,560.19,115952,111.85,2.86,5.32
2004-07-22,559.45,561.89,557.74,561.44,67862,113.7,2.69,5.5
2004-07-23,560.7,563.48,555.84,560.0,94151,110.88,2.74,5.23
2004-07-26,560.96,561.93,559.26,560.99,67538,109.61,2.87,5.38
2004-07-27,558.35,563.55,557.04,558.91,81845,109.72,3.32,5.45
2004-07-28,559.61,563.89,557.25,558.13,130813,107.05,3.82,5.28
2004-07-29,560.44,562.54,557.56,558.96,146636,108.69,2.84,5.44
2004-07-30,554.86,559.97,552.65,556.44,107848,109.83,2.79,5.38
2004-08-02,557.7,558.09,557.07,558.01,73128,113.12,2.73,5.38
2004-08-03,558.72,559.98,555.79,558.25,114994,108.59,3.13,5.28
2004-08-04,559.04,560.59,554.96,559.5,131842,112.29,3.11,5.54
2004-08-05,561.15,561.62,557.36,560.17,44853,109.42,3.05,5.25
2004-08-06,563.33,564.8,562.46,562.85,103423,112.68,2.91,5.43
2004-08-09,566.98,568.49,563.08,563.88,91484,111.24,3.36,5.26
2004-08-10,560.81,565.14,557.76,563.4,144564,111.08,3.21,5.38
2004-08-11,563.68,564.72,563.4,563.89,115182,112.0,3.2,5.49
2004-08-12,563.59,566.22,560.99,565.13,119819,111.61,3.12,5.35
2004-08-13,566.52,570.14,565.34,565.5,81408,112.18,2.98,4.93
2004-08-16,563.63,567.56,561.51,566.38,98781,114.83,2.85,5.19
2004-08-17,565.99,568.44,564.07,565.41,143986,113.56,3.15,5.07
2004-08-18,563.44,568.15,561.61,564.5,96186,110.7,3.13,5.41
2004-08-19,561.05,562.98,559.15,562.29,105859,108.48,3.17,5.4
2004-08-20,563.22,567.41,562.39,565.68,53402,110.43,2.63,5.34
2004-08-23,563.48,568.1,560.81,564.27,96046,104.73,3.11,5.3
2004-08-24,565.15,567.5,561.51,563.32,44143,111.63,2.95,5.43
2004-08-25,562.28,566.36,558.76,562.32,80301,106.93,2.81,5.18
2004-08-26,565.25,566.02,562.1,564.19,101255,112.35,3.21,5.54
2004-08-27,566.76,567.26,561.83,563.94,134163,114.5,3.07,5.41
2004-08-30,567.42,567.57,565.88,566.97,66193,105.86,3.62,5.26
2004-08-31,565.1,566.13,565.09,566.04,114631,109.38,3.15,5.34
2004-09-01,567.62,567.93,566.15,566.82,177619,106.83,2.95,5.38
2004-09-02,564.69,571.07,559.94,565.61,76397,105.19,3.0,5.2
2004-09-03,568.86,569.76,565.53,569.73,53166,109.17,2.74,5.51
2004-09-06,565.82,573.48,565.62,568.41,110850,111.05,3.34,5.55
2004-09-07,570.82,572.5,567.59,569.24,61279,111.33,3.11,5.43
2004-09-08,570.0,571.93,567.73,570.66,71139,109.8,3.11,5.55
2004-09-09,572.0,576.93,568.01,571.69,142819,105.23,2.76,5.81
2004-09-10,569.86,573.5,568.57,571.63,209140,109.7,3.22,5.13
2004-09-13,572.96,574.27,569.07,572.22,66152,105.65,2.8,5.42
2004-09-14,571.27,575.3,570.46,572.58,73499,105.81,2.89,5.21
2004-09-15,572.35,573.04,569.91,572.59,82789,106.88,3.06,5.65
2004-09-16,576.13,576.92,570.24,574.62,79290,111.96,2.89,5.45
2004-09-17,580.29,583.03,575.82,578.92,213911,110.62,2.83,5.31
2004-09-20,578.69,578.95,578.41,578.73,79839,110.06,3.02,5.38
2004-09-21,573.46,578.26,569.5,576.52,84533,107.14,3.29,5.62
2004-09-22,581.82,583.41,572.95,576.64,188427,108.33,3.26,5.49
2004-09-23,584.68,587.69,580.7,581.63,124327,105.78,3.21,5.51
2004-09-24,581.71,585.13,580.13,580.45,146438,112.63,3.15,5.64
2004-09-27,582.96,587.6,579.53,584.28,68703,114.64,2.92,5.56
2004-09-28,587.47,589.83,587.12,587.67,79851,110.48,3.31,5.59
2004-09-29,585.98,590.5,585.46,586.94,65128,110.93,2.6,5.4
2004-09-30,590.51,591.93,587.97,588.28,136012,108.68,3.14,5.09
2004-10-01,592.06,596.47,590.26,591.59,161151,104.96,3.25,5.44
2004-10-04,590.34,592.23,589.18,591.73,77659,106.9,3.01,5.33
2004-10-05,590.81,592.25,590.3,591.64,85331,107.85,2.86,5.54
2004-10-06,592.84,594.29,588.94,590.85,86838,108.06,3.03,5.16
2004-10-07,592.08,592.86,588.6,589.25,53162,107.52,2.85,5.55
2004-10-08,591.04,595.34,588.07,588.34,75393,109.19,3.17,5.46
2004-10-11,588.25,588.7,583.62,586.91,134498,106.97,3.27,5.48
2004-10-12,586.82,588.02,583.3,587.26,69552,114.51,3.15,5.52
2004-10-13,580.43,587.4,578.89,586.13,102456,105.7,3.13,5.43
2004-10-14,587.37,589.57,584.53,586.85,58500,111.32,3.23,5.38
2004-10-15,584.27,585.74,583.86,584.27,93190,108.5,3.26,5.6
2004-10-18,585.96,586.78,582.68,585.71,78800,110.28,2.84,5.52
2004-10-19,587.64,588.78,584.6,587.54,60556,110.36,2.65,5.54
2004-10-20,581.83,585.69,581.23,584.15,135422,109.54,3.11,5.42
2004-10-21,586.11,591.03,582.0,585.13,138503,106.3,3.27,5.45
2004-10-22,588.8,591.23,587.26,587.68,66982,108.25,2.64,5.44
2004-10-25,587.48,587.83,584.63,586.28,90538,109.53,3.06,5.18
2004-10-26,591.35,592.75,585.51,589.67,100481,109.31,3.32,5.23
2004-10-27,591.81,593.3,589.56,590.74,47767,106.47,3.01,5.42
2004-10-28,589.0,589.86,586.0,589.72,56452,112.27,3.42,5.16
2004-10-29,589.78,590.48,588.9,589.91,165134,102.81,3.37,5.43
2004-11-01,591.95,593.02,590.67,591.79,64469,108.38,3.0,5.31
2004-11-02,592.41,593.05,590.79,592.22,163288,106.69,2.95,5.43
2004-11-03,595.3,595.91,591.47,593.52,57632,109.43,2.96,5.47
2004-11-04,593.24,596.94,590.06,592.09,128480,111.54,3.08,5.17
2004-11-05,596.39,597.51,590.6,592.7,87158,105.47,2.75,5.49
2004-11-08,594.82,597.55,587.81,590.91,92197,114.91,2.7,5.38
2004-11-09,591.13,592.71,588.6,590.99,207393,109.53,2.48,5.1
2004-11-10,582.82,589.68,582.01,589.6,59773,110.0,3.04,5.38
2004-11-11,590.71,591.56,583.52,588.53,125231,105.47,3.55,5.51
2004-11-12,590.16,595.32,588.78,591.11,123179,108.9,2.55,5.39
2004-11-15,592.57,595.27,592.27,594.0,377690,111.39,3.0,5.38
2004-11-16,594.72,597.28,592.39,595.43,64160,109.46,2.99,5.48
2004-11-17,592.88,594.4,591.56,593.68,76849,109.32,3.01,5.38
2004-11-18,594.47,597.55,589.97,593.38,136812,108.85,3.36,5.41
2004-11-19,593.15,597.32,590.46,595.94,91116,105.48,2.82,5.26
2004-11-22,595.13,599.47,594.01,597.06,82025,105.45,2.56,5.38
2004-11-23,602.35,606.5,601.21,601.73,144784,111.74,2.91,5.74
2004-11-24,603.9,604.65,601.91,602.78,88731,111.0,2.88,5.48
2004-11-25,604.6,605.88,601.88,603.44,69096,111.36,2.49,5.5
2004-11-26,601.72,605.51,597.79,603.15,131990,106.74,3.11,5.36
2004-11-29,602.49,607.33,601.78,604.26,114704,108.38,2.75,5.4
2004-11-30,603.35,604.66,602.76,604.27,87104,111.85,3.03,5.43
2004-12-01,606.35,610.01,604.41,605.92,85466,105.67,2.96,5.59
2004-12-02,610.75,611.75,605.81,608.05,68462,111.53,2.78,5.64
2004-12-03,603.11,608.27,602.8,606.84,131931,107.26,3.27,5.4
2004-12-06,604.76,605.41,604.02,605.16,85473,106.62,2.98,5.46
2004-12-07,599.56,605.07,594.24,601.97,72552,108.73,3.06,5.43
2004-12-08,600.24,605.0,598.37,603.23,59028,106.0,3.2,5.58
2004-12-09,603.18,605.82,598.69,601.43,115481,104.08,3.12,5.54
2004-12-10,598.64,598.69,596.03,597.66,80544,109.09,3.09,5.45
2004-12-13,600.06,600.88,598.66,599.25,44131,110.2,2.84,5.62
2004-12-14,605.94,608.1,603.59,604.27,61003,111.81,2.77,5.55
2004-12-15,603.69,607.11,603.66,604.56,89909,110.28,3.09,5.36
2004-12-16,605.67,607.4,603.56,606.45,90924,113.64,2.81,5.47
2004-12-17,610.89,612.94,603.14,606.91,89552,112.12,3.25,5.45
2004-12-20,607.13,608.83,603.98,607.58,84702,110.55,3.02,5.33
2004-12-21,610.99,619.87,605.7,609.65,54702,109.84,3.21,5.44
2004-12-22,609.4,614.5,607.72,609.39,69576,111.75,2.81,5.65
2004-12-23,606.82,611.55,606.75,610.2,158500,103.13,2.77,5.64
2004-12-24,607.37,613.0,603.45,611.12,149416,107.44,3.47,5.61
2004-12-27,609.65,613.45,607.99,610.71,124390,104.01,3.02,5.6
2004-12-28,614.86,616.08,610.78,612.92,120066,110.27,3.28,5.51
2004-12-29,614.33,616.1,611.41,612.88,141761,106.76,2.7,5.39
2004-12-30,613.41,618.05,610.45,611.73,63049,116.18,2.98,5.56
2004-12-31,611.25,613.41,609.39,613.06,100024,107.31,3.38,5.23
2005-01-03,614.88,619.24,611.54,611.92,63063,108.9,2.66,5.38
2005-01-04,610.5,615.05,606.59,612.27,63502,107.62,3.62,5.65
2005-01-05,612.95,613.15,611.38,612.56,114373,107.4,3.11,5.41
2005-01-06,614.94,620.38,611.21,614.96,144163,105.46,2.85,5.58
2005-01-07,615.86,617.74,613.57,616.18,91350,105.35,3.14,5.43
2005-01-10,619.49,619.8,614.01,617.01,190918,103.09,3.33,5.57
2005-01-11,617.6,620.16,614.68,618.91,107442,109.87,2.85,5.26
2005-01-12,619.41,622.93,618.49,621.93,72351,107.39,2.89,5.68
2005-01-13,623.37,626.61,622.64,623.33,63914,113.26,3.12,5.32
2005-01-14,622.91,624.66,621.59,623.66,148338,105.31,3.17,5.28
2005-01-17,628.28,633.2,620.05,621.97,103920,112.14,3.01,5.67
2005-01-18,621.45,622.43,619.3,620.2,129368,112.41,3.16,5.49
2005-01-19,619.14,622.3,615.39,619.9,34091,111.68,3.27,5.45
2005-01-20,617.06,619.72,616.44,619.02,108865,109.09,3.1,5.73
2005-01-21,615.47,619.6,615.35,618.96,80441,107.66,2.89,5.6
2005-01-24,618.05,622.92,615.74,619.95,56528,111.67,3.05,5.43
2005-01-25,621.51,623.24,617.4,621.3,96271,106.48,3.5,5.48
2005-01-26,624.12,624.78,619.95,621.46,152775,109.13,3.14,5.66
2005-01-27,624.82,624.83,621.0,622.72,244382,108.32,3.37,5.35
2005-01-28,623.58,626.23,621.94,623.16,108755,106.2,2.93,5.71
2005-01-31,619.57,625.58,619.57,620.17,74335,109.17,3.13,5.43
2005-02-01,619.14,619.42,617.09,618.65,72562,110.36,3.26,5.37
2005-02-02,617.71,620.64,617.33,618.67,145110,106.18,3.43,5.66
2005-02-03,619.8,620.07,612.67,616.62,66253,109.69,3.37,5.61
2005-02-04,617.74,619.41,617.24,618.09,126623,102.94,2.78,5.24
2005-02-07,621.8,623.12,620.55,621.96,111020,105.82,3.35,5.49
2005-02-08,620.51,624.87,618.94,624.66,106217,107.25,3.48,5.34
2005-02-09,624.19,628.76,621.03,624.55,52720,109.29,2.92,5.62
2005-02-10,629.38,632.48,625.48,627.8,85580,110.51,2.84,5.76
2005-02-11,626.39,630.82,623.13,628.4,55090,108.54,3.06,5.59
2005-02-14,627.22,630.54,625.61,628.63,78018,109.74,3.11,5.39
2005-02-15,629.22,632.47,626.1,627.73,142465,107.94,2.98,5.64
2005-02-16,624.66,629.1,623.47,627.44,161526,109.36,2.77,5.5
2005-02-17,628.97,629.92,624.7,626.98,107535,109.24,3.43,5.5
2005-02-18,626.62,629.15,626.24,627.63,78579,107.07,2.85,5.44
2005-02-21,628.11,630.08,625.09,628.84,186323,107.43,2.94,5.53
2005-02-22,627.03,630.29,624.78,629.15,78163,109.82,3.09,5.5
2005-02-23,631.05,637.86,628.49,630.33,62675,112.83,2.7,5.15
2005-02-24,637.68,637.88,628.21,633.01,130430,111.27,2.68,5.52
2005-02-25,636.71,639.09,632.36,635.22,118550,105.39,2.96,5.49
2005-02-28,631.52,634.35,631.24,633.16,79456,105.43,3.27,5.57
2005-03-01,630.53,632.53,625.54,628.39,102753,106.99,3.11,5.22
2005-03-02,629.96,632.93,626.29,630.56,117814,108.54,2.55,5.59
2005-03-03,630.75,631.67,626.39,628.16,107094,108.46,3.41,5.52
2005-03-04,629.54,633.74,627.39,628.02,118607,111.44,3.26,5.59
2005-03-07,621.07,628.82,619.02,626.6,80637,111.6,3.11,5.28
2005-03-08,621.49,624.58,616.47,623.36,121844,108.44,3.11,5.34
2005-03-09,626.5,627.04,621.33,624.73,99411,107.83,3.23,5.24
2005-03-10,626.82,629.03,625.42,626.54,81738,109.66,3.65,5.54
2005-03-11,623.79,626.16,621.55,625.71,89468,111.04,3.29,5.47
2005-03-14,620.33,624.71,619.47,621.51,94924,109.84,3.14,5.5
2005-03-15,617.2,622.39,616.85,620.75,55373,107.39,2.76,5.32
2005-03-16,621.65,624.66,616.66,621.82,76522,106.92,3.11,5.34
2005-03-17,623.34,624.11,616.09,619.23,101312,105.72,3.26,5.15
2005-03-18,621.39,621.59,619.34,619.9,57503,108.97,3.04,5.32
2005-03-21,624.83,626.19,620.45,620.75,77036,110.03,2.94,5.43
2005-03-22,623.84,623.91,619.37,622.19,256236,110.28,3.21,5.44
2005-03-23,624.65,625.5,619.62,622.73,62836,111.31,2.82,5.52
2005-03-24,624.81,625.0,618.26,621.13,84666,112.16,3.29,5.64
2005-03-25,624.49,624.56,623.17,623.78,70722,104.98,2.96,5.43
2005-03-28,624.01,625.12,621.51,624.36,94207,109.42,2.54,5.61
2005-03-29,626.55,627.06,622.15,624.62,71255,109.5,2.96,5.65
2005-03-30,625.81,626.82,619.69,623.09,89563,108.24,3.06,5.71
2005-03-31,621.63,624.66,616.79,622.53,74056,106.37,3.21,5.61
2005-04-01,619.75,621.58,619.69,621.1,150550,112.07,3.18,5.55
2005-04-04,621.91,627.52,619.01,621.65,101992,106.98,2.75,5.37
2005-04-05,626.87,627.28,622.23,625.32,66092,102.9,3.1,5.58
2005-04-06,624.42,625.79,619.74,622.93,138180,108.48,2.94,5.48
2005-04-07,617.42,626.7,617.08,620.07,67285,107.89,2.98,5.74
2005-04-08,626.83,627.87,623.24,623.26,52805,113.07,2.82,5.55
2005-04-11,622.54,626.21,619.46,623.74,98595,109.64,3.06,5.52
2005-04-12,622.23,624.21,621.35,622.73,211695,107.67,3.85,5.75
2005-04-13,623.39,626.64,619.98,625.08,47521,107.9,3.54,5.47
2005-04-14,629.25,630.6,622.73,624.2,57965,107.89,2.82,5.54
2005-04-15,628.56,631.33,627.97,628.11,133387,113.88,3.09,5.84
2005-04-18,628.74,631.27,627.79,630.35,76349,109.98,2.99,5.58
2005-04-19,631.32,634.67,626.44,629.69,126093,104.79,3.11,5.71
2005-04-20,635.76,636.2,633.53,634.3,70615,107.61,3.3,5.77
2005-04-21,633.04,635.24,631.99,633.4,104483,108.18,3.04,5.46
2005-04-22,636.79,637.71,634.39,635.19,198350,105.44,2.9,5.68
2005-04-25,635.12,637.55,634.7,636.7,61216,103.73,3.36,5.5
2005-04-26,638.68,640.86,636.66,639.63,148672,109.62,2.77,5.86
2005-04-27,639.22,643.84,637.98,643.1,129557,106.06,3.12,5.77
2005-04-28,640.93,645.04,636.16,643.48,54409,111.19,2.7,5.66
2005-04-29,645.76,646.43,639.73,642.27,123446,108.11,2.82,5.71
2005-05-02,647.29,649.68,641.71,644.12,101632,106.87,3.26,5.45
2005-05-03,643.19,645.94,640.22,643.06,102379,102.03,2.91,5.81
2005-05-04,650.7,653.69,647.36,647.47,112939,111.05,2.61,5.42
2005-05-05,647.76,652.04,646.98,648.07,85806,108.72,2.89,5.62
2005-05-06,647.17,649.53,645.8,647.65,101522,106.87,2.87,5.45
2005-05-09,649.06,651.77,647.55,648.95,108725,105.74,2.76,5.69
2005-05-10,646.27,649.66,645.26,646.52,133042,112.01,3.21,5.82
2005-05-11,644.44,647.24,640.79,644.86,53590,105.38,2.69,5.63
2005-05-12,649.84,650.64,647.61,647.62,165438,107.07,2.93,5.61
2005-05-13,646.89,651.64,644.1,646.6,62185,109.43,3.11,5.54
2005-05-16,646.77,647.84,642.92,645.39,133873,111.66,2.99,5.58
2005-05-17,648.8,652.49,646.15,646.8,101903,107.47,2.98,5.51
2005-05-18,650.3,652.89,648.92,649.54,59132,106.12,2.9,5.81
2005-05-19,649.44,653.71,648.18,651.33,121936,107.66,2.77,5.68
2005-05-20,651.05,654.2,650.73,653.7,67632,110.15,2.92,5.51
2005-05-23,653.37,653.46,650.88,653.08,151375,110.72,3.24,5.57
2005-05-24,650.14,650.75,649.04,650.48,74285,104.5,2.97,6.0
2005-05-25,654.05,656.45,651.96,653.88,54285,108.17,3.12,5.61
2005-05-26,653.51,654.61,650.51,653.54,182323,104.3,3.36,5.78
2005-05-27,658.41,666.14,652.13,653.35,106141,110.1,3.23,5.48
2005-05-30,654.4,660.47,652.83,657.02,139647,108.89,2.76,5.64
2005-05-31,654.57,664.26,652.27,658.5,70221,105.5,3.19,5.48
2005-06-01,660.43,660.89,659.26,659.77,46317,111.62,3.34,5.49
2005-06-02,663.86,665.25,662.77,664.61,192929,108.54,2.93,5.69
2005-06-03,664.22,664.97,660.08,663.59,98462,108.28,2.68,5.44
2005-06-06,667.65,670.21,665.08,666.48,120155,107.22,2.97,5.39
2005-06-07,669.5,671.31,663.41,666.93,128365,107.64,3.13,5.68
2005-06-08,664.8,669.74,657.98,667.82,86322,106.69,3.23,5.5
2005-06-09,670.26,674.75,669.22,671.38,108065,105.73,2.95,5.53
2005-06-10,673.65,677.6,672.65,672.78,186760,110.64,2.57,5.3
2005-06-13,676.45,676.45,672.4,674.89,97443,106.3,2.76,5.39
2005-06-14,681.96,686.85,672.41,677.5,143895,106.17,3.17,5.61
2005-06-15,679.0,683.62,676.58,677.06,44511,107.17,3.58,5.54
2005-06-16,675.49,677.13,669.14,675.6,154740,111.08,3.08,5.71
2005-06-17,671.92,675.68,668.5,673.72,53701,110.38,3.41,5.44
2005-06-20,669.38,672.89,666.39,670.51,147821,106.61,2.82,5.56
2005-06-21,674.0,676.42,673.34,675.2,115410,110.59,2.92,5.59
2005-06-22,674.51,676.58,672.22,673.19,94999,107.83,2.5,5.55
2005-06-23,673.57,679.35,666.53,673.05,94860,105.45,3.17,5.67
2005-06-24,670.12,673.07,668.08,672.8,89224,106.37,2.86,5.42
2005-06-27,673.53,676.11,671.97,674.41,71092,110.97,3.23,5.66
2005-06-28,678.26,678.52,674.58,676.48,90908,112.71,2.96,5.76
2005-06-29,679.36,685.61,677.77,678.65,238762,108.26,3.59,5.46
2005-06-30,678.89,679.35,676.77,677.73,166195,106.06,3.53,5.65
2005-07-01,678.49,685.09,675.77,677.71,69675,107.17,2.51,5.64
2005-07-04,682.6,685.57,679.24,679.28,109872,105.55,3.23,5.68
2005-07-05,679.57,680.98,677.57,679.08,102579,105.92,2.9,5.59
2005-07-06,682.08,683.63,681.8,682.87,93254,105.61,3.25,5.8
2005-07-07,682.38,685.8,678.32,684.26,66097,107.17,2.75,5.91
2005-07-08,686.7,689.39,685.6,686.18,117990,107.64,3.44,5.68
2005-07-11,683.56,688.8,680.56,688.6,138472,106.93,3.34,5.64
2005-07-12,691.11,693.69,689.33,691.49,70716,106.7,2.73,5.6
2005-07-13,691.8,700.79,691.4,692.23,215823,109.14,3.04,5.4
2005-07-14,686.92,690.98,682.51,689.74,181461,106.71,3.12,5.38
2005-07-15,689.03,691.01,686.76,690.95,122917,106.85,3.26,5.42
2005-07-18,692.2,692.74,688.95,690.52,60313,106.83,3.08,5.64
2005-07-19,690.19,694.21,685.81,689.71,115909,111.14,3.28,5.57
2005-07-20,691.54,694.65,686.41,691.33,110502,106.03,3.07,5.83
2005-07-21,695.01,696.73,691.02,694.37,121207,108.7,3.24,5.22
2005-07-22,694.95,700.28,693.38,694.76,186499,105.33,2.74,5.6
2005-07-25,699.02,703.25,694.23,696.43,92006,108.05,3.08,5.67
2005-07-26,700.77,701.46,699.95,700.51,223939,108.47,3.37,5.74
2005-07-27,698.32,702.62,694.28,701.39,116145,109.8,3.44,5.62
2005-07-28,710.97,711.12,701.85,707.51,87887,106.04,3.13,5.66
2005-07-29,709.91,711.72,707.82,709.12,257751,104.19,3.06,5.63
2005-08-01,704.96,707.19,704.58,706.21,137579,105.06,3.43,5.67
2005-08-02,705.57,715.73,705.3,708.23,82298,109.4,3.06,5.6
2005-08-03,710.27,711.56,707.69,709.43,102097,112.17,3.37,5.92
2005-08-04,712.42,714.0,708.79,712.67,127273,109.0,3.06,5.69
2005-08-05,717.91,719.52,710.26,714.54,92934,103.73,3.1,5.64
2005-08-08,714.5,716.37,711.25,715.24,104147,108.88,2.81,5.5
2005-08-09,711.05,717.12,709.67,712.84,71190,104.55,2.77,5.56
2005-08-10,714.64,714.75,709.41,712.72,50308,106.04,3.33,5.84
2005-08-11,713.14,715.37,707.75,711.17,103008,107.41,3.52,5.24
2005-08-12,710.57,712.32,709.87,710.22,104402,107.84,3.11,5.62
2005-08-15,713.99,716.3,709.55,712.55,121886,107.08,3.05,5.61
2005-08-16,716.58,721.0,716.2,716.66,78395,105.35,3.34,5.69
2005-08-17,718.41,722.51,715.89,717.9,57744,109.48,3.17,5.65
2005-08-18,718.06,724.0,713.09,715.56,67095,105.55,2.49,5.84
2005-08-19,718.26,721.57,710.88,716.91,150580,109.98,3.34,5.63
2005-08-22,720.28,725.09,719.88,720.65,75610,103.39,2.75,5.61
2005-08-23,722.54,723.65,716.03,719.62,82715,107.34,3.09,5.76
2005-08-24,714.56,720.71,714.08,719.67,87119,103.74,2.98,5.85
2005-08-25,724.49,725.13,718.58,720.06,77056,104.71,2.93,5.72
2005-08-26,714.95,721.95,714.36,718.63,74810,105.54,3.1,5.77
2005-08-29,719.77,723.12,719.34,721.13,69671,110.58,3.31,5.59
2005-08-30,721.12,723.44,720.56,721.21,172864,110.05,3.1,5.64
2005-08-31,722.2,726.89,720.1,722.52,129578,108.95,3.44,5.84
2005-09-01,723.03,724.35,717.27,720.86,162612,106.87,3.47,5.7
2005-09-02,717.93,722.34,712.63,720.22,176263,107.27,3.47,5.58
2005-09-05,723.45,724.15,722.23,722.89,38562,109.92,3.08,5.63
2005-09-06,721.14,725.06,718.73,722.39,113253,108.52,2.97,5.78
2005-09-07,727.34,731.91,725.31,726.69,78083,106.74,3.08,5.79
2005-09-08,725.99,730.92,723.16,726.14,154310,110.42,3.37,5.5
2005-09-09,727.21,728.35,724.66,727.01,73380,108.73,3.36,5.68
2005-09-12,728.98,732.78,726.05,730.19,64753,107.25,2.44,5.63
2005-09-13,726.18,728.79,724.44,727.29,55624,105.54,3.17,5.62
2005-09-14,724.25,724.88,721.48,723.62,87459,105.37,2.5,5.83
2005-09-15,722.55,724.63,719.77,720.51,142340,105.95,3.09,5.59
2005-09-16,722.44,724.92,721.67,723.74,109367,107.88,2.96,5.54
2005-09-19,721.62,725.89,714.79,723.51,61019,108.83,2.88,5.51
2005-09-20,731.07,732.09,728.81,729.72,233529,103.04,3.3,5.6
2005-09-21,728.71,731.03,726.35,728.79,128003,101.8,2.93,5.52
2005-09-22,731.39,734.12,725.31,729.57,134721,104.27,3.09,5.5
2005-09-23,731.49,738.21,730.68,733.48,165051,105.57,2.86,5.5
2005-09-26,735.24,739.39,734.89,739.18,51221,109.49,3.11,5.51
2005-09-27,743.18,746.06,736.6,744.37,68557,105.72,3.33,5.52
2005-09-28,745.85,750.46,743.72,747.57,137201,107.01,2.87,5.69
2005-09-29,750.18,754.7,749.29,750.36,71375,107.38,3.25,5.34
2005-09-30,750.69,753.76,749.09,752.13,88432,103.75,3.11,5.53
2005-10-03,756.73,762.22,752.13,755.05,95693,109.91,3.1,5.62
2005-10-04,753.46,756.95,748.76,754.11,59221,104.62,3.0,5.81
2005-10-05,752.88,753.59,750.5,752.54,85448,110.2,3.29,5.6
2005-10-06,753.26,756.92,750.15,752.9,142315,105.98,3.26,5.62
2005-10-07,753.31,757.38,749.99,752.87,132161,105.45,3.06,5.63
2005-10-10,752.82,757.53,748.1,752.87,154076,103.52,3.14,5.37
2005-10-11,756.05,756.57,753.95,754.89,147849,106.76,3.28,5.74
2005-10-12,755.73,757.95,753.71,757.54,116116,111.86,3.23,5.73
2005-10-13,761.31,766.48,753.86,758.13,112495,107.25,3.02,5.77
2005-10-14,761.5,763.13,760.24,762.04,109243,106.84,3.38,6.02
2005-10-17,757.39,763.91,754.65,760.39,76816,104.52,3.31,5.45
2005-10-18,760.73,764.22,757.5,760.3,65383,107.67,3.62,5.42
2005-10-19,757.02,760.98,755.46,758.96,74918,106.6,2.7,5.75
2005-10-20,756.38,759.8,751.4,754.88,86646,106.11,3.27,5.6
2005-10-21,760.06,761.01,752.87,755.05,75937,107.5,3.38,5.5
2005-10-24,754.06,757.86,752.91,755.84,116486,101.71,3.35,5.61
2005-10-25,760.58,766.04,759.61,759.83,107018,105.94,3.03,5.56
2005-10-26,757.7,765.13,754.65,761.71,111717,103.17,2.75,5.91
2005-10-27,760.67,763.37,757.53,759.63,113614,106.27,3.48,5.99
2005-10-28,762.43,767.14,762.27,764.46,159255,104.32,2.97,5.41
2005-10-31,767.06,773.26,766.26,768.5,98377,104.43,3.02,5.43
2005-11-01,767.74,772.74,762.3,770.29,147760,102.71,3.61,5.54
2005-11-02,771.81,772.1,766.14,770.12,121374,108.83,2.78,5.55
2005-11-03,770.49,772.9,766.8,768.17,155104,104.38,3.3,5.54
2005-11-04,767.7,769.65,762.88,767.65,188311,104.52,2.91,5.63
2005-11-07,769.39,773.38,768.78,771.39,124325,109.85,2.9,5.59
2005-11-08,780.06,782.7,770.07,776.36,102899,107.37,3.14,5.45
2005-11-09,778.77,781.63,776.88,780.53,102633,100.8,3.26,5.5
2005-11-10,774.65,779.77,770.22,779.71,81791,109.37,3.33,5.89
2005-11-11,778.42,780.44,775.44,777.35,80699,110.06,3.37,5.6
2005-11-14,776.22,783.95,775.7,778.8,141612,109.8,2.92,5.6
2005-11-15,777.16,777.53,772.15,774.86,67139,107.64,2.81,5.43
2005-11-16,775.14,778.89,773.97,776.03,188322,103.2,3.01,5.59
2005-11-17,777.46,779.68,771.81,776.05,92902,105.83,3.18,5.81
2005-11-18,778.55,778.95,775.28,775.29,310156,102.35,3.04,5.75
2005-11-21,769.71,774.84,768.98,772.51,74813,103.84,2.19,5.78
2005-11-22,772.83,778.28,769.72,774.14,109106,103.21,2.64,5.48
2005-11-23,773.05,778.94,767.05,773.22,85755,104.43,3.04,5.48
2005-11-24,774.31,775.27,770.56,770.76,71880,106.44,3.31,5.83
2005-11-25,762.68,765.62,760.19,764.19,151073,105.02,2.87,5.79
2005-11-28,763.85,765.51,758.87,765.22,63435,104.89,3.28,5.63
2005-11-29,770.98,771.04,769.69,769.88,75325,105.32,2.72,5.79
2005-11-30,772.96,774.76,772.15,774.3,124807,109.73,3.16,5.49
2005-12-01,773.92,777.07,771.14,773.57,132984,111.4,3.16,5.48
2005-12-02,768.89,772.51,768.44,772.48,56570,104.88,3.21,5.43
2005-12-05,779.87,782.26,771.03,774.73,124575,106.82,2.84,5.72
2005-12-06,769.55,774.01,764.41,772.67,103939,103.9,2.71,5.7
2005-12-07,773.04,774.39,771.7,773.79,68385,107.91,3.28,5.59
2005-12-08,775.97,778.54,775.18,776.04,72001,104.77,2.72,5.55
2005-12-09,783.9,787.72,778.92,779.43,43766,104.13,2.9,6.03
2005-12-12,777.19,782.9,775.72,780.29,196217,110.9,3.44,5.63
2005-12-13,784.82,785.84,775.72,780.18,148177,102.51,3.14,5.88
2005-12-14,780.18,781.16,777.92,778.41,58943,99.79,3.19,5.65
2005-12-15,777.74,778.84,775.37,776.76,135884,107.78,3.25,5.6
2005-12-16,774.3,778.84,772.73,776.59,78463,105.03,3.24,5.89
2005-12-19,779.93,780.92,776.3,778.6,142332,104.3,3.09,5.8
2005-12-20,779.53,785.59,777.65,781.23,80948,112.71,2.87,5.67
2005-12-21,782.6,785.16,774.45,779.64,85362,107.73,3.77,5.85
2005-12-22,781.42,784.23,777.57,783.7,87962,105.7,3.02,6.06
2005-12-23,783.15,785.85,772.83,783.42,75891,104.08,3.18,5.57
2005-12-26,783.17,785.8,779.55,784.48,172768,106.95,3.21,5.75
2005-12-27,780.7,783.07,780.47,783.02,141408,101.52,2.96,5.62
2005-12-28,779.18,779.66,775.25,777.45,103154,104.65,2.99,5.54
2005-12-29,781.25,784.97,776.86,780.0,148720,105.81,3.47,5.54
2005-12-30,785.03,787.09,779.23,782.2,51491,106.4,2.91,5.92
2006-01-02,778.29,784.3,776.17,782.47,60392,105.51,3.2,5.41
2006-01-03,785.44,787.86,779.41,782.94,119350,104.12,3.32,5.76
2006-01-04,790.42,790.78,780.28,784.53,132483,108.14,3.04,5.56
2006-01-05,779.93,784.72,776.68,780.98,110388,101.76,3.07,5.95
2006-01-06,784.43,786.51,778.98,779.99,46486,105.2,3.34,5.64
2006-01-09,782.22,783.09,782.06,782.84,64541,104.56,3.06,5.63
2006-01-10,776.85,785.72,775.12,780.06,116615,108.43,2.58,5.92
2006-01-11,780.37,781.4,780.17,781.09,260560,104.74,3.47,5.82
2006-01-12,780.51,785.68,774.0,778.07,160679,107.02,2.85,5.77
2006-01-13,777.56,780.21,776.02,779.52,185520,106.74,3.15,5.81
2006-01-16,778.91,781.53,775.78,780.32,113084,101.31,2.77,5.53
2006-01-17,778.05,782.84,774.66,776.66,112757,105.78,2.97,5.8
2006-01-18,779.84,781.2,776.19,779.83,65290,101.54,2.99,5.66
2006-01-19,779.7,781.7,776.19,778.33,144455,106.8,3.14,5.75
2006-01-20,777.21,778.67,775.54,776.66,95867,104.12,2.88,5.77
2006-01-23,779.15,780.06,775.93,778.03,130234,108.89,3.59,5.53
2006-01-24,780.15,787.38,779.6,781.16,99934,105.43,3.1,5.78
2006-01-25,779.52,782.43,778.91,778.97,110375,103.99,3.32,5.67
2006-01-26,777.27,782.85,771.4,779.43,95311,108.91,3.1,5.51
2006-01-27,783.82,789.58,775.06,780.8,107996,103.71,3.35,5.67
2006-01-30,781.9,784.72,778.66,783.39,147271,108.09,2.57,5.7
2006-01-31,786.79,787.58,780.75,784.14,59486,107.01,2.92,5.79
2006-02-01,782.99,786.16,777.45,783.54,54329,104.93,2.97,5.34
2006-02-02,782.29,784.95,779.56,781.81,117048,102.53,2.97,5.76
2006-02-03,781.17,787.46,779.02,782.33,175646,108.97,3.23,5.62
2006-02-06,778.2,780.72,776.36,780.58,194288,107.14,3.25,5.82
2006-02-07,769.69,774.25,768.66,773.74,60490,104.06,3.08,5.7
2006-02-08,772.66,777.33,767.33,775.11,84023,106.58,3.09,5.65
2006-02-09,776.87,779.3,774.4,777.63,54628,108.45,3.71,5.68
2006-02-10,772.66,777.44,770.74,772.17,79201,106.29,3.18,5.75
2006-02-13,772.93,775.33,768.61,770.59,154683,106.63,2.54,5.84
2006-02-14,771.37,774.22,766.2,772.4,98208,108.59,3.29,5.57
2006-02-15,775.67,779.55,774.26,777.73,85003,109.78,3.24,5.65
2006-02-16,774.72,778.52,771.36,778.09,122765,105.63,3.39,5.93
2006-02-17,777.73,782.5,775.23,776.62,71824,102.6,3.25,5.65
2006-02-20,780.28,783.0,770.48,777.05,186687,102.69,2.87,5.76
2006-02-21,783.7,785.6,776.74,780.73,99003,104.16,3.32,5.52
2006-02-22,781.12,782.96,777.16,779.45,84059,103.57,3.12,5.45
2006-02-23,779.29,782.04,775.1,777.8,124833,101.72,3.36,5.55
2006-02-24,780.89,782.61,771.51,776.93,143733,110.56,3.49,5.61
2006-02-27,776.25,779.36,770.79,775.48,186911,107.28,3.07,5.87
2006-02-28,777.59,780.96,773.69,776.09,90763,104.65,3.32,5.88
2006-03-01,779.63,784.51,778.04,780.38,152424,105.81,3.36,5.42
2006-03-02,778.29,784.23,776.1,781.48,102794,101.41,3.14,5.63
2006-03-03,779.57,781.75,776.61,781.17,77299,108.78,3.59,5.82
2006-03-06,781.32,781.39,780.76,781.34,72350,101.01,3.36,5.7
2006-03-07,777.95,780.7,776.31,777.81,63653,107.21,2.95,5.94
2006-03-08,784.79,789.85,780.05,780.29,73373,101.3,3.16,5.82
2006-03-09,780.59,785.86,780.11,780.4,154242,104.86,3.31,5.68
2006-03-10,783.03,784.02,777.31,780.27,130964,109.0,3.58,5.69
2006-03-13,788.02,789.89,782.31,789.05,60084,101.68,3.26,5.71
2006-03-14,789.37,794.53,784.75,790.11,49091,105.38,3.17,5.59
2006-03-15,785.41,790.08,784.11,788.55,63264,107.35,3.42,5.86
2006-03-16,786.05,789.15,784.87,787.81,72352,106.95,3.04,5.83
2006-03-17,792.22,793.11,787.32,790.97,87438,105.92,2.85,5.79
2006-03-20,792.17,797.07,787.76,792.16,157809,106.96,3.28,5.76
2006-03-21,791.12,800.21,788.45,788.89,79293,104.24,3.01,5.57
2006-03-22,791.92,792.76,789.81,791.49,193338,110.57,3.78,5.8
2006-03-23,789.3,790.49,783.73,790.14,50408,101.73,3.16,5.74
2006-03-24,800.25,803.77,794.92,795.13,85866,108.59,3.28,6.02
2006-03-27,798.52,799.58,795.11,798.74,135160,106.11,2.94,5.53
2006-03-28,800.72,801.25,796.71,797.94,138535,107.19,3.42,5.62
2006-03-29,800.51,807.53,796.34,801.48,86311,107.58,3.09,5.49
2006-03-30,803.68,807.12,800.78,801.97,147369,106.98,3.07,5.69
2006-03-31,806.68,809.25,801.02,804.44,136609,103.52,3.07,5.46
2006-04-03,807.09,813.37,806.2,806.59,75143,104.81,2.78,5.91
2006-04-04,799.08,805.94,793.89,804.76,111968,101.92,3.04,5.89
2006-04-05,803.49,807.04,800.17,803.45,130802,104.82,3.24,5.7
2006-04-06,809.36,809.86,800.65,806.38,77326,106.33,2.71,5.58
2006-04-07,807.12,807.4,800.86,805.85,194411,107.05,3.36,5.5
2006-04-10,806.82,810.34,805.16,805.74,70675,106.51,3.03,5.62
2006-04-11,799.48,808.98,798.68,803.64,104572,101.18,3.16,5.82
2006-04-12,803.29,809.22,801.93,805.03,59879,104.14,2.54,5.61
2006-04-13,811.6,815.06,810.38,810.6,102882,103.81,3.16,6.02
2006-04-14,809.19,809.41,802.51,808.2,64419,102.22,2.84,5.96
2006-04-17,812.12,813.03,808.97,809.18,87758,103.4,3.01,5.73
2006-04-18,812.75,813.95,809.39,813.11,52331,105.43,2.71,5.66
2006-04-19,814.21,815.48,810.66,813.22,135934,108.96,2.88,5.65
2006-04-20,814.75,817.42,810.49,814.71,113835,103.03,3.06,5.97
2006-04-21,809.9,815.56,809.35,812.31,152506,102.62,3.03,5.64
2006-04-24,808.82,819.82,801.95,814.33,85894,103.92,3.32,5.88
2006-04-25,815.22,816.3,812.53,814.17,155366,106.26,2.63,5.74
2006-04-26,817.45,821.91,814.82,817.02,100279,108.44,3.09,5.84
2006-04-27,818.89,821.59,818.33,820.41,103287,105.11,3.08,5.62
2006-04-28,823.44,833.69,821.9,827.46,229950,101.62,2.99,5.69
2006-05-01,831.48,833.07,827.28,829.91,81318,102.12,2.87,5.74
2006-05-02,830.43,833.38,828.83,831.09,161293,105.66,3.38,5.65
2006-05-03,833.32,835.64,827.17,831.93,119595,107.66,3.61,5.93
2006-05-04,835.99,836.63,830.88,831.34,78530,109.72,2.67,5.63
2006-05-05,827.2,832.58,822.81,832.55,58321,102.21,2.87,5.66
2006-05-08,830.98,835.8,825.95,832.72,65301,105.51,2.85,5.95
2006-05-09,832.97,841.1,825.62,833.5,155168,102.58,3.03,5.92
2006-05-10,840.95,844.69,836.55,837.29,197552,102.86,3.41,5.98
2006-05-11,830.88,836.28,829.43,834.97,102393,102.67,3.23,5.46
2006-05-12,843.18,846.88,835.72,838.31,104563,104.25,3.06,5.78
2006-05-15,843.1,843.44,841.67,842.75,134669,102.82,3.1,5.76
2006-05-16,842.53,844.52,837.61,842.77,101653,111.23,3.02,5.66
2006-05-17,836.99,840.48,834.81,837.49,153258,103.95,3.28,5.8
2006-05-18,835.13,838.42,833.59,836.22,110929,107.59,3.31,5.7
2006-05-19,842.62,847.19,835.25,839.98,104215,103.42,3.25,5.77
2006-05-22,838.17,844.45,831.39,840.87,74631,110.64,2.55,6.26
2006-05-23,839.43,841.46,837.66,838.56,67635,105.93,3.1,5.8
2006-05-24,836.59,842.5,835.21,837.56,27899,107.19,3.05,5.8
2006-05-25,838.19,841.29,837.19,840.11,161724,103.59,3.35,5.87
2006-05-26,848.42,855.03,840.18,841.89,93093,107.48,3.16,5.78
2006-05-29,843.28,847.06,840.67,842.22,84106,105.87,3.24,5.59
2006-05-30,843.13,848.31,833.34,841.58,45221,104.1,2.98,5.51
2006-05-31,843.74,843.93,840.54,840.87,76416,102.35,3.33,5.75
2006-06-01,835.19,839.98,834.72,838.76,72498,104.49,3.41,5.71
2006-06-02,847.81,850.4,841.73,843.38,71832,104.21,2.69,5.46
2006-06-05,837.13,851.27,835.38,843.48,112773,107.19,2.78,6.0
2006-06-06,845.1,847.39,842.49,847.05,103662,104.39,3.29,5.77
2006-06-07,850.29,854.14,850.26,851.46,57267,100.11,3.06,5.97
2006-06-08,855.97,858.66,848.97,854.48,58739,106.49,3.36,5.42
2006-06-09,854.22,855.43,853.17,853.66,58696,108.12,3.16,5.98
2006-06-12,855.29,856.17,848.92,855.72,203660,100.69,3.27,5.69
2006-06-13,855.96,856.02,852.12,855.99,179349,109.37,2.91,5.95
2006-06-14,851.39,856.91,849.06,853.89,70198,108.37,3.18,5.79
2006-06-15,851.27,855.86,848.11,855.11,44773,103.29,3.18,5.83
2006-06-16,854.13,860.14,850.02,852.27,103903,102.11,2.93,5.83
2006-06-19,858.22,859.29,856.06,856.44,100586,107.48,3.35,5.7
2006-06-20,859.59,869.41,852.07,855.53,112057,101.44,2.63,5.67
2006-06-21,854.38,857.4,847.47,856.41,132793,103.18,3.15,5.71
2006-06-22,859.29,862.45,856.43,857.51,118264,101.55,2.78,5.54
2006-06-23,856.42,860.78,853.7,857.15,63159,104.85,2.84,5.69
2006-06-26,862.78,865.26,855.95,859.71,111036,108.47,3.35,5.66
2006-06-27,861.4,865.38,858.72,858.77,138902,105.75,2.82,5.54
2006-06-28,862.02,873.42,859.06,861.47,73894,107.33,2.81,5.83
2006-06-29,857.29,858.69,851.13,858.17,111299,103.95,3.24,5.77
2006-06-30,861.32,871.23,856.87,858.85,79133,105.06,2.82,5.8
2006-07-03,866.77,867.18,852.44,865.09,219359,101.67,3.35,5.87
2006-07-04,860.94,862.74,859.26,862.71,58062,104.52,3.26,5.73
2006-07-05,857.78,869.76,853.03,861.21,156745,102.92,2.9,5.63
2006-07-06,862.2,869.59,859.44,862.95,50598,104.36,3.34,5.81
2006-07-07,867.71,868.7,863.28,863.78,202242,104.18,2.61,5.33
2006-07-10,868.7,871.65,864.49,865.72,62528,103.94,3.22,5.75
2006-07-11,864.5,872.48,863.6,867.4,106496,109.97,2.79,5.89
2006-07-12,866.43,875.72,862.69,869.48,51447,109.1,2.97,5.93
2006-07-13,876.2,880.51,870.64,872.87,57526,108.17,2.98,5.69
2006-07-14,871.36,882.38,869.36,874.34,141364,109.1,3.42,5.44
2006-07-17,876.01,882.32,873.96,874.67,148934,108.16,2.97,5.38
2006-07-18,875.25,878.04,870.75,876.87,108634,104.53,3.08,5.87
2006-07-19,886.77,889.1,881.37,882.48,132777,104.2,2.99,5.72
2006-07-20,880.43,883.53,879.4,882.47,149934,105.1,2.85,6.08
2006-07-21,883.13,885.15,873.4,880.11,75081,104.01,2.84,5.56
2006-07-24,884.68,884.95,880.45,884.19,56410,101.89,3.18,5.83
2006-07-25,884.87,885.83,883.93,884.2,98176,105.23,3.09,6.03
2006-07-26,873.33,878.9,863.08,878.52,78363,100.65,3.29,5.81
2006-07-27,875.39,883.36,873.97,881.22,115317,104.87,3.04,5.54
2006-07-28,879.5,880.24,879.19,880.08,122910,102.05,3.05,6.19
2006-07-31,881.48,882.45,878.9,880.83,75157,104.33,3.29,6.02
2006-08-01,879.12,882.49,875.25,882.1,130828,104.99,3.0,5.75
2006-08-02,880.1,888.2,878.83,882.98,128239,103.62,2.74,5.9
2006-08-03,886.8,891.57,885.18,885.31,131837,100.37,3.31,5.91
2006-08-04,885.94,889.77,883.37,884.44,83858,101.52,2.93,5.88
2006-08-07,886.51,887.97,882.36,886.88,134856,105.6,3.11,5.58
2006-08-08,888.58,890.66,883.3,886.51,121540,103.07,2.94,5.83
2006-08-09,885.79,892.81,884.82,888.92,127525,105.83,2.85,6.0
2006-08-10,890.05,896.25,884.87,891.0,193129,104.43,2.62,5.86
2006-08-11,893.13,896.14,886.22,888.73,112545,103.94,3.18,5.84
2006-08-14,892.97,893.77,891.73,892.79,77436,105.25,2.25,5.7
2006-08-15,891.98,894.35,883.27,891.64,63311,102.71,3.42,5.65
2006-08-16,900.45,905.11,892.57,894.26,154999,105.36,3.35,5.55
2006-08-17,891.89,896.3,890.09,895.65,113882,103.29,2.87,5.9
2006-08-18,903.37,910.05,898.32,901.21,192530,110.61,3.49,5.75
2006-08-21,906.1,907.57,899.55,901.6,43834,101.43,3.61,5.59
2006-08-22,900.09,909.66,894.45,900.97,142097,103.38,3.03,5.94
2006-08-23,903.59,907.41,896.32,901.27,88924,103.48,3.2,5.7
2006-08-24,898.11,906.2,894.15,900.77,85698,100.9,3.13,5.66
2006-08-25,901.53,904.23,892.69,903.4,72698,106.06,3.47,5.72
2006-08-28,900.87,903.66,898.07,899.83,141467,103.22,2.75,5.76
2006-08-29,899.35,907.06,889.55,897.2,126173,98.37,3.04,5.86
2006-08-30,897.55,902.72,889.65,894.54,62507,106.1,3.33,5.66
2006-08-31,901.81,904.48,893.9,897.58,105447,102.73,3.3,5.94
2006-09-01,902.61,903.25,900.8,902.79,130933,103.99,3.09,5.87
2006-09-04,906.75,907.64,900.49,903.52,106001,105.94,3.44,5.72
2006-09-05,902.47,906.52,898.97,903.4,153758,103.33,3.15,5.77
2006-09-06,906.4,906.5,902.15,903.95,87902,103.31,3.12,5.73
2006-09-07,908.19,911.91,902.87,907.63,40064,110.36,3.27,5.8
2006-09-08,906.55,909.15,905.15,905.34,106370,98.84,3.08,6.02
2006-09-11,908.2,908.22,906.24,907.05,106111,100.99,3.11,5.73
2006-09-12,905.82,914.69,904.11,910.2,111800,101.43,2.9,5.83
2006-09-13,908.92,913.56,907.91,912.0,153705,108.61,3.83,5.69
2006-09-14,913.18,916.01,911.7,912.9,45207,102.52,2.98,5.88
2006-09-15,911.51,918.53,908.19,916.15,89734,104.69,3.28,5.84
2006-09-18,911.68,913.09,907.98,909.41,68250,102.99,3.57,6.0
2006-09-19,914.1,917.36,910.74,911.72,60887,105.65,2.76,5.68
2006-09-20,911.1,920.31,907.65,910.2,95901,104.13,3.25,5.9
2006-09-21,902.28,906.63,899.44,905.33,130709,104.86,3.1,5.99
2006-09-22,910.9,913.82,904.33,907.15,111343,107.42,3.54,5.74
2006-09-25,917.69,920.43,910.45,912.12,74981,105.24,2.87,5.78
2006-09-26,912.48,912.89,911.82,912.08,93135,102.3,2.91,5.83
2006-09-27,916.59,916.7,910.15,915.19,143194,104.88,3.08,5.77
2006-09-28,920.77,921.48,919.5,920.21,129735,110.09,2.97,5.83
2006-09-29,925.87,934.99,922.44,924.4,79133,105.4,2.98,5.9
2006-10-02,929.91,931.38,928.8,930.24,77111,104.3,3.6,5.79
2006-10-03,932.69,934.98,932.4,932.79,49682,100.46,3.13,5.79
2006-10-04,935.91,943.14,933.19,933.38,83136,105.69,2.9,5.85
2006-10-05,935.58,937.2,927.96,929.05,49300,106.11,3.0,5.75
2006-10-06,924.79,932.94,923.7,928.69,225669,104.72,3.19,5.75
2006-10-09,927.0,929.24,922.03,927.28,70119,104.24,3.18,5.67
2006-10-10,930.71,943.4,929.32,934.02,153828,110.95,2.95,5.8
2006-10-11,938.33,938.47,927.49,933.87,204279,106.01,2.69,5.88
2006-10-12,932.95,934.67,922.72,934.6,107632,106.96,3.08,5.77
2006-10-13,932.54,939.31,931.32,936.6,94844,104.01,3.07,5.69
2006-10-16,939.59,947.14,932.87,937.79,58165,103.5,2.93,5.8
2006-10-17,948.12,949.56,937.89,943.19,80673,105.34,3.41,5.87
2006-10-18,943.59,946.82,938.15,941.71,187509,103.45,3.24,5.83
2006-10-19,943.24,947.64,941.91,942.66,113607,103.64,3.13,6.15
2006-10-20,941.99,942.73,939.75,940.83,99841,104.95,3.0,5.71
2006-10-23,941.97,943.78,933.21,937.99,166849,102.54,3.53,5.79
2006-10-24,934.1,938.6,926.67,936.56,130420,104.39,2.8,5.93
2006-10-25,936.5,939.74,933.31,936.82,93046,104.04,2.97,5.71
2006-10-26,934.65,937.67,933.7,935.92,107635,106.27,2.98,6.1
2006-10-27,930.98,934.42,930.61,934.25,72603,102.34,3.17,5.82
2006-10-30,930.27,934.54,929.87,931.18,78872,98.91,3.26,5.9
2006-10-31,934.4,936.2,928.86,931.31,90896,103.13,2.76,5.82
2006-11-01,928.85,937.87,922.1,927.27,123375,104.95,2.92,5.97
2006-11-02,931.66,932.54,926.33,929.86,59937,106.33,3.2,5.66
2006-11-03,930.88,930.98,929.27,930.47,101772,102.18,2.93,6.05
2006-11-06,928.72,929.42,925.78,927.26,84461,105.31,2.99,5.85
2006-11-07,924.5,928.6,920.57,926.73,68846,106.8,3.13,5.92
2006-11-08,924.04,926.33,922.32,924.9,84643,105.86,2.85,5.71
2006-11-09,926.73,927.14,920.38,926.2,39004,101.99,3.16,5.87
2006-11-10,931.26,931.44,930.07,930.48,72908,102.21,3.24,5.67
2006-11-13,926.95,932.15,921.5,926.06,63589,105.06,3.1,6.0
2006-11-14,926.37,928.92,925.95,926.76,88259,108.02,3.45,5.63
2006-11-15,925.61,926.85,925.34,926.66,39659,104.0,3.27,5.85
2006-11-16,937.79,940.55,924.43,928.99,106548,103.52,3.08,5.76
2006-11-17,932.51,935.72,921.82,929.98,142026,100.5,3.01,5.59
2006-11-20,929.99,932.44,923.04,928.83,94191,103.02,3.53,5.68
2006-11-21,927.62,929.07,924.36,928.27,120513,102.15,2.92,5.89
2006-11-22,925.06,926.74,922.88,926.31,80411,104.03,3.02,5.69
2006-11-23,929.46,932.6,927.57,929.82,53005,100.14,2.99,5.72
2006-11-24,931.07,934.43,929.16,930.25,98782,103.1,3.19,5.88
2006-11-27,931.62,939.51,928.22,936.91,129592,101.31,3.65,5.96
2006-11-28,932.69,944.99,931.28,937.1,58118,106.19,3.15,5.93
2006-11-29,933.59,939.85,931.95,935.38,81953,101.71,3.01,5.82
2006-11-30,931.88,937.57,923.99,931.3,89424,102.47,3.14,5.86
2006-12-01,925.73,928.18,925.58,926.39,308835,104.67,2.76,5.85
2006-12-04,926.92,927.8,921.3,922.83,107941,102.87,3.04,5.67
2006-12-05,919.86,927.26,919.55,923.97,46063,109.89,3.51,5.87
2006-12-06,923.73,933.03,922.41,925.82,41725,106.3,3.25,5.67
2006-12-07,925.79,928.52,916.64,921.58,132216,104.07,3.4,5.92
2006-12-08,924.92,926.91,921.68,924.55,266735,104.91,3.34,5.85
2006-12-11,926.65,927.96,920.37,924.2,88221,98.1,2.91,5.51
2006-12-12,930.68,934.25,924.99,924.99,86135,107.06,3.57,5.98
2006-12-13,928.13,932.8,926.87,930.07,117278,105.2,2.64,5.75
2006-12-14,932.79,933.11,930.75,933.07,71731,103.7,3.17,5.74
2006-12-15,931.89,935.52,931.81,932.65,35679,105.3,2.57,5.98
2006-12-18,925.63,933.12,917.11,931.09,149478,105.63,2.66,5.81
2006-12-19,924.31,927.69,921.18,925.17,77244,102.94,3.32,5.92
2006-12-20,925.88,934.7,916.76,923.44,150248,104.95,2.91,5.74
2006-12-21,924.69,928.85,919.26,923.19,72809,106.62,3.4,5.96
2006-12-22,922.4,923.3,917.23,920.69,103643,105.17,2.54,5.87
2006-12-25,920.32,923.64,918.69,921.36,138958,103.39,3.06,5.9
2006-12-26,920.13,923.03,914.7,921.94,151469,104.76,2.78,5.81
2006-12-27,925.17,926.37,921.65,921.66,108357,107.48,3.0,6.08
2006-12-28,918.76,922.02,914.24,920.14,106222,106.0,3.47,6.12
2006-12-29,921.8,924.69,920.22,920.99,126485,101.12,3.53,5.51
2007-01-01,923.77,928.94,919.52,923.32,118855,105.47,3.21,5.98
2007-01-02,924.56,925.46,918.06,920.52,58895,105.17,2.69,5.68
2007-01-03,927.68,929.74,923.86,924.99,59347,106.89,2.78,5.92
2007-01-04,921.47,926.13,918.04,925.06,42462,104.06,3.13,5.57
2007-01-05,922.19,926.25,919.32,925.49,134135,103.05,2.88,5.9
2007-01-08,930.22,930.73,928.33,928.61,84263,100.52,3.25,5.72
2007-01-09,929.48,932.77,928.68,929.66,137046,102.19,3.5,5.77
2007-01-10,931.55,937.2,926.24,932.82,116016,106.91,2.84,5.78
2007-01-11,936.88,940.7,932.56,934.04,66106,104.37,2.86,5.73
2007-01-12,933.13,934.32,931.18,932.61,94080,103.64,2.79,5.74
2007-01-15,934.88,936.42,932.04,934.73,82295,107.1,3.02,5.78
2007-01-16,933.92,937.46,928.83,931.74,77366,106.62,3.1,5.82
2007-01-17,931.38,932.7,929.35,932.42,142360,102.05,3.09,5.89
2007-01-18,937.09,940.5,930.41,932.7,269492,106.89,3.31,6.12
2007-01-19,930.25,937.64,927.14,932.45,154273,99.74,3.18,5.7
2007-01-22,934.98,939.23,928.2,933.14,97657,105.03,3.07,5.87
2007-01-23,931.98,934.42,925.02,927.99,163374,104.8,3.09,5.96
2007-01-24,922.92,931.29,921.62,926.75,195861,106.83,3.1,5.74
2007-01-25,926.44,932.43,925.74,927.39,56559,104.9,3.07,5.51
2007-01-26,931.41,937.34,924.45,928.23,161125,103.33,2.91,5.56
2007-01-29,929.49,931.51,922.94,926.28,134305,103.55,2.78,5.52
2007-01-30,929.87,930.87,927.58,930.35,158775,110.65,3.12,6.08
2007-01-31,926.13,930.62,919.84,928.18,136668,104.15,2.96,5.94
2007-02-01,934.06,937.45,920.65,931.39,90120,105.4,3.21,5.96
2007-02-02,936.32,939.41,929.74,933.01,222603,98.83,3.1,6.0
2007-02-05,928.91,935.13,923.8,932.17,113078,101.83,3.09,5.77
2007-02-06,934.38,941.04,929.68,937.77,82972,105.12,3.33,6.2
2007-02-07,935.25,937.66,931.93,934.62,120860,99.83,2.73,5.9
2007-02-08,939.47,942.32,936.3,937.7,145649,105.2,3.52,5.84
2007-02-09,940.19,944.29,938.44,941.04,102529,101.97,2.54,6.02
2007-02-12,942.03,944.28,935.1,940.12,115526,101.21,3.44,5.95
2007-02-13,942.61,948.59,939.03,944.62,102267,101.92,3.13,6.05
2007-02-14,938.26,945.94,934.58,944.25,75808,107.57,2.95,6.06
2007-02-15,944.29,946.08,942.38,945.49,71059,104.57,2.71,5.8
2007-02-16,946.82,950.03,945.6,946.64,56323,101.44,2.93,5.88
2007-02-19,946.53,952.51,941.47,947.31,181173,105.65,3.04,5.72
2007-02-20,946.81,959.24,946.43,950.11,90276,105.75,3.13,5.61
2007-02-21,947.68,955.84,938.94,952.87,25058,102.69,3.44,5.98
2007-02-22,946.55,949.94,943.36,948.01,115683,106.1,3.1,6.0
2007-02-23,954.85,965.72,951.3,952.29,114729,106.17,3.16,5.56
2007-02-26,951.97,957.28,943.29,948.39,46787,105.83,3.17,5.75
2007-02-27,955.25,957.64,945.7,951.86,70759,101.97,3.0,5.87
2007-02-28,953.28,955.74,946.43,955.62,69527,100.67,3.03,5.88
2007-03-01,949.42,958.71,947.41,952.72,73356,99.42,3.05,6.17
2007-03-02,953.28,959.17,949.75,951.86,160349,102.02,3.24,5.77
2007-03-05,951.44,953.09,944.92,949.63,93008,102.77,2.85,5.84
2007-03-06,950.51,951.7,949.22,949.37,83208,102.97,2.95,5.96
2007-03-07,943.09,949.07,936.91,948.82,154655,103.58,3.17,5.81
2007-03-08,949.06,961.64,938.25,951.53,120347,108.0,2.81,5.79
2007-03-09,955.76,961.18,951.68,955.85,49198,102.76,3.11,5.77
2007-03-12,962.55,962.94,958.78,961.15,77137,103.43,2.94,5.9
2007-03-13,962.04,964.41,957.35,959.83,112283,99.02,3.2,5.84
2007-03-14,959.99,961.1,959.32,959.58,67944,109.14,3.42,5.97
2007-03-15,955.83,959.24,954.52,954.88,222308,100.33,2.94,5.92
2007-03-16,953.08,956.65,948.97,952.83,103275,101.88,3.27,5.43
2007-03-19,958.79,964.48,954.79,956.82,73031,105.34,3.13,5.6
2007-03-20,962.99,966.6,958.51,962.08,62995,104.15,2.98,5.79
2007-03-21,958.92,962.72,954.03,958.73,143058,107.69,3.08,6.01
2007-03-22,956.55,959.46,954.28,957.32,76180,105.39,3.4,5.77
2007-03-23,957.86,961.98,957.34,957.62,114917,103.39,3.03,5.92
2007-03-26,960.95,961.51,957.36,959.56,62279,106.18,3.4,5.96
2007-03-27,958.26,960.22,956.25,957.49,101526,106.5,3.05,5.95
2007-03-28,960.25,961.65,956.49,959.15,76545,101.92,2.72,5.79
2007-03-29,961.96,962.43,956.18,958.1,87015,105.99,3.04,5.7
2007-03-30,959.2,962.5,953.32,958.44,71789,103.03,2.7,5.67
2007-04-02,959.31,961.49,957.15,961.18,148783,103.29,3.0,6.32
2007-04-03,964.13,967.93,960.56,961.58,81112,103.9,2.99,5.94
2007-04-04,956.7,962.33,955.44,960.64,93210,102.6,3.53,6.15
2007-04-05,957.57,964.12,955.17,960.69,95029,102.47,3.48,5.75
2007-04-06,961.77,964.6,959.04,960.8,188133,106.02,3.1,6.06
2007-04-09,962.26,963.41,960.66,960.77,140944,99.73,3.38,5.8
2007-04-10,956.78,965.7,947.63,960.37,135438,100.9,2.98,5.87
2007-04-11,964.49,966.97,959.53,965.6,52514,105.18,2.72,5.83
2007-04-12,965.93,973.53,963.67,967.69,75920,103.29,3.21,5.74
2007-04-13,965.76,968.85,962.02,967.17,158807,105.96,3.17,5.74
2007-04-16,973.15,973.21,969.85,970.4,61798,104.34,2.84,5.87
2007-04-17,971.82,975.27,966.82,969.77,102089,100.11,2.85,5.79
2007-04-18,973.68,974.08,973.02,973.74,64466,103.56,3.31,5.89
2007-04-19,973.66,976.06,968.31,975.26,67106,104.72,2.65,5.75
2007-04-20,971.37,980.23,967.45,975.32,193361,103.97,3.21,5.98
2007-04-23,981.97,982.83,972.55,977.8,131624,102.19,3.0,5.81
2007-04-24,975.09,978.23,968.8,973.36,146276,102.72,3.22,6.12
2007-04-25,968.24,972.57,963.55,970.3,135062,102.04,3.32,5.87
2007-04-26,969.13,974.19,964.6,967.04,93366,100.17,2.86,5.86
2007-04-27,967.65,972.61,967.49,967.86,74858,99.81,2.79,6.12
2007-04-30,973.42,980.93,971.06,974.26,84049,104.37,3.44,5.8
2007-05-01,982.8,983.31,974.11,981.52,91424,101.13,3.06,5.82
2007-05-02,981.7,987.72,977.73,983.89,200890,104.73,3.16,5.77
2007-05-03,984.81,988.82,982.02,985.83,57841,101.78,3.3,5.91
2007-05-04,981.0,982.75,977.45,980.64,79105,100.04,2.83,5.77
2007-05-07,978.61,980.4,977.79,980.08,68515,102.31,3.3,6.0
2007-05-08,980.0,981.59,974.84,978.04,150640,108.59,3.23,5.87
2007-05-09,981.99,985.2,972.82,976.51,207215,103.13,3.44,6.01
2007-05-10,974.17,979.21,973.57,976.38,111693,104.99,3.44,5.99
2007-05-11,970.45,976.43,967.64,975.32,115428,103.81,3.09,5.81
2007-05-14,964.53,975.93,962.83,970.36,102388,99.93,3.26,5.77
2007-05-15,972.59,975.18,970.7,973.03,117593,107.03,3.09,5.83
2007-05-16,968.2,974.81,965.59,970.13,134492,102.83,3.11,5.89
2007-05-17,971.86,976.34,967.89,971.25,117038,100.16,2.79,5.93
2007-05-18,978.39,983.06,972.67,978.0,120515,102.07,3.02,5.95
2007-05-21,971.59,980.96,969.61,976.28,134613,102.86,2.63,5.88
2007-05-22,963.64,977.89,956.32,968.92,48469,105.33,3.04,5.78
2007-05-23,969.29,971.7,965.53,968.43,98795,101.76,3.4,5.8
2007-05-24,972.57,973.75,971.35,972.18,111533,109.97,3.27,5.96
2007-05-25,977.33,979.43,975.65,978.58,116594,101.0,3.1,5.79
2007-05-28,971.05,977.13,965.32,975.91,92193,104.91,3.02,5.97
2007-05-29,979.2,980.11,972.34,977.82,105271,98.42,2.94,5.98
2007-05-30,980.5,983.45,972.11,976.78,74016,103.06,2.85,6.12
2007-05-31,977.65,983.42,973.81,976.84,48536,104.29,3.28,5.82
2007-06-01,982.89,991.22,982.43,985.4,146276,100.47,2.69,5.84
2007-06-04,981.99,983.74,981.11,981.86,62708,107.06,2.69,5.54
2007-06-05,979.0,985.56,977.95,983.03,92579,104.38,3.3,5.75
2007-06-06,988.0,991.0,982.36,984.87,73155,102.48,3.13,5.75
2007-06-07,988.88,992.93,983.52,988.64,186242,104.29,3.09,5.97
2007-06-08,984.09,993.36,984.04,989.33,95620,101.74,3.13,6.16
2007-06-11,990.53,995.35,985.5,991.42,87187,106.33,3.58,5.98
2007-06-12,991.97,994.37,989.07,990.59,133138,105.75,3.09,6.04
2007-06-13,990.83,995.34,990.32,991.82,233886,104.13,3.15,5.79
2007-06-14,990.32,991.28,986.77,991.14,116107,104.73,3.59,5.71
2007-06-15,989.83,1000.62,987.44,993.48,84883,99.48,3.06,5.86
2007-06-18,995.14,1002.09,991.31,993.45,130435,106.84,3.51,5.8
2007-06-19,993.09,997.14,993.0,995.03,52624,102.91,2.55,5.77
2007-06-20,988.89,996.93,985.43,995.33,100566,105.72,2.79,5.93
2007-06-21,998.15,1000.28,992.68,999.26,219165,104.99,2.91,5.72
2007-06-22,1002.44,1004.94,997.47,999.5,105145,105.63,3.22,6.02
2007-06-25,993.9,1002.86,992.06,995.06,103064,100.54,3.52,5.84
2007-06-26,1004.63,1011.3,998.12,999.42,99534,100.81,2.93,5.89
2007-06-27,998.25,1001.55,988.98,996.97,84272,108.76,3.32,5.91
2007-06-28,996.32,999.28,994.53,995.31,111948,99.36,3.64,5.83
2007-06-29,993.45,994.38,990.45,993.84,134606,100.43,3.47,6.09
2007-07-02,999.08,1002.43,996.21,999.28,86445,103.22,2.98,5.66
2007-07-03,992.19,996.69,987.51,992.98,36450,103.3,3.3,6.09
2007-07-04,1002.33,1008.78,994.93,1003.24,118924,101.72,3.17,5.85
2007-07-05,1008.58,1015.64,1003.67,1006.98,231711,104.57,2.92,6.04
2007-07-06,1005.26,1014.37,1000.9,1008.09,84922,105.27,3.19,5.93
2007-07-09,1005.8,1013.64,999.1,1009.06,54804,102.96,2.96,6.03
2007-07-10,1006.96,1011.42,1002.83,1010.37,129439,102.32,3.11,5.88
2007-07-11,1018.64,1026.48,1008.3,1012.43,198299,102.91,2.74,5.94
2007-07-12,1016.5,1017.76,1011.75,1014.89,121996,101.69,2.64,6.07
2007-07-13,1018.0,1018.13,1009.04,1017.07,196787,98.67,3.01,5.92
2007-07-16,1015.28,1024.35,1008.54,1018.51,135600,103.65,3.16,6.1
2007-07-17,1020.19,1021.41,1013.16,1018.28,130972,104.81,2.8,5.96
2007-07-18,1017.84,1023.0,1015.97,1018.2,80241,102.52,3.22,5.79
2007-07-19,1018.63,1020.33,1017.0,1017.98,110653,97.24,3.1,5.85
2007-07-20,1019.03,1027.63,1015.39,1022.02,97558,101.43,3.25,6.04
2007-07-23,1025.59,1025.89,1020.35,1025.1,96230,105.09,3.32,5.72
2007-07-24,1014.76,1023.9,1008.63,1016.05,89183,99.33,3.42,6.02
2007-07-25,1016.22,1021.56,1015.15,1018.56,108038,104.64,3.24,5.85
2007-07-26,1021.83,1024.47,1017.2,1019.59,58774,101.77,3.01,5.71
2007-07-27,1015.23,1020.14,1014.67,1019.93,136582,102.83,3.14,5.94
2007-07-30,1021.57,1025.06,1018.66,1019.84,69487,101.17,3.67,5.8
2007-07-31,1025.97,1028.71,1020.04,1023.86,89312,100.0,3.34,5.82
2007-08-01,1024.62,1045.74,1020.54,1027.33,112670,106.39,3.11,5.81
2007-08-02,1022.72,1029.42,1021.63,1025.24,68124,104.86,3.05,5.92
2007-08-03,1026.27,1030.5,1023.42,1026.96,44954,104.42,2.94,5.85
2007-08-06,1025.85,1028.41,1018.65,1024.99,84692,105.1,2.8,5.97
2007-08-07,1020.48,1027.36,1012.53,1020.95,55690,104.13,3.52,6.06
2007-08-08,1020.66,1025.15,1019.05,1019.34,131258,105.25,3.21,5.99
2007-08-09,1027.92,1035.66,1017.86,1022.51,62230,101.19,2.78,6.18
2007-08-10,1024.43,1033.52,1013.49,1025.99,178806,106.26,3.06,6.22
2007-08-13,1023.53,1034.91,1017.17,1028.82,98487,106.01,3.42,5.87
2007-08-14,1034.14,1038.73,1028.59,1031.58,101080,103.71,2.99,5.74
2007-08-15,1038.89,1043.06,1032.67,1033.67,44700,102.01,2.9,5.87
2007-08-16,1033.21,1037.11,1030.17,1031.99,104604,99.69,3.19,5.93
2007-08-17,1030.43,1035.15,1029.8,1033.81,95599,103.3,3.27,6.24
2007-08-20,1037.21,1039.95,1036.4,1037.6,58709,106.9,2.99,5.86
2007-08-21,1036.98,1049.1,1030.4,1040.48,102222,99.76,2.95,5.95
2007-08-22,1046.81,1054.78,1043.19,1044.79,84189,105.16,3.22,5.81
2007-08-23,1043.3,1047.57,1038.76,1047.54,90516,101.4,2.82,5.86
2007-08-24,1048.17,1057.32,1040.57,1049.12,99743,101.6,2.97,5.73
2007-08-27,1050.68,1060.13,1048.47,1053.86,81749,99.57,3.08,5.69
2007-08-28,1054.59,1056.49,1046.08,1054.19,108943,100.63,3.29,6.12
2007-08-29,1050.52,1060.13,1046.89,1051.68,95356,104.15,3.0,6.07
2007-08-30,1052.11,1053.03,1045.99,1051.55,119265,104.47,3.25,5.86
2007-08-31,1049.58,1052.28,1046.8,1049.51,79899,103.15,3.4,6.07
2007-09-03,1045.36,1049.33,1041.25,1048.47,64474,101.32,2.99,5.72
2007-09-04,1050.38,1050.75,1048.37,1048.4,74343,99.81,3.92,5.89
2007-09-05,1046.05,1046.47,1045.74,1046.21,175793,102.75,3.47,5.94
2007-09-06,1042.5,1047.8,1035.76,1045.6,144695,101.69,3.19,6.11
2007-09-07,1046.79,1051.87,1036.42,1039.8,160388,103.19,3.07,5.95
2007-09-10,1043.17,1044.89,1032.49,1041.68,164898,101.84,2.98,6.0
2007-09-11,1041.62,1043.93,1040.62,1042.1,81917,101.9,3.54,5.85
2007-09-12,1044.24,1045.08,1039.1,1039.83,111115,103.06,3.18,5.96
2007-09-13,1048.16,1052.18,1034.84,1042.4,101756,103.52,2.77,6.11
2007-09-14,1045.45,1051.02,1043.79,1045.9,128516,105.66,2.7,5.68
2007-09-17,1042.89,1044.06,1041.42,1041.8,87933,101.8,3.16,6.09
2007-09-18,1036.63,1040.21,1032.52,1039.71,102456,104.03,3.16,5.89
2007-09-19,1037.15,1039.74,1035.49,1037.61,101611,107.2,2.9,5.71
2007-09-20,1034.33,1038.68,1031.24,1034.95,122137,104.15,2.76,5.88
2007-09-21,1038.64,1041.64,1028.71,1038.07,128320,105.59,2.64,6.11
2007-09-24,1039.65,1041.96,1034.72,1038.61,102484,101.13,2.95,5.85
2007-09-25,1039.9,1042.86,1034.23,1038.16,103735,100.88,3.05,5.97
2007-09-26,1032.77,1037.28,1031.38,1032.04,108051,102.35,3.31,5.68
2007-09-27,1030.76,1036.55,1028.24,1034.51,190731,102.59,3.11,5.65
2007-09-28,1027.99,1032.79,1019.12,1030.89,49414,105.44,3.41,5.76
2007-10-01,1030.57,1040.42,1026.21,1032.26,66978,100.92,3.3,6.07
2007-10-02,1032.7,1033.88,1026.91,1033.57,129245,102.51,3.28,5.92
2007-10-03,1041.69,1046.33,1037.51,1038.42,109964,105.37,3.4,6.09
2007-10-04,1030.95,1041.47,1027.62,1034.56,109655,103.26,2.81,6.1
2007-10-05,1024.07,1029.38,1021.02,1025.17,128926,102.8,3.02,5.81
2007-10-08,1029.87,1029.94,1017.82,1026.93,107537,103.4,3.76,6.16
2007-10-09,1032.25,1035.83,1032.2,1033.18,78927,99.92,2.68,5.84
2007-10-10,1039.06,1044.42,1036.54,1037.63,126946,99.83,3.09,6.07
2007-10-11,1038.29,1041.97,1033.59,1038.73,99543,98.71,3.28,6.07
2007-10-12,1038.33,1040.84,1035.62,1037.53,82534,103.21,2.7,5.94
2007-10-15,1040.64,1050.69,1033.5,1041.36,130111,104.94,2.98,5.94
2007-10-16,1040.66,1044.04,1027.47,1038.58,128080,104.59,3.67,5.97
2007-10-17,1035.73,1043.99,1033.51,1040.55,107571,105.52,3.22,5.94
2007-10-18,1041.48,1046.97,1036.29,1042.62,196191,106.27,3.03,5.87
2007-10-19,1047.45,1049.8,1046.22,1046.52,167834,102.95,3.23,5.86
2007-10-22,1058.55,1059.16,1055.48,1056.86,147376,102.32,3.04,5.87
2007-10-23,1063.33,1067.95,1056.02,1058.59,275556,106.15,3.61,6.11
2007-10-24,1056.07,1060.15,1053.16,1057.31,93098,100.72,2.94,5.69
2007-10-25,1062.34,1068.2,1050.72,1057.64,81967,99.53,3.06,5.85
2007-10-26,1050.1,1055.58,1038.92,1052.18,139266,101.68,2.82,5.88
2007-10-29,1055.27,1061.03,1047.97,1051.08,89227,101.4,3.12,5.9
2007-10-30,1052.71,1053.57,1042.49,1050.14,99187,102.67,3.16,5.97
2007-10-31,1045.95,1053.8,1043.61,1048.82,66544,100.44,3.5,5.73
2007-11-01,1050.71,1051.34,1042.98,1049.74,125827,103.48,2.95,6.08
2007-11-02,1047.28,1051.49,1043.87,1047.44,54808,101.16,3.33,6.06
2007-11-05,1054.31,1055.59,1045.58,1052.34,94980,105.6,3.23,6.03
2007-11-06,1052.05,1056.83,1051.1,1052.76,98111,99.54,2.74,5.9
2007-11-07,1052.17,1055.52,1049.61,1053.14,82916,102.17,3.04,5.82
2007-11-08,1056.79,1057.64,1051.99,1052.47,48879,101.69,3.03,5.88
2007-11-09,1053.09,1055.56,1051.7,1053.4,48734,103.1,3.64,5.94
2007-11-12,1059.97,1066.71,1054.54,1057.35,73242,104.79,3.37,6.03
2007-11-13,1054.17,1054.95,1050.08,1054.88,122469,103.17,3.27,5.92
2007-11-14,1058.38,1060.86,1048.7,1053.11,110809,102.2,2.16,5.99
2007-11-15,1050.38,1055.25,1048.23,1052.52,98068,104.26,2.76,5.87
2007-11-16,1046.55,1049.04,1045.52,1048.48,69297,104.68,3.42,5.98
2007-11-19,1051.76,1054.07,1043.64,1046.97,113148,103.26,3.44,5.9
2007-11-20,1044.42,1051.6,1036.22,1045.81,48068,103.57,3.06,5.97
2007-11-21,1054.15,1059.16,1048.23,1049.11,37849,104.18,3.26,5.67
2007-11-22,1053.21,1058.19,1050.18,1050.4,89569,98.44,3.24,6.01
2007-11-23,1050.97,1053.54,1050.07,1051.46,79346,101.66,3.3,6.02
2007-11-26,1049.73,1059.54,1049.37,1055.48,148044,103.44,3.17,6.02
2007-11-27,1055.38,1055.78,1053.55,1055.44,105155,101.77,3.47,5.79
2007-11-28,1057.48,1058.11,1054.73,1057.16,191050,101.76,3.55,5.83
2007-11-29,1060.93,1063.52,1052.45,1057.23,79277,103.41,3.03,5.81
2007-11-30,1063.58,1068.58,1056.53,1058.53,119935,103.46,2.98,5.99
2007-12-03,1055.62,1057.97,1054.98,1057.79,89240,103.64,3.09,6.04
2007-12-04,1052.64,1054.34,1047.18,1050.11,171559,100.57,3.3,5.83
2007-12-05,1052.5,1055.39,1046.66,1050.09,90978,99.01,3.38,6.14
2007-12-06,1058.62,1061.43,1054.35,1055.22,138935,104.51,3.49,6.13
2007-12-07,1060.31,1064.98,1055.52,1058.72,64148,100.61,3.54,5.96
2007-12-10,1056.96,1068.51,1056.72,1063.15,83609,100.39,3.4,5.99
2007-12-11,1067.23,1069.44,1064.54,1067.72,95452,100.11,3.37,5.69
2007-12-12,1064.74,1071.56,1062.39,1068.45,163630,105.24,3.73,5.86
2007-12-13,1068.88,1074.75,1066.8,1069.53,40991,102.88,3.32,5.75
2007-12-14,1071.02,1072.85,1067.48,1067.88,86417,103.22,3.47,5.8
2007-12-17,1069.01,1073.58,1063.65,1068.03,85255,104.09,3.41,6.02
2007-12-18,1074.21,1075.81,1065.23,1070.53,43010,102.23,3.29,6.05
2007-12-19,1076.12,1082.86,1071.85,1075.02,81992,104.82,3.3,6.06
2007-12-20,1070.78,1077.33,1068.27,1074.97,53302,99.3,3.67,5.98
2007-12-21,1065.75,1075.57,1061.24,1073.87,38860,99.59,3.32,6.02
2007-12-24,1075.58,1080.57,1072.76,1075.1,88882,99.44,3.27,5.7
2007-12-25,1076.87,1079.48,1068.45,1077.56,87688,103.32,3.17,5.75
2007-12-26,1069.95,1077.1,1068.75,1073.1,89502,103.58,3.47,5.91
2007-12-27,1060.35,1073.71,1051.33,1065.78,109222,101.21,3.24,6.03
2007-12-28,1062.01,1065.46,1061.5,1064.36,69441,101.82,3.45,5.88
2007-12-31,1060.86,1061.56,1059.76,1061.48,202064,105.6,3.42,5.74
2008-01-01,1062.32,1065.96,1059.89,1060.2,97409,100.71,3.28,5.84
2008-01-02,1060.73,1065.73,1059.74,1060.13,165143,103.19,3.04,5.8
2008-01-03,1064.14,1066.35,1055.76,1059.04,50414,100.74,3.13,5.69
2008-01-04,1061.01,1066.99,1056.13,1064.31,70699,105.14,3.18,6.28
2008-01-07,1069.44,1071.61,1064.48,1066.62,129900,103.95,3.16,6.13
2008-01-08,1068.2,1071.77,1063.55,1068.05,90162,98.87,3.52,5.65
2008-01-09,1072.8,1076.72,1060.1,1070.57,64262,101.68,3.95,5.66
2008-01-10,1065.76,1070.02,1063.91,1067.16,47313,97.17,3.29,5.83
2008-01-11,1074.53,1080.62,1069.57,1071.08,132360,104.58,3.33,5.72
2008-01-14,1073.0,1075.49,1068.74,1072.05,128109,107.44,3.29,6.3
2008-01-15,1072.55,1081.5,1067.72,1074.74,108806,96.84,3.65,5.83
2008-01-16,1071.5,1072.19,1068.01,1071.54,80954,98.76,3.55,6.0
2008-01-17,1065.96,1068.64,1062.22,1066.73,63244,102.8,3.44,5.87
2008-01-18,1071.48,1076.7,1066.04,1069.91,96645,102.3,3.15,5.77
2008-01-21,1068.6,1074.08,1064.53,1072.39,58330,101.29,3.22,6.11
2008-01-22,1069.68,1074.51,1068.04,1069.77,73084,98.0,3.51,6.05
2008-01-23,1068.54,1070.73,1064.03,1067.27,163488,103.18,3.53,5.94
2008-01-24,1071.59,1075.88,1067.7,1071.48,47082,104.55,3.47,6.31
2008-01-25,1072.22,1081.05,1059.88,1067.9,129444,109.48,3.65,5.98
2008-01-28,1077.16,1081.76,1070.9,1074.66,179454,105.56,3.19,5.88
2008-01-29,1072.02,1073.29,1069.07,1072.04,136831,99.07,3.57,6.24
2008-01-30,1075.32,1087.15,1065.55,1074.62,115761,102.26,3.56,6.01
2008-01-31,1074.89,1075.18,1072.09,1073.94,82007,103.78,3.27,6.19
2008-02-01,1077.71,1077.97,1066.61,1076.41,76240,100.55,3.36,5.94
2008-02-04,1069.89,1079.18,1066.34,1075.78,40164,104.23,3.7,5.5
2008-02-05,1074.69,1075.84,1068.7,1075.66,100187,104.04,3.24,5.72
2008-02-06,1071.43,1083.57,1070.51,1076.22,84044,105.37,4.15,6.11
2008-02-07,1077.37,1082.25,1069.55,1073.26,74666,104.31,3.68,5.86
2008-02-08,1075.99,1084.81,1065.55,1076.19,97926,102.99,3.53,5.99
2008-02-11,1075.05,1077.47,1072.28,1075.67,101209,100.69,3.49,6.12
2008-02-12,1078.22,1083.43,1070.28,1075.32,76555,99.05,3.76,5.98
2008-02-13,1073.75,1075.28,1070.68,1072.39,188194,102.86,3.46,5.82
2008-02-14,1060.58,1067.14,1060.32,1064.19,132222,101.39,3.48,5.95
2008-02-15,1063.74,1067.71,1063.01,1063.97,141281,101.64,3.94,5.97
2008-02-18,1072.22,1076.96,1071.23,1073.3,94719,105.11,3.47,5.89
2008-02-19,1070.75,1081.65,1065.72,1076.39,121114,105.7,3.63,5.75
2008-02-20,1074.52,1077.93,1071.56,1076.75,68990,99.18,3.41,5.9
2008-02-21,1075.69,1077.07,1073.9,1076.28,128862,101.75,3.67,5.94
2008-02-22,1076.41,1082.14,1075.92,1076.78,90965,101.19,3.75,5.74
2008-02-25,1075.07,1082.62,1072.67,1079.87,65591,103.03,4.04,5.82
2008-02-26,1080.0,1082.01,1072.54,1076.28,97820,96.61,3.39,5.85
2008-02-27,1080.17,1082.05,1076.88,1080.5,87831,98.58,3.27,5.68
2008-02-28,1083.49,1084.75,1081.76,1083.36,250002,101.91,3.57,5.98
2008-02-29,1087.55,1089.6,1083.9,1086.25,117495,104.14,3.49,5.99
2008-03-03,1086.41,1094.17,1084.21,1088.99,185699,102.33,3.65,5.87
2008-03-04,1090.98,1092.21,1087.51,1089.48,155206,103.82,3.79,5.75
2008-03-05,1091.03,1095.09,1090.75,1092.23,100218,102.6,4.23,6.02
2008-03-06,1091.76,1097.17,1087.5,1094.7,82661,105.28,3.56,6.04
2008-03-07,1095.79,1099.65,1091.27,1093.91,49212,105.81,3.12,5.97
2008-03-10,1098.07,1098.24,1088.05,1093.18,69676,100.2,3.63,5.96
2008-03-11,1096.34,1100.34,1093.33,1093.96,128682,104.3,3.78,6.05
2008-03-12,1102.79,1104.83,1093.75,1099.75,87478,103.3,3.46,5.94
2008-03-13,1094.19,1097.4,1092.97,1095.9,114729,108.34,3.76,5.82
2008-03-14,1086.05,1099.21,1084.83,1091.28,43821,100.13,3.74,5.95
2008-03-17,1097.97,1100.1,1082.31,1093.08,118350,101.81,3.79,5.9
2008-03-18,1100.43,1103.98,1091.37,1093.69,153061,99.52,3.92,5.95
2008-03-19,1099.79,1101.23,1093.92,1094.72,48518,99.65,3.71,6.09
2008-03-20,1094.9,1096.48,1089.72,1096.0,114533,103.04,3.87,5.78
2008-03-21,1091.87,1102.3,1090.93,1095.66,168959,102.59,3.29,5.99
2008-03-24,1098.55,1105.44,1095.31,1102.07,193306,103.36,3.52,5.77
2008-03-25,1091.42,1102.41,1086.22,1096.96,80708,103.36,3.68,5.82
2008-03-26,1094.18,1097.04,1093.6,1094.53,134857,101.5,3.51,6.2
2008-03-27,1099.88,1105.41,1094.61,1094.61,174890,101.48,3.77,6.03
2008-03-28,1088.93,1090.01,1082.07,1089.39,115908,99.71,3.69,5.99
2008-03-31,1091.01,1096.03,1084.62,1090.03,165054,100.38,3.68,5.71
2008-04-01,1100.7,1104.31,1095.54,1096.18,97309,101.93,4.02,5.93
2008-04-02,1095.36,1099.77,1090.95,1096.69,115580,102.56,3.82,5.65
2008-04-03,1104.62,1109.02,1094.67,1097.92,76984,103.83,3.53,5.97
2008-04-04,1100.54,1100.62,1084.46,1094.0,92425,103.62,3.66,5.78
2008-04-07,1092.69,1103.94,1090.81,1093.12,117416,105.99,4.01,6.05
2008-04-08,1090.37,1095.86,1086.41,1092.26,74708,99.68,3.88,5.99
2008-04-09,1093.89,1094.95,1089.69,1091.6,90270,101.54,4.13,5.78
2008-04-10,1095.31,1100.03,1092.16,1096.45,133833,99.85,4.05,6.02
2008-04-11,1095.0,1103.1,1093.18,1098.81,224363,105.24,3.74,6.28
2008-04-14,1100.43,1101.91,1087.41,1096.22,43487,100.81,4.22,5.93
2008-04-15,1101.51,1103.66,1094.36,1097.51,217647,104.94,4.24,6.1
2008-04-16,1100.18,1107.54,1099.12,1099.66,88969,105.67,3.42,5.65
2008-04-17,1099.88,1110.53,1098.68,1104.06,145213,103.02,3.88,6.03
2008-04-18,1105.91,1112.82,1104.73,1110.01,157068,102.66,3.74,5.88
2008-04-21,1108.08,1113.3,1107.66,1107.72,184572,102.05,3.82,5.93
2008-04-22,1103.68,1108.31,1100.79,1105.33,73777,101.18,3.69,6.05
2008-04-23,1100.27,1106.93,1100.04,1101.4,90209,100.92,3.66,5.93
2008-04-24,1104.4,1106.89,1095.03,1101.02,96621,101.65,4.13,5.72
2008-04-25,1105.51,1110.47,1100.54,1103.08,85564,106.56,3.61,6.2
2008-04-28,1112.35,1114.47,1105.57,1107.77,167293,99.35,3.94,5.75
2008-04-29,1104.66,1108.18,1103.75,1107.95,95728,102.46,3.59,5.84
2008-04-30,1106.13,1110.38,1101.37,1107.27,51667,103.74,4.25,5.99
2008-05-01,1110.76,1111.18,1108.1,1108.24,76633,101.24,3.94,5.99
2008-05-02,1107.25,1108.09,1100.85,1105.77,52503,103.01,4.12,6.03
2008-05-05,1119.46,1124.08,1108.06,1114.33,90099,98.12,4.0,5.99
2008-05-06,1110.54,1114.48,1106.56,1109.14,129187,105.25,3.89,6.14
2008-05-07,1116.38,1117.56,1106.91,1110.23,75978,104.76,3.97,6.04
2008-05-08,1119.58,1119.78,1117.19,1117.77,84018,101.6,4.34,5.79
2008-05-09,1121.8,1124.77,1112.7,1118.24,88441,99.65,3.74,5.58
2008-05-12,1117.75,1122.9,1111.06,1118.84,104432,103.82,3.34,5.99
2008-05-13,1118.07,1123.96,1116.27,1118.02,121349,98.98,3.79,6.19
2008-05-14,1120.88,1123.91,1116.3,1117.83,136339,99.34,3.68,5.78
2008-05-15,1128.55,1135.41,1119.23,1123.12,243338,101.66,4.23,5.81
2008-05-16,1118.2,1123.95,1111.87,1115.76,103714,105.67,3.95,6.02
2008-05-19,1122.16,1123.14,1120.47,1122.44,132497,103.41,4.21,6.04
2008-05-20,1122.48,1129.43,1114.68,1117.86,52311,100.23,4.02,6.14
2008-05-21,1110.02,1119.51,1107.33,1117.36,84823,97.65,4.01,6.22
2008-05-22,1111.53,1117.99,1110.83,1116.3,88595,101.97,4.06,6.01
2008-05-23,1121.1,1123.49,1114.83,1118.81,65714,102.47,4.39,5.83
2008-05-26,1114.5,1114.59,1111.28,1114.46,79666,101.7,4.08,5.84
2008-05-27,1118.55,1121.86,1114.58,1116.52,94561,106.38,4.31,5.89
2008-05-28,1124.33,1125.24,1119.89,1124.11,80671,101.46,4.3,6.13
2008-05-29,1121.65,1125.86,1117.56,1119.74,279493,96.13,4.0,5.9
2008-05-30,1118.11,1122.19,1115.68,1120.85,121165,100.8,4.03,6.12
2008-06-02,1121.7,1128.05,1112.7,1119.79,219785,102.97,3.96,5.74
2008-06-03,1125.08,1132.66,1116.09,1121.73,179343,102.78,4.38,6.02
2008-06-04,1126.36,1135.46,1120.65,1122.25,76443,101.36,3.83,5.86
2008-06-05,1127.19,1132.11,1116.7,1120.42,100210,100.97,3.88,6.05
2008-06-06,1123.41,1124.54,1122.16,1122.59,82956,96.8,4.0,5.93
2008-06-09,1131.2,1135.38,1124.68,1130.27,92528,101.94,3.79,6.09
2008-06-10,1124.88,1132.53,1114.98,1130.04,66797,100.88,3.93,5.91
2008-06-11,1131.25,1141.07,1129.7,1133.06,82733,102.32,4.37,5.97
2008-06-12,1128.24,1131.54,1127.19,1128.9,113983,102.97,4.25,6.09
2008-06-13,1129.49,1133.75,1121.55,1125.95,112786,104.87,3.98,5.96
2008-06-16,1126.84,1135.17,1123.04,1128.91,109246,99.35,4.3,5.98
2008-06-17,1137.35,1143.35,1123.21,1134.64,96387,98.45,4.62,6.09
2008-06-18,1136.36,1139.1,1136.35,1136.37,139287,100.23,4.18,5.96
2008-06-19,1135.09,1136.33,1133.3,1135.7,89070,99.83,4.46,5.74
2008-06-20,1136.99,1140.55,1134.34,1136.14,172236,99.6,4.32,5.89
2008-06-23,1131.63,1136.0,1130.76,1132.96,47143,105.31,4.04,5.69
2008-06-24,1134.11,1137.48,1133.72,1135.57,128376,102.04,4.16,5.94
2008-06-25,1133.36,1139.5,1129.44,1139.18,120012,106.57,4.25,6.05
2008-06-26,1137.17,1140.34,1133.83,1138.01,75370,101.64,3.93,5.99
2008-06-27,1135.14,1137.74,1127.63,1136.78,85639,98.73,3.47,6.18
2008-06-30,1137.26,1143.43,1133.41,1139.03,118885,99.62,3.92,6.17
2008-07-01,1139.33,1141.11,1131.55,1137.91,142396,104.21,3.59,6.01
2008-07-02,1140.37,1145.28,1138.03,1138.12,49031,98.81,3.94,5.62
2008-07-03,1146.93,1150.68,1146.0,1146.13,126918,102.96,3.7,6.08
2008-07-04,1149.11,1155.0,1140.33,1145.69,82202,100.68,4.35,5.86
2008-07-07,1147.68,1148.2,1140.07,1145.7,154835,99.25,3.84,6.11
2008-07-08,1142.81,1144.92,1140.35,1143.82,47301,105.06,4.27,6.02
2008-07-09,1145.37,1154.75,1135.53,1146.96,262529,100.09,4.33,6.08
2008-07-10,1147.83,1156.13,1140.45,1146.76,69254,99.49,4.32,6.05
2008-07-11,1146.84,1147.5,1143.72,1144.87,174902,101.38,3.67,6.34
2008-07-14,1155.78,1159.43,1148.82,1150.95,96021,100.25,4.43,6.06
2008-07-15,1160.7,1163.82,1150.45,1156.57,71149,107.0,4.25,5.79
2008-07-16,1152.96,1162.55,1147.29,1154.84,109759,104.13,4.35,6.14
2008-07-17,1148.17,1151.9,1146.27,1148.52,148992,100.07,4.61,5.91
2008-07-18,1154.95,1159.15,1147.52,1152.63,53046,100.32,4.35,6.18
2008-07-21,1155.14,1155.29,1150.97,1151.45,130696,96.47,3.86,6.21
2008-07-22,1158.04,1169.51,1145.35,1154.78,98236,101.83,4.31,6.07
2008-07-23,1147.87,1153.8,1146.28,1148.09,124345,99.68,3.78,5.79
2008-07-24,1147.45,1154.22,1143.04,1151.78,99150,101.73,4.14,5.91
2008-07-25,1144.41,1149.33,1142.66,1147.85,78531,96.64,4.03,6.18
2008-07-28,1152.75,1156.0,1146.16,1151.8,63243,101.45,4.16,6.28
2008-07-29,1153.49,1159.34,1144.38,1152.31,129192,105.76,3.78,5.99
2008-07-30,1145.52,1151.08,1139.09,1149.31,128915,101.67,3.81,5.94
2008-07-31,1148.44,1153.58,1147.54,1148.29,128657,99.61,4.04,5.8
2008-08-01,1153.41,1163.66,1147.1,1151.23,117129,101.47,4.1,5.81
2008-08-04,1148.94,1153.23,1146.99,1152.93,144044,101.34,4.05,6.02
2008-08-05,1159.34,1162.98,1154.14,1155.51,173239,106.96,4.52,6.09
2008-08-06,1161.87,1165.93,1160.08,1163.18,46603,100.57,4.26,5.76
2008-08-07,1162.29,1162.38,1153.11,1157.93,38687,98.45,4.25,6.11
2008-08-08,1162.44,1165.12,1157.62,1164.3,196256,101.45,4.06,6.19
2008-08-11,1162.42,1169.72,1157.72,1166.01,57732,101.86,3.8,6.08
2008-08-12,1161.57,1168.78,1158.7,1163.17,63927,102.81,4.15,6.23
2008-08-13,1158.43,1159.27,1156.08,1158.77,87987,103.34,4.6,6.04
2008-08-14,1157.18,1165.64,1152.15,1158.53,50940,106.34,4.2,6.04
2008-08-15,1161.61,1169.48,1161.07,1162.36,84741,99.92,4.43,6.03
2008-08-18,1164.38,1168.33,1158.29,1163.22,67559,99.69,4.45,6.19
2008-08-19,1168.63,1171.64,1163.84,1169.23,89918,96.71,4.28,6.06
2008-08-20,1164.13,1167.21,1158.89,1164.36,110407,103.05,4.2,5.9
2008-08-21,1158.8,1168.56,1156.26,1164.78,86041,99.17,3.89,6.05
2008-08-22,1162.01,1166.42,1160.27,1160.65,84320,103.66,4.09,6.05
2008-08-25,1162.99,1168.94,1160.38,1163.3,109447,100.17,4.05,5.95
2008-08-26,1172.65,1175.83,1166.54,1167.02,149898,105.68,4.22,6.14
2008-08-27,1162.65,1170.97,1157.62,1165.93,187434,97.79,3.78,6.0
2008-08-28,1150.59,1160.68,1145.1,1156.87,90452,104.02,4.0,6.09
2008-08-29,1160.2,1160.28,1156.14,1158.05,204834,103.71,4.23,6.06
2008-09-01,1162.17,1168.37,1157.47,1160.96,140180,102.74,3.95,5.88
2008-09-02,1159.38,1168.21,1159.2,1162.9,60306,98.61,3.89,5.84
2008-09-03,1162.54,1174.6,1159.36,1167.9,59606,102.69,3.92,5.88
2008-09-04,1169.8,1176.63,1156.19,1164.43,78361,101.71,4.05,5.97
2008-09-05,1172.34,1173.01,1162.46,1167.39,175930,96.79,3.52,6.22
2008-09-08,1164.36,1178.55,1156.73,1173.11,80777,105.2,3.92,5.98
2008-09-09,1165.42,1171.93,1164.27,1167.02,46307,100.5,4.35,6.04
2008-09-10,1174.49,1184.3,1167.67,1168.66,90079,105.05,4.19,6.12
2008-09-11,1165.6,1172.33,1164.28,1167.27,44701,101.19,4.21,5.93
2008-09-12,1165.71,1167.75,1165.47,1167.43,64731,103.82,3.64,2.92
2008-09-15,1169.04,1172.66,1167.03,1170.04,78056,99.19,3.99,3.14
2008-09-16,1164.78,1169.55,1162.32,1168.71,104806,101.89,4.06,3.07
2008-09-17,1160.72,1168.98,1160.25,1166.68,148696,101.73,4.2,2.9
2008-09-18,1170.96,1172.38,1161.8,1167.27,130307,100.55,4.36,2.92
2008-09-19,1157.31,1168.96,1156.13,1163.74,61590,99.22,4.32,3.0
2008-09-22,1161.95,1162.19,1149.67,1161.09,85077,93.76,3.93,3.04
2008-09-23,1167.13,1171.32,1162.11,1164.03,101778,99.28,3.93,3.17
2008-09-24,1155.24,1161.54,1148.72,1160.29,88886,103.18,4.42,3.07
2008-09-25,1159.96,1169.43,1159.52,1163.19,88634,97.91,3.97,2.84
2008-09-26,1169.59,1170.85,1159.78,1165.34,49558,98.41,3.79,2.87
2008-09-29,1162.2,1170.43,1160.33,1160.34,62249,97.84,4.0,3.03
2008-09-30,1156.29,1165.07,1153.61,1158.43,84021,101.97,4.38,3.01
2008-10-01,1167.87,1170.57,1156.68,1163.67,28644,99.16,3.82,2.86
2008-10-02,1165.15,1170.33,1153.79,1160.95,127549,104.48,3.93,3.15
2008-10-03,1161.06,1161.31,1155.6,1160.13,57006,103.27,3.82,2.65
2008-10-06,1161.23,1169.75,1160.62,1164.38,129927,101.89,4.26,3.04
2008-10-07,1166.68,1170.42,1164.58,1168.13,125437,102.12,4.09,2.76
2008-10-08,1169.09,1173.33,1164.53,1168.08,79421,99.45,4.25,3.12
2008-10-09,1166.1,1172.4,1165.0,1166.76,147298,99.46,4.41,2.95
2008-10-10,1176.19,1179.83,1169.52,1172.88,132890,103.09,3.63,3.1
2008-10-13,1176.5,1185.12,1171.83,1181.93,87239,103.51,3.81,2.93
2008-10-14,1181.15,1189.85,1178.16,1186.47,83391,102.94,3.89,3.19
2008-10-15,1188.32,1189.04,1183.19,1187.68,153107,99.99,4.01,2.71
2008-10-16,1183.8,1188.8,1176.77,1185.55,108315,100.21,4.11,3.12
2008-10-17,1181.11,1185.01,1180.95,1183.34,149923,98.88,3.86,2.9
2008-10-20,1181.6,1188.24,1168.43,1187.9,37964,103.09,3.8,3.05
2008-10-21,1190.43,1197.88,1189.41,1190.36,102682,96.24,4.2,3.05
2008-10-22,1196.34,1200.19,1196.18,1196.53,52524,95.57,4.1,2.78
2008-10-23,1202.23,1204.54,1198.77,1199.88,97702,96.04,4.04,3.14
2008-10-24,1195.36,1208.67,1193.5,1195.11,131337,95.74,3.42,3.05
2008-10-27,1201.24,1201.84,1198.95,1201.72,197927,104.43,4.24,3.01
2008-10-28,1203.08,1206.65,1194.83,1198.85,67828,103.03,3.98,3.05
2008-10-29,1193.58,1206.4,1188.01,1198.3,79994,98.07,3.89,3.01
2008-10-30,1202.08,1204.89,1194.21,1200.15,95014,100.79,3.72,3.12
2008-10-31,1202.56,1213.93,1195.11,1208.62,66848,104.64,3.76,2.92
2008-11-03,1220.14,1225.7,1215.68,1223.21,146009,102.09,3.68,3.12
2008-11-04,1222.01,1229.71,1217.55,1226.47,95986,106.09,3.4,3.08
2008-11-05,1229.56,1233.4,1224.67,1226.69,103650,100.52,3.69,2.97
2008-11-06,1229.44,1232.18,1223.6,1229.68,126509,99.14,3.49,3.27
2008-11-07,1234.0,1239.18,1231.57,1234.05,95924,98.03,3.87,3.06
2008-11-10,1231.42,1242.72,1225.99,1235.52,71181,100.78,3.58,3.02
2008-11-11,1242.34,1252.04,1238.68,1243.46,96258,102.99,4.05,3.08
2008-11-12,1242.44,1248.18,1232.6,1245.3,70089,100.88,3.45,2.98
2008-11-13,1249.62,1250.94,1247.33,1248.19,103072,99.71,4.16,3.17
2008-11-14,1248.03,1251.77,1244.98,1251.75,147086,103.72,4.06,2.99
2008-11-17,1261.19,1263.74,1255.92,1256.18,61698,101.86,3.57,3.11
2008-11-18,1254.11,1265.35,1253.35,1260.45,53479,100.22,3.81,2.83
2008-11-19,1255.9,1262.75,1255.21,1258.94,100679,98.6,3.61,2.72
2008-11-20,1264.0,1265.85,1257.56,1257.68,72611,99.89,3.97,3.05
2008-11-21,1252.63,1256.81,1247.96,1254.27,99977,101.74,4.27,2.93
2008-11-24,1253.81,1259.72,1252.39,1258.77,112213,98.56,4.1,2.96
2008-11-25,1263.64,1264.46,1255.7,1262.81,41878,97.39,3.62,2.64
2008-11-26,1263.78,1265.62,1260.16,1265.59,130084,99.25,3.82,3.25
2008-11-27,1270.04,1276.98,1269.44,1273.24,61829,100.26,4.17,3.01
2008-11-28,1269.98,1276.65,1258.5,1274.17,97837,103.79,3.91,3.19
2008-12-01,1290.3,1298.08,1275.74,1279.67,75829,97.43,4.02,2.78
2008-12-02,1275.27,1283.17,1264.8,1276.24,79159,100.93,3.92,3.01
2008-12-03,1268.27,1277.53,1264.87,1275.64,194382,99.67,3.77,3.05
2008-12-04,1285.13,1294.53,1272.78,1279.4,112162,99.76,3.73,3.01
2008-12-05,1286.14,1290.52,1281.71,1283.79,141757,104.14,3.44,3.03
2008-12-08,1282.47,1286.5,1279.81,1285.43,104859,100.48,3.53,2.78
2008-12-09,1282.5,1288.86,1271.23,1286.1,126500,97.99,3.49,3.04
2008-12-10,1283.52,1286.36,1280.34,1280.93,116652,102.54,3.63,2.87
2008-12-11,1279.51,1281.37,1269.36,1280.45,109292,102.36,3.73,2.9
2008-12-12,1277.59,1292.22,1272.72,1285.02,153716,97.78,3.68,3.0
2008-12-15,1297.1,1299.47,1288.99,1290.18,105093,97.25,3.74,2.94
2008-12-16,1291.51,1297.35,1291.15,1293.19,246239,101.24,3.85,2.95
2008-12-17,1300.17,1314.49,1291.48,1294.37,144959,100.12,3.57,3.16
2008-12-18,1300.34,1300.74,1283.84,1295.37,62578,99.02,3.86,2.97
2008-12-19,1289.76,1296.63,1289.73,1293.65,91984,102.85,3.95,2.93
2008-12-22,1303.38,1310.75,1297.23,1299.36,115708,98.68,3.75,2.98
2008-12-23,1299.51,1304.5,1293.16,1302.06,100488,101.19,3.51,2.83
2008-12-24,1297.75,1313.74,1293.98,1305.06,129929,103.04,3.87,3.02
2008-12-25,1302.22,1308.42,1293.74,1303.88,135782,99.27,3.75,3.1
2008-12-26,1297.58,1305.0,1289.49,1296.04,57306,95.61,3.78,3.04
2008-12-29,1301.58,1304.44,1299.24,1303.39,164790,99.11,3.99,3.0
2008-12-30,1301.2,1309.13,1293.15,1302.4,80924,100.6,3.78,3.09
2008-12-31,1304.3,1314.23,1299.55,1299.84,77779,102.66,3.99,2.91
2009-01-01,1303.14,1309.04,1297.33,1302.72,77679,98.83,3.56,3.0
2009-01-02,1298.8,1308.74,1292.49,1302.09,136411,104.44,3.49,3.2
2009-01-05,1312.08,1319.48,1302.11,1309.33,88713,96.82,3.86,2.95
2009-01-06,1313.64,1319.14,1304.92,1312.86,75703,100.45,3.32,3.09
2009-01-07,1306.72,1320.91,1302.58,1316.68,83317,99.41,4.04,3.09
2009-01-08,1313.7,1316.34,1307.06,1312.01,48152,103.42,3.89,2.88
2009-01-09,1319.57,1319.74,1310.76,1318.02,70483,96.31,3.58,3.1
2009-01-12,1322.09,1322.97,1319.41,1322.01,60124,101.03,3.84,2.9
2009-01-13,1325.0,1325.78,1315.32,1321.47,88639,99.36,3.7,3.06
2009-01-14,1320.39,1326.19,1318.04,1323.06,128756,103.78,3.2,2.9
2009-01-15,1317.99,1321.52,1313.18,1316.66,123198,97.94,3.32,3.04
2009-01-16,1313.15,1325.13,1309.64,1319.35,163194,101.02,3.59,3.02
2009-01-19,1319.59,1329.2,1316.55,1317.98,149281,97.9,3.54,3.01
2009-01-20,1321.06,1321.17,1312.02,1313.36,79902,100.51,3.82,3.04
2009-01-21,1304.16,1310.79,1300.76,1308.06,99471,99.16,3.56,2.92
2009-01-22,1310.65,1316.86,1301.87,1313.64,97438,99.07,3.17,2.82
2009-01-23,1309.23,1318.03,1303.24,1312.02,41755,95.08,3.34,3.01
2009-01-26,1321.8,1325.39,1315.56,1321.28,60663,101.01,3.65,3.16
2009-01-27,1315.84,1325.32,1311.66,1320.05,92326,97.27,3.0,3.08
2009-01-28,1315.61,1316.27,1311.22,1313.95,92119,97.24,3.1,3.06
2009-01-29,1313.65,1320.0,1303.8,1310.32,121167,96.17,3.35,2.92
2009-01-30,1318.53,1326.39,1313.09,1316.42,118830,97.37,3.67,3.02
2009-02-02,1311.68,1318.94,1311.08,1318.68,48616,101.24,3.37,2.87
2009-02-03,1321.33,1327.36,1310.73,1317.39,121471,101.13,3.54,2.93
2009-02-04,1322.76,1328.73,1314.79,1319.05,106025,101.65,3.42,3.05
2009-02-05,1325.42,1326.01,1319.22,1322.13,126671,97.39,3.37,2.72
2009-02-06,1329.27,1339.95,1318.84,1327.79,151258,100.45,3.24,3.26
2009-02-09,1337.68,1338.24,1336.32,1336.8,93232,98.3,3.6,2.8
2009-02-10,1340.43,1341.17,1333.31,1336.29,162467,102.23,3.07,3.28
2009-02-11,1339.4,1353.16,1330.37,1331.72,69164,100.95,3.32,2.87
2009-02-12,1327.18,1333.37,1324.97,1330.98,67623,98.25,3.66,2.87
2009-02-13,1337.39,1341.95,1331.61,1333.08,117184,102.47,3.18,2.94
2009-02-16,1331.62,1340.3,1329.18,1331.97,85177,101.15,2.97,2.93
2009-02-17,1328.44,1333.37,1326.14,1328.95,109606,96.44,2.82,2.91
2009-02-18,1325.26,1333.86,1324.61,1331.39,219080,95.7,3.51,2.94
2009-02-19,1331.05,1337.77,1322.96,1332.19,115542,96.51,3.52,3.01
2009-02-20,1329.34,1333.39,1324.91,1333.33,107459,103.99,3.25,2.86
2009-02-23,1331.22,1345.25,1327.73,1333.08,69724,97.33,3.0,3.12
2009-02-24,1328.72,1334.43,1322.18,1333.11,50011,104.56,3.28,3.21
2009-02-25,1328.45,1334.29,1321.83,1330.24,95892,97.22,3.6,2.71
2009-02-26,1333.35,1340.03,1328.15,1334.98,151258,96.92,2.99,3.28
2009-02-27,1340.73,1342.09,1338.9,1340.34,86753,102.01,3.57,3.11
2009-03-02,1329.04,1341.68,1313.1,1335.51,115911,102.16,2.86,3.04
2009-03-03,1326.82,1346.3,1320.23,1332.6,174660,101.26,3.0,2.91
2009-03-04,1328.77,1334.23,1322.29,1327.33,172923,101.61,3.3,3.02
2009-03-05,1322.44,1325.63,1318.5,1325.61,117187,97.93,3.51,3.13
2009-03-06,1330.54,1339.04,1325.91,1326.26,105666,102.01,3.64,3.39
2009-03-09,1324.02,1328.56,1319.02,1323.13,53774,100.55,3.5,3.33
2009-03-10,1322.69,1324.56,1314.63,1320.28,76720,99.06,3.64,2.77
2009-03-11,1322.68,1323.12,1311.86,1317.1,88229,100.24,3.29,2.97
2009-03-12,1317.73,1321.94,1314.58,1318.96,70197,102.64,3.09,3.01
2009-03-13,1317.96,1325.34,1317.42,1320.24,109030,100.96,3.53,3.2
2009-03-16,1323.59,1325.3,1315.28,1320.14,212067,94.58,3.56,2.99
2009-03-17,1323.89,1329.74,1317.91,1321.87,181154,102.19,3.45,2.89
2009-03-18,1319.84,1322.15,1319.17,1320.59,108831,102.01,3.37,3.01
2009-03-19,1325.96,1331.25,1318.4,1320.45,134830,99.03,3.56,2.94
2009-03-20,1327.58,1328.77,1313.83,1328.43,73758,100.2,3.29,3.15
2009-03-23,1337.12,1338.22,1336.9,1336.99,177306,100.12,3.19,3.36
2009-03-24,1332.61,1339.02,1328.55,1332.53,52850,94.93,3.37,3.14
2009-03-25,1333.27,1344.17,1325.79,1337.02,142220,98.83,3.31,3.14
2009-03-26,1341.76,1344.16,1325.66,1341.45,120359,98.89,3.4,3.18
2009-03-27,1343.21,1345.4,1335.69,1337.61,72959,99.43,3.14,3.07
2009-03-30,1345.81,1346.71,1334.76,1344.02,90806,98.46,3.39,2.94
2009-03-31,1351.69,1353.63,1350.93,1351.56,62711,101.37,3.38,2.95
2009-04-01,1347.15,1356.0,1346.04,1347.8,63789,97.72,3.21,3.16
2009-04-02,1346.26,1353.05,1334.32,1344.92,52238,102.04,2.97,3.04
2009-04-03,1353.29,1359.99,1341.25,1350.25,134189,101.26,3.46,2.85
2009-04-06,1356.86,1359.76,1349.7,1354.39,159873,103.09,2.84,3.2
2009-04-07,1356.41,1362.38,1353.23,1357.76,41575,104.0,2.9,2.88
2009-04-08,1361.57,1364.85,1356.55,1360.24,205936,103.99,3.17,2.83
2009-04-09,1364.9,1365.13,1361.5,1362.94,98242,96.66,2.5,2.87
2009-04-10,1354.17,1364.46,1352.87,1358.28,110850,100.52,3.51,3.05
2009-04-13,1366.46,1370.19,1357.26,1365.77,54777,97.8,3.12,3.15
2009-04-14,1362.95,1374.68,1357.16,1371.84,167431,107.75,3.49,3.04
2009-04-15,1373.87,1375.39,1371.29,1371.88,106948,101.08,3.56,2.92
2009-04-16,1375.44,1384.82,1372.17,1372.72,155675,103.08,3.06,2.88
2009-04-17,1370.21,1373.98,1363.86,1367.15,160868,100.67,3.44,3.12
2009-04-20,1370.76,1378.01,1366.4,1372.38,168375,92.95,2.82,2.99
2009-04-21,1377.17,1377.76,1374.14,1375.89,76167,97.55,3.19,3.05
2009-04-22,1382.54,1388.24,1367.02,1376.65,90836,97.79,2.96,2.98
2009-04-23,1388.44,1396.48,1378.21,1382.58,77289,98.48,3.25,3.04
2009-04-24,1382.04,1390.2,1376.21,1382.16,141214,100.36,3.3,3.06
2009-04-27,1388.25,1389.21,1376.25,1387.67,112775,100.67,3.03,3.36
2009-04-28,1388.88,1392.96,1374.18,1384.26,151396,92.88,3.2,3.06
2009-04-29,1378.96,1394.07,1374.23,1385.2,154059,98.85,3.3,2.94
2009-04-30,1384.14,1389.4,1380.14,1385.48,49468,98.22,3.1,3.03
2009-05-01,1393.07,1394.02,1381.21,1387.51,169449,102.87,3.69,2.86
2009-05-04,1393.01,1393.96,1378.64,1388.95,144400,100.89,3.01,2.86
2009-05-05,1390.95,1395.97,1380.9,1389.42,85161,98.95,3.45,3.19
2009-05-06,1387.79,1395.86,1382.48,1394.08,113540,99.92,3.32,3.05
2009-05-07,1393.0,1395.92,1388.09,1393.21,93951,95.16,2.57,3.17
2009-05-08,1384.77,1387.78,1379.59,1387.22,126300,101.07,3.4,2.76
2009-05-11,1399.35,1403.1,1388.8,1397.96,85088,98.35,3.29,2.85
2009-05-12,1401.7,1413.74,1395.65,1405.11,119559,97.26,3.05,3.04
2009-05-13,1396.15,1415.74,1388.25,1400.46,101409,102.6,3.11,2.88
2009-05-14,1395.86,1412.22,1391.9,1404.56,83043,99.97,3.14,2.79
2009-05-15,1408.53,1409.56,1401.5,1403.39,106516,97.63,3.36,2.84
2009-05-18,1405.96,1417.63,1398.81,1407.65,291439,97.75,2.9,2.95
2009-05-19,1410.68,1421.95,1409.33,1410.02,75040,100.15,3.4,3.06
2009-05-20,1410.02,1410.58,1409.4,1410.03,89323,99.96,2.73,3.26
2009-05-21,1403.11,1408.6,1401.34,1407.61,75565,99.33,2.56,2.84
2009-05-22,1400.3,1412.7,1398.14,1405.61,78803,96.26,3.14,2.85
2009-05-25,1400.41,1406.89,1394.77,1404.65,136804,96.64,3.3,2.78
2009-05-26,1398.99,1402.87,1394.04,1402.03,131446,97.43,2.94,3.09
2009-05-27,1404.33,1409.66,1400.33,1402.78,98484,98.81,2.41,3.02
2009-05-28,1397.33,1409.07,1389.83,1400.68,148823,99.21,2.6,2.86
2009-05-29,1412.1,1417.35,1404.62,1404.74,135588,98.88,3.08,2.88
2009-06-01,1418.81,1425.88,1411.6,1414.45,92509,98.92,2.97,2.98
2009-06-02,1416.36,1416.57,1408.65,1412.93,53447,103.92,3.29,2.99
2009-06-03,1414.55,1415.87,1409.85,1415.06,137573,101.32,2.98,2.84
2009-06-04,1424.8,1426.77,1412.94,1418.35,105647,102.14,2.78,3.03
2009-06-05,1420.6,1425.92,1416.19,1421.53,99597,100.31,3.04,2.79
2009-06-08,1424.87,1429.75,1420.94,1425.01,81926,99.3,3.21,3.01
2009-06-09,1430.15,1431.24,1418.39,1429.42,132967,100.11,3.29,2.97
2009-06-10,1435.68,1437.3,1429.75,1432.67,113481,99.62,2.92,3.06
2009-06-11,1430.89,1439.47,1425.52,1428.16,89793,101.11,2.96,3.18
2009-06-12,1431.11,1438.5,1429.02,1433.16,60464,96.62,3.14,2.94
2009-06-15,1438.03,1440.75,1430.43,1440.34,151322,100.81,2.75,3.0
2009-06-16,1440.72,1450.11,1426.81,1437.96,125738,99.43,3.12,2.7
2009-06-17,1442.3,1444.28,1436.45,1439.21,109333,94.49,2.87,3.3
2009-06-18,1441.69,1447.42,1437.52,1443.39,34108,99.19,2.91,2.72
2009-06-19,1436.65,1459.43,1426.51,1443.53,97230,95.71,2.93,2.99
2009-06-22,1450.7,1453.07,1446.18,1451.61,89636,97.57,2.95,2.62
2009-06-23,1466.29,1468.74,1461.47,1463.56,77080,98.42,3.4,2.88
2009-06-24,1468.95,1470.24,1453.3,1461.03,133478,95.07,2.8,3.26
2009-06-25,1450.55,1461.07,1445.02,1455.78,131392,98.74,2.81,3.17
2009-06-26,1456.41,1459.14,1449.04,1458.27,117563,99.03,3.28,3.15
2009-06-29,1463.1,1472.97,1455.6,1464.81,149515,100.7,3.02,2.97
2009-06-30,1470.81,1473.43,1464.49,1464.85,65583,97.67,3.1,3.25
2009-07-01,1472.52,1478.36,1470.24,1472.68,82333,99.43,2.65,3.04
2009-07-02,1463.59,1472.32,1461.63,1467.58,101713,98.55,2.97,3.1
2009-07-03,1474.36,1478.84,1462.03,1471.89,76972,97.71,3.1,3.4
2009-07-06,1470.54,1472.34,1469.78,1472.33,132040,94.57,2.73,3.16
2009-07-07,1475.99,1483.52,1462.74,1481.43,80107,98.4,3.05,2.99
2009-07-08,1487.89,1491.93,1486.45,1491.88,165934,100.46,2.84,3.08
2009-07-09,1497.15,1500.99,1482.29,1489.4,68018,96.29,2.73,3.21
2009-07-10,1489.66,1504.96,1487.43,1487.94,231606,98.09,3.14,3.09
2009-07-13,1495.75,1504.25,1486.12,1495.27,222285,98.4,3.17,3.12
2009-07-14,1493.45,1497.06,1490.74,1494.57,95044,101.34,2.92,3.19
2009-07-15,1496.79,1509.02,1484.48,1495.48,156133,98.65,3.0,3.38
2009-07-16,1497.98,1501.16,1496.06,1496.72,84105,99.29,3.21,2.86
2009-07-17,1490.12,1490.44,1487.05,1488.81,148051,98.6,2.78,3.1
2009-07-20,1492.55,1497.49,1485.58,1492.03,92005,97.37,2.96,3.07
2009-07-21,1493.8,1497.93,1479.07,1489.91,59031,95.78,2.78,2.94
2009-07-22,1488.82,1490.44,1483.31,1488.72,24025,97.91,2.62,2.9
2009-07-23,1492.24,1502.67,1489.61,1496.63,88655,99.55,2.77,3.25
2009-07-24,1489.1,1497.56,1485.07,1491.84,110373,98.91,2.59,2.85
2009-07-27,1490.06,1502.41,1489.06,1498.96,168068,102.25,2.97,2.79
2009-07-28,1507.88,1512.29,1490.0,1498.77,100172,100.92,2.67,2.91
2009-07-29,1502.45,1517.0,1498.32,1498.57,147438,101.65,2.51,2.73
2009-07-30,1499.69,1504.29,1497.5,1503.44,82324,93.44,3.05,2.87
2009-07-31,1504.91,1511.81,1497.66,1506.18,86257,102.44,3.03,2.84
2009-08-03,1509.33,1518.37,1501.32,1512.22,150484,99.12,2.77,3.01
2009-08-04,1525.0,1530.31,1511.87,1517.98,36832,99.43,3.03,3.22
2009-08-05,1511.07,1525.13,1502.78,1517.53,99229,100.65,2.65,2.91
2009-08-06,1516.27,1516.4,1507.47,1515.75,84121,98.48,2.76,3.13
2009-08-07,1511.22,1516.72,1509.35,1511.71,170117,95.78,2.95,3.11
2009-08-10,1514.86,1515.79,1506.4,1511.11,79913,102.08,3.11,2.67
2009-08-11,1525.88,1528.12,1519.29,1526.36,121374,96.43,2.75,2.92
2009-08-12,1525.42,1540.51,1525.11,1533.51,142715,95.83,2.7,2.94
2009-08-13,1526.99,1532.66,1515.39,1528.14,54337,97.75,3.09,3.06
2009-08-14,1518.49,1524.27,1513.31,1522.93,93363,97.41,3.0,3.08
2009-08-17,1528.97,1538.97,1518.02,1528.61,83062,98.34,2.88,3.05
2009-08-18,1538.99,1540.2,1530.68,1532.4,144136,98.06,3.13,2.86
2009-08-19,1528.18,1543.99,1523.36,1536.2,129318,101.64,3.32,2.9
2009-08-20,1532.43,1540.23,1526.75,1536.12,89923,99.42,2.93,2.77
2009-08-21,1534.12,1542.44,1525.96,1536.67,64928,96.13,2.69,3.01
2009-08-24,1539.88,1543.85,1538.47,1541.65,149530,96.43,2.96,2.94
2009-08-25,1546.65,1552.19,1534.19,1543.22,96080,97.25,2.63,3.08
2009-08-26,1532.83,1535.29,1530.95,1533.62,51670,97.33,3.14,3.1
2009-08-27,1535.58,1540.1,1531.58,1533.67,53479,97.01,2.65,2.95
2009-08-28,1527.83,1543.71,1524.81,1530.71,117601,95.56,2.78,3.04
2009-08-31,1535.99,1537.87,1526.43,1534.93,59259,99.01,2.61,2.97
2009-09-01,1554.21,1555.14,1542.54,1550.6,207701,97.03,2.87,2.83
2009-09-02,1550.15,1556.78,1549.01,1553.56,67857,95.77,2.88,2.88
2009-09-03,1556.83,1561.02,1548.45,1553.19,98701,99.36,3.01,2.66
2009-09-04,1559.12,1563.99,1552.89,1558.88,105202,100.23,2.85,2.94
2009-09-07,1569.6,1572.12,1557.45,1564.69,73736,97.45,2.83,2.91
2009-09-08,1566.99,1577.47,1561.46,1567.94,40298,102.5,2.67,2.83
2009-09-09,1573.92,1573.99,1563.16,1572.12,106548,103.55,2.74,3.12
2009-09-10,1583.34,1586.22,1574.66,1583.53,73035,99.17,2.47,3.08
2009-09-11,1578.63,1581.12,1566.23,1579.08,103426,96.79,3.16,3.08
2009-09-14,1586.16,1595.95,1577.88,1584.93,94001,98.59,2.79,3.1
2009-09-15,1584.04,1590.17,1568.38,1581.5,109679,94.89,3.22,3.0
2009-09-16,1579.51,1591.22,1577.18,1585.46,184378,95.74,2.78,3.0
2009-09-17,1588.87,1593.39,1581.42,1582.07,79342,93.74,2.33,3.12
2009-09-18,1572.35,1582.32,1569.04,1581.17,81835,96.38,2.69,3.1
2009-09-21,1579.93,1586.97,1579.86,1583.19,50699,94.85,2.8,3.15
2009-09-22,1588.81,1594.94,1584.06,1589.25,91301,99.45,2.82,2.99
2009-09-23,1597.03,1607.38,1589.34,1595.06,116302,95.98,2.97,2.85
2009-09-24,1597.52,1603.84,1588.64,1590.0,81356,98.58,2.85,3.03
2009-09-25,1582.6,1591.88,1575.85,1591.47,116607,99.75,2.72,2.91
2009-09-28,1589.0,1599.75,1582.04,1591.42,91949,100.8,2.57,3.1
2009-09-29,1576.2,1587.3,1573.71,1586.32,58635,97.03,2.7,3.04
2009-09-30,1586.57,1588.2,1585.82,1586.42,111836,98.69,2.95,3.0
2009-10-01,1587.37,1591.87,1580.13,1586.07,90913,98.77,3.01,2.94
2009-10-02,1607.08,1615.78,1596.73,1599.45,103684,101.0,2.63,3.15
2009-10-05,1605.74,1606.35,1601.43,1605.16,78685,99.74,3.05,3.14
2009-10-06,1604.42,1617.9,1596.7,1599.41,75950,101.08,2.94,2.91
2009-10-07,1600.57,1611.83,1592.58,1597.77,105131,93.67,2.57,2.81
2009-10-08,1602.03,1606.81,1597.81,1604.12,90017,96.13,2.85,3.02
2009-10-09,1609.09,1621.08,1605.11,1615.92,196754,100.28,2.88,3.17
2009-10-12,1612.74,1625.05,1610.06,1611.41,135875,99.19,2.52,2.81
2009-10-13,1595.93,1604.4,1584.61,1603.1,122761,97.48,2.45,3.07
2009-10-14,1620.06,1629.51,1604.9,1613.79,91950,96.53,2.91,2.87
2009-10-15,1616.2,1618.03,1607.83,1616.99,43896,99.67,2.67,2.84
2009-10-16,1619.57,1619.79,1609.02,1613.78,71464,92.77,3.16,3.14
2009-10-19,1617.73,1627.32,1607.59,1620.07,76197,99.66,3.21,3.09
2009-10-20,1609.18,1618.88,1587.71,1607.88,88433,97.99,2.9,2.97
2009-10-21,1610.12,1615.97,1599.89,1609.1,97407,96.53,3.02,3.11
2009-10-22,1611.76,1612.61,1605.79,1611.98,128338,98.99,2.53,3.1
2009-10-23,1615.79,1624.55,1607.31,1617.89,110112,96.73,2.45,2.77
2009-10-26,1618.19,1620.99,1608.62,1616.29,156949,97.77,2.74,3.01
2009-10-27,1613.45,1626.56,1611.12,1617.94,87137,97.57,2.46,3.21
2009-10-28,1608.59,1622.31,1597.66,1614.44,109410,99.58,2.85,3.07
2009-10-29,1622.99,1631.37,1612.98,1616.96,113270,98.09,2.58,2.6
2009-10-30,1617.14,1620.23,1599.84,1613.62,108911,92.95,2.82,2.83
2009-11-02,1615.41,1624.96,1607.65,1615.09,164844,94.23,2.73,3.14
2009-11-03,1619.3,1622.95,1609.17,1611.25,136149,95.03,2.93,2.91
2009-11-04,1614.47,1619.83,1613.65,1615.77,58234,98.85,2.85,3.16
2009-11-05,1627.79,1637.71,1616.51,1621.36,94302,99.06,2.67,3.3
2009-11-06,1622.23,1623.4,1609.07,1621.38,98165,101.84,2.43,2.96
2009-11-09,1620.15,1629.5,1612.15,1625.15,233425,95.1,2.81,2.9
2009-11-10,1627.94,1637.37,1610.32,1618.97,86515,100.96,2.33,2.84
2009-11-11,1623.47,1624.79,1616.38,1618.66,66636,92.84,3.08,3.11
2009-11-12,1619.03,1624.25,1614.74,1619.62,117633,97.72,2.9,2.9
2009-11-13,1637.83,1657.05,1631.71,1634.27,120426,98.19,2.98,2.93
2009-11-16,1630.17,1640.86,1628.29,1632.15,95845,98.2,2.52,2.83
2009-11-17,1645.0,1647.33,1635.94,1640.92,90390,96.76,2.85,2.93
2009-11-18,1635.5,1652.04,1631.87,1647.32,144287,97.78,2.6,2.89
2009-11-19,1644.97,1652.74,1636.15,1650.02,70161,94.38,2.8,2.7
2009-11-20,1665.31,1676.78,1656.98,1660.43,86130,99.56,2.51,2.87
2009-11-23,1664.79,1669.6,1664.61,1666.04,80108,97.99,2.74,3.11
2009-11-24,1670.38,1670.93,1664.25,1669.34,152902,98.24,2.42,3.2
2009-11-25,1663.57,1670.53,1660.38,1670.31,110657,96.63,2.72,2.98
2009-11-26,1687.33,1694.67,1672.59,1678.02,64473,96.46,2.35,3.0
2009-11-27,1691.11,1696.27,1674.97,1685.1,67117,98.54,3.2,3.04
2009-11-30,1684.47,1698.44,1677.02,1685.49,208848,101.2,2.8,3.29
2009-12-01,1677.72,1680.79,1675.83,1679.76,152251,93.78,2.76,2.84
2009-12-02,1685.13,1689.79,1674.44,1679.94,138222,93.66,2.93,2.8
2009-12-03,1686.95,1688.22,1669.61,1676.98,99200,97.95,2.43,2.99
2009-12-04,1682.7,1685.5,1673.37,1677.9,180482,96.45,2.56,3.05
2009-12-07,1699.17,1706.07,1688.07,1688.17,63490,97.52,2.89,2.99
2009-12-08,1682.34,1696.9,1671.64,1687.0,133410,97.16,2.79,2.79
2009-12-09,1683.89,1688.1,1675.39,1688.04,82676,98.77,2.57,3.13
2009-12-10,1683.59,1700.5,1679.7,1689.62,89361,96.49,2.91,2.97
2009-12-11,1697.66,1699.29,1694.79,1695.42,131968,94.14,2.83,3.08
2009-12-14,1688.06,1694.35,1682.1,1687.17,93206,95.24,2.88,3.23
2009-12-15,1684.45,1688.54,1684.41,1685.21,82960,96.83,2.85,2.77
2009-12-16,1691.7,1698.17,1685.45,1687.6,80978,94.08,2.58,2.73
2009-12-17,1701.54,1707.05,1691.98,1695.27,44598,97.07,2.73,3.08
2009-12-18,1686.16,1699.37,1676.0,1693.92,133957,97.33,2.28,2.69
2009-12-21,1684.62,1687.78,1675.84,1687.64,65995,96.32,2.62,2.93
2009-12-22,1696.38,1706.77,1689.93,1692.21,207599,97.71,2.68,2.91
2009-12-23,1687.73,1691.92,1683.36,1690.1,87987,93.16,2.9,3.05
2009-12-24,1681.01,1686.75,1678.12,1685.04,166670,94.85,2.87,2.89
2009-12-25,1688.14,1700.19,1680.09,1683.0,47876,94.39,2.56,3.07
2009-12-28,1679.21,1688.44,1672.58,1685.73,132269,99.43,2.55,2.83
2009-12-29,1682.26,1687.99,1676.2,1683.78,146594,103.01,3.07,2.8
2009-12-30,1675.03,1682.83,1669.96,1673.38,166279,95.11,2.67,2.99
2009-12-31,1676.49,1685.86,1676.33,1679.38,53572,96.68,2.77,3.01
2010-01-01,1691.37,1692.48,1685.92,1687.4,74526,95.48,2.94,3.04
2010-01-04,1691.71,1711.04,1687.25,1694.6,124318,97.72,2.72,3.21
2010-01-05,1696.95,1697.48,1684.86,1689.8,104754,95.68,2.7,3.18
2010-01-06,1689.36,1697.55,1685.78,1690.0,111006,97.91,2.66,3.06
2010-01-07,1694.64,1701.18,1685.47,1691.24,85466,98.85,2.61,3.11
2010-01-08,1699.5,1709.55,1687.14,1695.7,183564,94.1,2.77,3.03
2010-01-11,1699.82,1705.14,1699.59,1703.02,280235,97.79,2.28,3.17
2010-01-12,1689.89,1701.36,1680.27,1700.37,102908,92.65,2.64,3.04
2010-01-13,1703.93,1706.17,1701.41,1702.08,118346,96.48,2.87,2.91
2010-01-14,1706.19,1711.33,1697.51,1705.82,100961,96.29,2.84,2.88
2010-01-15,1717.81,1725.48,1712.52,1714.95,164986,96.46,3.09,3.16
2010-01-18,1721.37,1725.83,1717.68,1722.55,137536,96.21,2.94,2.96
2010-01-19,1725.9,1728.81,1712.11,1728.13,64437,95.71,2.83,3.28
2010-01-20,1740.31,1748.56,1719.44,1729.89,77259,96.27,2.74,2.82
2010-01-21,1731.21,1751.53,1725.92,1738.89,65925,97.47,2.62,3.18
2010-01-22,1746.29,1756.04,1741.48,1742.45,290084,97.52,2.85,2.92
2010-01-25,1738.56,1747.55,1736.27,1741.56,127277,97.15,2.81,3.05
2010-01-26,1748.83,1757.62,1747.4,1750.59,77786,95.37,2.63,2.79
2010-01-27,1754.09,1758.63,1741.36,1755.76,75340,99.47,2.51,2.71
2010-01-28,1750.4,1756.1,1749.79,1754.63,136228,100.59,2.71,3.21
2010-01-29,1756.3,1760.75,1751.64,1753.3,141770,93.57,3.01,2.92
2010-02-01,1766.14,1770.22,1753.96,1758.81,135841,97.16,2.75,3.14
2010-02-02,1765.18,1770.27,1754.31,1762.7,83264,95.56,2.73,2.89
2010-02-03,1765.67,1769.45,1758.5,1765.12,111562,99.02,2.83,3.14
2010-02-04,1762.95,1775.43,1759.15,1768.18,103194,96.66,2.84,2.92
2010-02-05,1781.77,1788.21,1767.92,1779.01,67879,96.76,2.78,2.81
2010-02-08,1800.53,1807.25,1785.47,1788.96,68145,97.8,2.71,3.08
2010-02-09,1789.33,1796.36,1783.47,1791.38,116399,95.8,2.59,3.13
2010-02-10,1796.02,1804.82,1794.22,1798.05,106785,100.7,2.97,3.08
2010-02-11,1790.54,1797.37,1784.62,1793.56,123172,97.81,2.61,2.97
2010-02-12,1794.52,1805.9,1780.97,1797.16,135456,98.84,3.11,2.72
2010-02-15,1796.49,1814.95,1788.04,1811.41,179827,95.87,2.75,2.83
2010-02-16,1813.73,1813.88,1803.28,1811.53,72376,96.11,2.73,2.88
2010-02-17,1803.47,1810.3,1801.09,1808.06,127019,98.47,2.91,2.95
2010-02-18,1796.98,1806.69,1790.26,1805.7,133209,98.23,2.55,3.16
2010-02-19,1804.94,1813.07,1800.57,1800.87,87129,93.36,2.86,2.97
2010-02-22,1794.54,1809.33,1779.27,1800.38,103646,96.81,2.74,2.67
2010-02-23,1797.81,1800.2,1796.87,1799.63,88025,97.68,2.81,2.6
2010-02-24,1800.92,1801.49,1788.44,1793.03,229449,96.21,2.54,2.88
2010-02-25,1786.88,1794.55,1783.88,1794.47,102944,97.47,2.54,2.91
2010-02-26,1792.65,1805.8,1790.32,1800.93,118255,96.26,2.25,3.04
2010-03-01,1801.2,1802.75,1791.55,1799.74,88823,90.88,2.59,2.77
2010-03-02,1815.98,1820.07,1806.49,1809.74,81482,93.15,2.58,2.78
2010-03-03,1805.44,1815.06,1787.57,1814.01,58641,98.84,2.54,3.05
2010-03-04,1823.51,1836.8,1820.47,1821.28,153268,95.75,2.68,3.18
2010-03-05,1822.04,1822.63,1818.15,1818.87,134238,96.85,2.72,2.69
2010-03-08,1816.51,1844.91,1812.12,1827.8,87514,96.31,2.83,2.87
2010-03-09,1827.26,1829.83,1822.26,1822.89,68861,94.29,2.85,3.15
2010-03-10,1834.19,1835.76,1827.69,1829.38,106081,95.14,2.87,3.12
2010-03-11,1830.04,1838.34,1827.98,1831.75,80896,97.12,2.88,2.84
2010-03-12,1843.22,1853.86,1835.83,1836.32,90326,97.34,2.77,3.16
2010-03-15,1839.82,1847.12,1829.1,1833.57,59550,101.75,2.72,2.99
2010-03-16,1830.35,1836.79,1823.33,1829.78,107670,95.11,2.93,3.08
2010-03-17,1832.12,1837.5,1829.37,1834.6,108532,100.45,2.87,2.88
2010-03-18,1825.16,1834.36,1816.83,1830.51,152953,94.15,2.33,3.03
2010-03-19,1834.35,1835.93,1824.39,1834.56,92939,97.5,2.66,2.81
2010-03-22,1833.83,1843.23,1830.14,1830.7,86385,96.74,2.25,2.9
2010-03-23,1835.19,1837.62,1828.28,1836.98,52960,95.95,2.24,2.94
2010-03-24,1819.16,1846.46,1818.57,1831.23,153335,96.28,2.57,3.0
2010-03-25,1842.79,1851.46,1820.44,1835.8,141086,94.71,2.66,3.34
2010-03-26,1841.86,1842.97,1833.45,1840.81,99857,98.5,2.59,3.37
2010-03-29,1838.72,1844.79,1834.67,1840.82,58006,94.13,2.25,2.92
2010-03-30,1850.33,1857.26,1838.48,1845.58,60729,97.0,2.89,3.2
2010-03-31,1856.94,1873.58,1837.09,1848.49,79313,98.08,2.52,2.81
2010-04-01,1831.21,1857.4,1822.77,1846.74,145232,99.66,2.82,3.04
2010-04-02,1844.66,1845.46,1839.37,1842.26,110872,98.66,2.52,2.88
2010-04-05,1827.09,1846.33,1823.23,1834.95,54320,97.71,2.57,2.91
2010-04-06,1841.1,1842.76,1834.03,1838.35,116039,94.66,2.8,3.38
2010-04-07,1831.39,1841.29,1829.51,1830.68,70568,94.34,2.6,2.92
2010-04-08,1836.11,1844.9,1827.07,1832.61,80106,93.44,2.73,2.88
2010-04-09,1829.72,1844.73,1826.01,1832.47,145611,93.2,2.76,2.83
2010-04-12,1830.1,1845.01,1820.05,1840.44,134081,96.24,2.33,2.86
2010-04-13,1837.58,1847.01,1837.07,1840.07,152854,94.42,2.81,2.77
2010-04-14,1841.79,1852.67,1834.43,1839.54,97806,99.24,2.45,3.01
2010-04-15,1850.8,1858.28,1836.35,1845.17,140534,94.76,2.41,3.01
2010-04-16,1842.01,1857.93,1833.8,1848.51,78084,96.43,2.5,3.03
2010-04-19,1860.15,1867.22,1851.76,1854.43,89051,95.49,2.89,2.98
2010-04-20,1854.96,1869.91,1848.88,1858.57,86637,92.62,2.28,2.89
2010-04-21,1853.01,1853.99,1838.1,1850.99,99662,98.9,2.85,2.88
2010-04-22,1853.97,1859.29,1850.16,1856.81,59006,97.88,2.77,3.0
2010-04-23,1862.81,1865.52,1856.36,1861.79,90219,98.14,2.7,2.97
2010-04-26,1864.9,1875.93,1855.59,1859.93,176427,97.61,2.74,2.88
2010-04-27,1853.05,1872.79,1852.77,1859.89,63766,94.22,2.61,2.93
2010-04-28,1857.27,1867.46,1839.82,1861.06,58004,94.26,2.85,3.21
2010-04-29,1862.71,1870.88,1858.23,1861.67,59905,97.24,2.57,3.27
2010-04-30,1878.47,1884.9,1864.16,1865.03,286285,99.95,2.27,2.94
2010-05-03,1872.73,1881.16,1864.06,1877.59,118888,96.98,2.66,2.87
2010-05-04,1896.95,1903.13,1879.76,1885.41,88600,98.42,2.88,2.97
2010-05-05,1890.35,1894.96,1867.73,1879.05,101450,94.69,2.8,3.15
2010-05-06,1883.6,1895.04,1882.33,1884.15,108126,98.72,3.13,2.97
2010-05-07,1891.78,1893.78,1888.9,1893.47,76406,94.87,2.61,3.03
2010-05-10,1896.02,1905.83,1895.31,1899.96,80266,96.48,2.63,2.88
2010-05-11,1907.55,1913.94,1907.39,1907.94,92681,94.92,2.61,2.8
2010-05-12,1913.4,1926.43,1905.22,1921.51,73872,97.98,2.48,3.09
2010-05-13,1928.73,1942.19,1927.65,1929.17,84223,97.97,2.55,3.0
2010-05-14,1940.81,1943.65,1929.44,1932.13,113690,92.0,2.41,3.07
2010-05-17,1939.22,1946.82,1930.9,1942.78,66246,98.94,2.1,2.72
2010-05-18,1943.72,1956.02,1940.77,1945.13,280402,101.56,2.52,3.25
2010-05-19,1936.8,1951.62,1934.64,1946.73,133420,94.72,2.67,3.01
2010-05-20,1948.23,1959.82,1932.62,1946.04,59395,95.3,2.82,2.7
2010-05-21,1958.67,1960.24,1955.01,1957.12,36637,98.65,2.52,3.12
2010-05-24,1956.76,1967.89,1952.02,1956.38,74981,95.72,2.52,2.92
2010-05-25,1966.05,1986.64,1964.73,1967.33,129799,95.48,2.92,2.98
2010-05-26,1970.18,1983.39,1957.32,1971.91,120112,100.21,2.33,2.9
2010-05-27,1967.67,1984.7,1964.03,1964.71,94434,92.12,2.62,2.96
2010-05-28,1968.29,1968.96,1967.38,1968.47,77607,93.51,2.9,2.97
2010-05-31,1961.65,1965.97,1958.7,1959.8,68757,96.58,2.48,2.72
2010-06-01,1966.41,1970.02,1963.59,1965.14,84033,91.45,2.28,3.1
2010-06-02,1978.75,1985.74,1962.64,1972.11,65844,94.53,3.09,2.99
2010-06-03,1973.91,1983.51,1963.25,1969.91,84157,94.52,2.86,3.04
2010-06-04,1973.3,1993.37,1971.94,1972.16,168111,97.87,2.87,3.09
2010-06-07,1997.77,2004.09,1975.18,1988.71,72511,97.1,2.64,2.99
2010-06-08,1989.54,2001.12,1980.1,1987.04,126039,91.17,2.82,3.02
2010-06-09,1989.67,2001.43,1978.43,1981.91,133969,93.67,2.03,2.75
2010-06-10,1996.3,2010.8,1981.67,1992.68,64097,93.62,2.55,2.85
2010-06-11,1995.45,2017.8,1992.14,2006.54,70449,94.73,2.89,2.98
2010-06-14,2018.86,2029.29,2007.66,2010.99,151384,92.5,2.3,3.0
2010-06-15,2019.74,2027.43,2014.1,2018.92,68165,96.33,2.57,3.03
2010-06-16,2028.68,2041.73,2017.65,2028.99,96471,93.41,2.73,3.18
2010-06-17,2027.48,2030.65,2016.91,2025.77,223237,96.63,2.46,2.96
2010-06-18,2022.11,2028.9,2018.55,2024.2,146083,95.16,2.65,3.02
2010-06-21,2037.93,2044.03,2026.95,2036.54,102139,92.67,2.75,2.98
2010-06-22,2045.28,2058.99,2034.33,2048.92,138177,98.5,2.73,2.93
2010-06-23,2061.95,2062.77,2048.94,2054.1,96532,98.55,2.55,2.94
2010-06-24,2049.26,2055.58,2046.25,2049.95,148344,95.75,2.44,2.85
2010-06-25,2062.01,2068.28,2055.64,2064.38,43542,94.35,2.75,2.95
2010-06-28,2059.74,2067.26,2051.92,2065.47,93367,92.3,2.73,2.94
2010-06-29,2066.51,2070.93,2058.16,2064.84,42850,97.62,2.72,2.95
2010-06-30,2069.78,2071.55,2053.89,2068.62,105297,96.98,2.67,2.71
2010-07-01,2082.76,2099.72,2078.55,2080.34,89816,92.83,2.73,2.95
2010-07-02,2081.07,2090.99,2074.98,2087.51,170125,93.11,2.86,2.84
2010-07-05,2084.78,2103.57,2070.91,2094.85,131233,95.93,2.72,2.96
2010-07-06,2103.42,2108.33,2096.04,2099.48,79982,91.82,2.67,2.8
2010-07-07,2110.71,2111.92,2099.91,2101.35,83911,93.18,2.51,2.97
2010-07-08,2100.14,2118.55,2094.76,2106.63,114952,92.12,2.99,2.92
2010-07-09,2101.45,2120.21,2078.97,2091.48,78509,92.28,2.36,2.87
2010-07-12,2095.92,2098.87,2082.67,2094.13,97445,92.99,2.59,3.01
2010-07-13,2097.26,2100.47,2092.04,2097.3,167155,97.04,2.51,3.02
2010-07-14,2088.79,2092.62,2082.95,2091.28,70851,90.42,2.18,2.96
2010-07-15,2086.7,2109.9,2078.36,2095.4,82531,95.86,2.73,3.05
2010-07-16,2101.83,2115.96,2092.46,2095.62,87293,95.42,2.59,2.9
2010-07-19,2106.98,2114.22,2102.64,2111.89,349140,97.11,2.64,3.03
2010-07-20,2119.01,2141.71,2115.12,2123.98,125906,95.27,2.59,2.96
2010-07-21,2128.77,2129.87,2106.03,2122.46,155255,93.69,2.82,2.81
2010-07-22,2111.05,2133.53,2096.3,2123.04,134221,92.6,2.85,2.84
2010-07-23,2114.43,2129.4,2113.94,2124.14,137882,97.1,2.36,3.14
2010-07-26,2125.68,2127.56,2123.82,2125.8,119303,95.86,3.07,3.2
2010-07-27,2130.58,2141.92,2124.01,2128.7,114245,93.37,2.57,3.07
2010-07-28,2128.31,2131.2,2119.29,2125.22,55254,96.89,2.78,2.88
2010-07-29,2117.34,2126.26,2117.28,2119.26,113907,93.54,2.67,3.18
2010-07-30,2141.15,2153.44,2123.1,2125.01,94529,94.62,2.66,3.06
2010-08-02,2132.47,2146.25,2129.12,2133.93,122784,93.06,2.77,3.01
2010-08-03,2128.65,2134.24,2117.59,2130.13,95957,95.93,2.96,3.24
2010-08-04,2132.64,2150.04,2118.83,2137.75,133955,92.07,2.82,2.83
2010-08-05,2135.9,2136.48,2132.64,2135.1,143770,93.82,2.57,3.08
2010-08-06,2142.36,2144.84,2134.97,2138.41,30795,92.92,2.6,2.84
2010-08-09,2156.43,2158.83,2146.98,2148.67,82987,95.16,2.48,2.87
2010-08-10,2140.45,2159.6,2139.52,2150.06,46959,95.46,2.8,3.35
2010-08-11,2153.17,2160.02,2148.67,2154.76,108616,91.71,2.77,3.04
2010-08-12,2155.76,2161.69,2151.04,2152.87,87528,95.49,2.54,3.24
2010-08-13,2156.95,2164.12,2145.81,2153.16,169792,90.78,2.95,3.04
2010-08-16,2156.55,2173.66,2143.36,2156.51,107247,99.94,2.89,3.02
2010-08-17,2156.56,2163.46,2146.17,2153.06,81290,93.2,3.08,2.87
2010-08-18,2148.25,2161.08,2145.06,2153.48,143692,97.1,2.42,3.11
2010-08-19,2154.63,2159.37,2138.4,2144.61,86917,95.02,2.59,2.96
2010-08-20,2149.28,2149.97,2136.55,2142.9,80886,95.13,2.57,2.97
2010-08-23,2137.04,2148.5,2136.83,2145.7,115549,91.6,3.27,2.92
2010-08-24,2138.66,2147.53,2137.78,2145.58,188186,96.62,2.62,2.94
2010-08-25,2138.82,2154.92,2134.89,2145.56,138887,94.64,2.93,2.96
2010-08-26,2151.12,2165.0,2144.32,2146.75,123843,95.68,2.87,2.98
2010-08-27,2143.32,2159.3,2137.15,2151.61,296671,94.26,2.59,2.95
2010-08-30,2160.16,2174.06,2156.69,2162.31,73646,94.75,2.63,2.72
2010-08-31,2162.45,2167.02,2141.75,2159.51,72992,92.22,2.74,3.04
2010-09-01,2152.53,2156.54,2144.99,2152.95,104634,94.09,2.93,2.94
2010-09-02,2149.18,2150.88,2144.13,2147.51,180956,93.45,2.57,2.46
2010-09-03,2138.97,2155.51,2138.58,2145.83,67732,92.75,2.48,2.72
2010-09-06,2152.01,2162.0,2142.43,2148.18,199153,94.84,2.84,2.89
2010-09-07,2140.64,2146.24,2134.67,2144.58,55511,95.43,2.32,3.15
2010-09-08,2135.37,2150.43,2133.61,2137.45,94043,95.18,2.67,3.05
2010-09-09,2137.51,2152.73,2135.65,2135.99,105808,94.31,2.87,2.85
2010-09-10,2139.47,2144.23,2135.1,2138.81,69351,95.58,2.71,2.93
2010-09-13,2147.7,2152.93,2140.98,2147.55,76995,95.11,2.46,3.12
2010-09-14,2140.56,2148.88,2139.73,2145.39,135761,94.76,2.35,2.86
2010-09-15,2142.29,2157.17,2131.28,2144.21,175715,94.94,2.9,2.79
2010-09-16,2139.59,2148.62,2134.49,2139.57,42368,97.5,2.56,3.09
2010-09-17,2132.14,2153.57,2122.7,2140.97,106095,91.53,2.38,3.12
2010-09-20,2136.99,2141.85,2136.15,2139.96,94341,93.75,2.89,2.86
2010-09-21,2147.93,2150.03,2137.78,2145.44,103048,95.36,2.8,3.03
2010-09-22,2126.82,2143.88,2114.32,2135.01,86967,90.61,2.34,2.95
2010-09-23,2141.6,2142.51,2132.68,2134.19,58912,98.03,3.23,2.86
2010-09-24,2145.97,2151.42,2136.05,2137.82,182940,95.19,2.46,3.13
2010-09-27,2135.77,2144.02,2133.19,2143.78,156957,96.92,2.79,2.85
2010-09-28,2172.48,2172.76,2156.63,2163.66,94693,97.22,3.09,3.07
2010-09-29,2166.74,2168.42,2158.48,2167.68,81200,95.43,2.82,2.96
2010-09-30,2165.17,2166.81,2155.16,2162.46,77359,88.84,2.66,2.93
2010-10-01,2160.21,2178.03,2158.41,2163.43,35092,94.79,2.24,2.87
2010-10-04,2162.07,2168.72,2140.18,2156.1,113723,94.99,3.1,2.8
2010-10-05,2159.8,2161.92,2148.79,2157.18,134878,91.74,2.81,2.91
2010-10-06,2147.88,2155.28,2141.6,2153.14,104313,90.0,2.24,2.87
2010-10-07,2153.43,2162.33,2146.19,2160.98,95364,95.59,2.98,2.96
2010-10-08,2149.41,2161.66,2146.78,2158.86,104125,91.32,2.61,2.77
2010-10-11,2164.05,2171.52,2152.3,2162.83,70172,99.58,2.52,2.93
2010-10-12,2163.83,2168.1,2155.92,2160.12,80836,95.1,2.45,3.01
2010-10-13,2177.87,2180.54,2164.47,2173.62,92361,97.75,2.63,2.85
2010-10-14,2172.28,2173.1,2165.37,2173.05,130440,94.45,2.79,3.06
2010-10-15,2179.68,2190.72,2173.19,2187.28,171363,96.18,2.46,3.08
2010-10-18,2193.23,2199.31,2185.86,2197.73,90069,94.38,2.62,2.77
2010-10-19,2210.34,2219.44,2197.68,2202.72,64996,96.73,3.43,2.83
2010-10-20,2203.73,2219.28,2196.18,2206.94,100133,89.1,2.7,2.75
2010-10-21,2212.29,2235.28,2195.45,2211.34,220708,96.4,2.83,3.01
2010-10-22,2192.51,2209.54,2180.84,2199.6,67297,95.91,2.34,2.97
2010-10-25,2204.74,2209.32,2191.39,2202.52,140693,93.83,2.24,2.71
2010-10-26,2207.01,2214.62,2202.8,2210.05,168448,93.16,2.95,2.85
2010-10-27,2218.31,2221.51,2208.29,2211.37,85476,93.43,2.87,2.99
2010-10-28,2208.37,2212.97,2188.68,2203.26,74586,94.92,3.01,2.96
2010-10-29,2201.27,2208.45,2196.66,2204.55,124241,97.24,2.56,3.13
2010-11-01,2220.46,2223.42,2202.65,2221.3,113696,92.79,2.89,2.77
2010-11-02,2228.03,2232.27,2225.23,2231.72,130341,89.82,1.94,2.94
2010-11-03,2223.45,2235.75,2221.16,2232.96,226269,100.28,2.71,2.79
2010-11-04,2235.58,2243.55,2233.87,2241.34,105537,95.7,2.83,2.96
2010-11-05,2241.77,2251.24,2233.86,2240.44,61273,93.05,2.4,2.92
2010-11-08,2235.54,2235.74,2228.45,2233.36,101382,97.04,2.84,2.98
2010-11-09,2229.53,2229.67,2225.05,2228.54,108729,96.42,2.53,2.88
2010-11-10,2239.19,2250.8,2237.31,2241.22,163876,95.25,2.55,3.06
2010-11-11,2247.24,2255.89,2234.95,2240.97,91244,92.83,2.51,2.84
2010-11-12,2241.36,2255.57,2240.08,2240.94,83815,95.69,2.97,2.79
2010-11-15,2248.49,2264.29,2239.01,2243.76,57040,96.74,2.46,2.98
2010-11-16,2246.93,2267.13,2245.8,2258.95,122880,89.63,2.42,3.22
2010-11-17,2245.52,2277.73,2243.57,2272.26,376729,94.43,2.35,2.71
2010-11-18,2291.86,2299.98,2284.65,2289.91,90306,94.53,2.48,2.77
2010-11-19,2280.7,2292.79,2277.07,2290.49,118276,94.44,2.62,2.98
2010-11-22,2296.21,2307.34,2284.88,2297.68,79289,93.86,2.73,3.11
2010-11-23,2286.37,2296.03,2283.84,2288.44,59129,96.75,2.38,2.99
2010-11-24,2311.8,2315.89,2289.9,2300.84,117441,93.2,2.66,2.85
2010-11-25,2296.87,2304.88,2291.37,2294.12,99835,93.75,2.72,3.0
2010-11-26,2298.55,2308.4,2294.49,2297.41,38016,94.53,2.33,3.02
2010-11-29,2300.29,2301.6,2294.14,2294.53,187965,93.31,2.58,2.84
2010-11-30,2294.53,2297.3,2285.22,2292.0,116586,90.31,2.54,3.06
2010-12-01,2284.54,2294.97,2282.84,2287.68,101677,94.33,2.58,2.93
2010-12-02,2292.36,2300.43,2280.87,2285.02,83383,94.37,2.43,2.68
2010-12-03,2275.26,2284.09,2265.2,2282.86,116089,92.9,2.53,2.92
2010-12-06,2286.16,2293.49,2279.09,2283.94,118250,93.48,2.57,2.85
2010-12-07,2281.03,2297.57,2272.91,2291.67,115905,85.82,3.02,3.13
2010-12-08,2286.82,2294.7,2275.31,2285.42,151326,96.83,2.57,2.74
2010-12-09,2290.05,2296.03,2283.54,2288.73,165728,96.04,2.89,2.86
2010-12-10,2310.82,2318.54,2287.76,2299.25,220188,90.39,2.91,2.97
2010-12-13,2289.8,2315.42,2289.55,2300.6,70633,92.04,2.22,3.3
2010-12-14,2292.99,2300.5,2291.13,2297.13,78482,97.37,2.48,3.23
2010-12-15,2302.85,2313.2,2292.63,2297.18,114059,90.86,2.91,2.93
2010-12-16,2309.79,2315.85,2306.15,2307.47,72284,94.89,2.6,2.99
2010-12-17,2311.87,2311.88,2303.51,2310.62,77095,92.45,2.52,3.03
2010-12-20,2305.21,2315.69,2300.98,2311.84,119382,94.7,2.74,2.78
2010-12-21,2313.0,2320.72,2311.41,2317.11,141539,93.77,2.82,2.94
2010-12-22,2319.44,2320.45,2308.58,2310.81,164451,92.97,2.54,3.14
2010-12-23,2317.16,2327.42,2306.37,2317.51,91395,94.62,2.48,2.95
2010-12-24,2324.86,2328.1,2319.86,2322.24,118807,92.39,1.96,3.23
2010-12-27,2324.3,2327.11,2312.83,2325.11,108782,89.15,2.56,2.87
2010-12-28,2312.48,2333.26,2297.93,2320.72,99415,91.31,2.45,2.92
2010-12-29,2322.47,2330.26,2312.62,2315.98,71224,91.04,2.29,2.92
2010-12-30,2325.14,2328.95,2314.57,2321.63,67691,89.62,2.49,2.74
2010-12-31,2348.52,2348.61,2326.15,2332.39,128884,94.5,2.44,3.1
2011-01-03,2325.73,2335.72,2313.35,2332.84,70747,93.14,2.58,2.88
2011-01-04,2343.74,2352.28,2332.93,2337.97,48495,94.43,2.47,2.97
2011-01-05,2315.25,2339.06,2302.93,2324.39,97469,94.92,2.65,2.84
2011-01-06,2322.96,2330.74,2317.82,2321.86,176680,95.52,2.58,3.19
2011-01-07,2330.19,2332.53,2317.35,2323.38,32275,94.64,2.86,3.11
2011-01-10,2307.4,2326.37,2304.28,2321.84,87962,91.18,2.4,2.94
2011-01-11,2315.31,2317.08,2305.26,2316.74,129325,95.1,2.98,2.75
2011-01-12,2309.7,2317.84,2302.81,2313.61,47600,94.22,2.8,3.04
2011-01-13,2312.6,2330.18,2310.43,2317.48,90641,99.12,2.91,3.09
2011-01-14,2320.53,2320.59,2302.2,2317.85,62581,93.67,2.6,2.79
2011-01-17,2314.4,2325.42,2304.42,2306.64,65981,94.66,2.46,2.91
2011-01-18,2292.09,2309.16,2278.18,2293.01,84038,93.53,2.4,2.94
2011-01-19,2291.76,2292.95,2288.7,2290.35,62990,93.9,2.97,3.09
2011-01-20,2296.16,2296.55,2281.71,2295.38,60929,93.71,2.81,2.9
2011-01-21,2277.32,2297.46,2271.77,2277.31,96404,92.76,2.28,3.07
2011-01-24,2271.29,2289.08,2265.56,2278.74,240591,94.28,2.77,2.81
2011-01-25,2284.24,2289.88,2257.18,2276.67,133665,95.4,2.32,2.77
2011-01-26,2290.4,2296.07,2273.12,2288.37,147888,92.74,2.61,3.2
2011-01-27,2290.02,2298.78,2280.63,2287.31,135795,95.88,2.73,2.73
2011-01-28,2286.25,2301.06,2283.11,2291.79,74682,95.56,2.89,2.81
2011-01-31,2294.7,2307.87,2283.68,2297.87,111785,91.54,2.59,3.04
2011-02-01,2283.01,2287.27,2272.66,2284.21,153135,91.4,2.49,2.84
2011-02-02,2280.92,2296.22,2271.1,2291.47,137493,94.89,2.54,2.84
2011-02-03,2283.13,2297.1,2274.65,2294.75,106704,92.29,2.79,2.89
2011-02-04,2296.01,2305.95,2294.62,2300.15,121542,91.12,2.72,2.6
2011-02-07,2337.57,2351.24,2323.28,2333.91,264381,97.86,2.52,3.09
2011-02-08,2315.83,2322.67,2311.69,2320.38,138106,91.22,2.06,2.95
2011-02-09,2327.64,2338.61,2315.86,2334.78,87023,89.75,1.91,2.8
2011-02-10,2328.71,2335.16,2319.6,2334.42,95835,91.61,2.58,2.66
2011-02-11,2335.09,2340.09,2334.29,2338.29,64753,94.13,2.22,2.72
2011-02-14,2340.62,2352.77,2334.98,2343.1,252411,93.71,2.39,2.68
2011-02-15,2356.95,2362.27,2324.68,2341.73,187502,98.25,2.46,2.95
2011-02-16,2346.69,2352.49,2332.53,2339.29,102056,91.62,3.04,2.96
2011-02-17,2350.68,2358.63,2342.14,2343.48,236174,94.11,2.55,3.01
2011-02-18,2342.24,2350.54,2319.41,2334.06,127129,96.39,2.7,3.03
2011-02-21,2337.72,2361.21,2331.46,2344.74,83088,91.87,2.64,3.01
2011-02-22,2334.84,2361.87,2328.3,2343.43,141857,95.28,1.91,3.15
2011-02-23,2329.1,2350.6,2320.2,2336.86,115781,88.97,2.41,3.1
2011-02-24,2344.65,2357.42,2330.37,2335.3,138018,97.96,2.21,3.06
2011-02-25,2342.48,2346.48,2335.56,2346.33,57088,96.0,2.94,2.95
2011-02-28,2338.73,2352.25,2336.51,2347.54,71387,91.8,2.05,3.02
2011-03-01,2348.92,2357.01,2348.18,2351.96,179044,95.56,2.4,2.85
2011-03-02,2346.63,2348.84,2344.01,2348.31,194318,96.78,2.44,2.88
2011-03-03,2357.59,2358.3,2347.77,2355.7,173866,90.24,2.26,3.17
2011-03-04,2364.34,2374.22,2361.89,2362.56,239775,91.93,2.53,2.83
2011-03-07,2375.68,2382.99,2356.15,2381.6,124361,96.71,2.49,2.82
2011-03-08,2386.97,2400.33,2380.69,2382.07,120913,93.51,2.55,2.86
2011-03-09,2384.31,2394.82,2373.1,2388.89,68508,94.4,2.63,2.83
2011-03-10,2390.3,2397.33,2376.68,2391.42,78259,93.47,2.56,2.84
2011-03-11,2407.96,2412.75,2398.36,2403.01,44564,95.47,2.6,2.95
2011-03-14,2398.23,2409.85,2392.37,2402.86,86803,94.52,2.78,2.95
2011-03-15,2406.2,2422.05,2398.47,2410.31,43329,93.47,2.09,3.05
2011-03-16,2414.93,2418.84,2409.12,2410.65,152114,87.95,2.68,3.24
2011-03-17,2405.76,2419.67,2401.87,2411.97,115307,94.8,2.24,2.86
2011-03-18,2411.69,2417.57,2411.07,2414.48,43893,95.01,2.34,2.9
2011-03-21,2425.76,2426.71,2408.86,2421.73,91496,90.05,2.53,2.64
2011-03-22,2437.59,2440.46,2419.29,2422.66,216871,90.22,2.6,2.72
2011-03-23,2430.53,2448.9,2419.28,2426.12,93876,94.43,2.63,2.89
2011-03-24,2443.5,2452.43,2439.08,2440.04,66214,93.55,2.26,2.98
2011-03-25,2453.37,2453.64,2445.86,2449.47,48329,88.09,2.9,2.98
2011-03-28,2453.67,2475.47,2452.08,2461.6,48910,90.91,2.39,3.0
2011-03-29,2460.77,2465.69,2455.79,2459.92,122299,93.76,2.31,3.1
2011-03-30,2454.66,2461.86,2448.02,2454.88,82987,94.69,2.17,3.16
2011-03-31,2466.51,2478.06,2462.16,2464.13,85785,91.5,2.15,2.87
2011-04-01,2473.66,2494.84,2472.24,2472.8,83125,92.55,2.14,2.79
2011-04-04,2492.61,2492.75,2479.17,2489.77,93330,90.64,2.57,3.01
2011-04-05,2484.58,2487.39,2480.46,2486.9,60423,96.16,2.64,3.05
2011-04-06,2487.41,2494.05,2467.27,2486.97,112021,93.29,2.27,2.93
2011-04-07,2466.9,2480.94,2463.31,2476.02,55877,91.23,2.2,2.88
2011-04-08,2472.45,2486.29,2456.36,2474.82,72959,90.02,2.43,2.83
2011-04-11,2498.46,2520.09,2483.94,2488.08,147905,89.68,2.51,2.9
2011-04-12,2488.67,2501.78,2469.64,2486.29,114746,97.39,2.55,3.01
2011-04-13,2493.03,2503.0,2483.17,2493.18,129867,92.39,2.24,2.8
2011-04-14,2507.75,2521.69,2489.95,2493.56,233317,91.82,2.44,2.78
2011-04-15,2487.79,2500.04,2472.42,2497.98,96388,92.27,2.87,2.99
2011-04-18,2486.15,2506.52,2475.48,2494.46,99566,91.24,2.18,2.78
2011-04-19,2509.83,2515.79,2496.88,2497.0,88811,92.54,2.47,2.93
2011-04-20,2475.79,2485.71,2469.7,2475.44,82671,92.99,2.6,2.92
2011-04-21,2474.04,2482.28,2459.36,2475.85,65891,92.94,2.24,2.9
2011-04-22,2456.15,2469.47,2448.5,2465.01,102091,89.8,2.63,2.81
2011-04-25,2483.18,2489.18,2469.0,2479.85,113779,95.12,2.14,3.16
2011-04-26,2491.86,2507.1,2479.2,2487.8,116344,91.47,2.64,2.96
2011-04-27,2485.15,2512.49,2473.13,2493.33,101290,91.18,2.49,2.82
2011-04-28,2506.13,2513.77,2502.53,2507.19,142981,91.0,2.12,2.95
2011-04-29,2499.07,2514.52,2490.58,2501.59,99884,90.16,2.65,3.18
2011-05-02,2522.87,2532.57,2511.29,2520.94,83807,93.37,2.25,2.91
2011-05-03,2521.76,2550.59,2515.91,2530.25,68132,94.9,2.43,3.13
2011-05-04,2539.77,2545.35,2522.14,2530.27,53125,90.85,2.63,2.73
2011-05-05,2548.22,2563.62,2533.39,2541.24,177046,88.0,2.23,2.77
2011-05-06,2531.54,2536.99,2530.84,2534.31,74635,90.07,2.34,2.58
2011-05-09,2531.66,2545.45,2528.41,2533.3,68168,91.52,2.75,3.19
2011-05-10,2529.32,2540.65,2516.35,2530.35,83531,89.58,1.95,2.64
2011-05-11,2522.14,2540.49,2521.46,2528.04,88313,91.17,2.82,2.92
2011-05-12,2518.18,2522.58,2512.46,2521.53,190118,91.32,2.1,3.16
2011-05-13,2531.11,2553.79,2528.65,2533.17,86572,92.61,2.29,3.04
2011-05-16,2548.96,2557.33,2525.09,2536.68,283042,88.99,2.54,2.95
2011-05-17,2548.63,2555.59,2539.6,2541.41,101263,94.06,2.61,3.09
2011-05-18,2545.87,2554.05,2534.3,2538.75,224765,96.77,2.54,2.79
2011-05-19,2528.94,2535.28,2513.51,2526.13,141149,96.25,2.47,2.97
2011-05-20,2521.7,2532.38,2508.31,2530.18,114052,91.2,2.35,2.88
2011-05-23,2520.22,2525.77,2508.35,2520.53,185561,94.37,2.85,2.87
2011-05-24,2529.22,2536.15,2519.8,2521.88,154645,94.07,2.65,2.92
2011-05-25,2503.44,2514.21,2502.23,2512.92,127245,92.63,2.75,3.07
2011-05-26,2535.44,2543.72,2527.87,2530.6,249455,93.1,2.35,3.13
2011-05-27,2557.48,2579.45,2536.66,2539.79,80873,94.32,1.88,2.85
2011-05-30,2554.34,2564.54,2538.51,2546.23,66305,94.8,2.71,2.73
2011-05-31,2569.16,2584.6,2547.48,2558.31,75320,90.51,2.54,2.77
2011-06-01,2555.09,2556.19,2548.9,2553.42,198969,94.43,2.5,3.18
2011-06-02,2567.15,2570.57,2555.11,2559.71,176363,96.7,2.31,3.11
2011-06-03,2557.73,2566.6,2556.05,2563.25,80009,94.72,2.37,2.73
2011-06-06,2577.18,2580.1,2567.18,2571.04,38489,96.32,2.3,3.14
2011-06-07,2588.38,2591.18,2581.09,2583.3,90913,85.97,2.46,2.78
2011-06-08,2593.47,2598.36,2587.14,2591.22,65821,93.88,2.17,2.99
2011-06-09,2605.77,2613.43,2595.45,2595.52,81017,93.03,2.64,2.78
2011-06-10,2579.79,2601.89,2571.4,2583.97,64746,94.99,2.96,3.21
2011-06-13,2580.4,2584.27,2571.95,2581.85,51853,89.62,2.3,2.8
2011-06-14,2583.53,2584.19,2564.5,2582.79,209668,91.16,2.05,2.73
2011-06-15,2577.5,2594.87,2567.47,2585.49,75096,94.67,2.42,2.82
2011-06-16,2579.99,2584.49,2567.21,2578.24,173696,89.8,2.53,3.28
2011-06-17,2586.44,2606.79,2584.85,2599.85,90350,92.96,2.56,2.93
2011-06-20,2626.28,2628.3,2617.09,2618.06,62797,92.23,2.84,2.73
2011-06-21,2625.37,2631.09,2613.94,2625.0,121009,91.76,2.65,2.77
2011-06-22,2623.46,2630.64,2622.78,2627.57,84421,93.67,1.99,2.62
2011-06-23,2621.21,2634.84,2610.49,2627.79,90867,89.44,2.13,2.97
2011-06-24,2620.04,2631.46,2610.86,2621.89,104606,90.31,2.54,2.7
2011-06-27,2633.74,2643.2,2624.08,2628.31,71333,91.88,2.33,3.05
2011-06-28,2636.75,2637.99,2627.73,2632.42,51613,89.21,2.82,3.0
2011-06-29,2618.56,2635.03,2612.78,2624.12,96711,95.33,2.2,2.87
2011-06-30,2622.18,2635.29,2616.11,2628.85,145156,90.23,2.68,3.07
2011-07-01,2634.72,2641.0,2612.84,2629.54,68827,94.19,2.28,3.02
2011-07-04,2613.87,2645.21,2613.8,2619.55,104986,90.08,2.5,2.9
2011-07-05,2614.89,2618.46,2612.37,2614.42,180268,94.05,2.23,2.77
2011-07-06,2613.95,2618.72,2596.97,2612.98,95234,88.27,2.57,2.94
2011-07-07,2633.0,2638.86,2630.37,2630.54,102174,95.74,2.7,2.94
2011-07-08,2643.93,2654.23,2634.5,2637.14,100920,95.03,2.5,2.95
2011-07-11,2621.88,2638.98,2616.52,2631.86,75136,90.83,2.91,2.89
2011-07-12,2622.74,2659.84,2621.89,2637.87,66347,90.13,2.25,2.93
2011-07-13,2622.54,2641.24,2616.78,2627.02,66455,93.38,2.45,2.92
2011-07-14,2652.23,2675.89,2628.2,2637.97,114379,88.37,2.64,3.08
2011-07-15,2652.03,2654.83,2612.62,2636.04,133672,92.29,2.19,2.69
2011-07-18,2655.58,2668.09,2640.39,2641.07,136220,90.16,2.44,2.73
2011-07-19,2652.58,2663.51,2633.87,2654.12,84845,91.49,2.59,2.89
2011-07-20,2631.22,2659.93,2621.62,2645.36,152866,90.55,2.66,2.76
2011-07-21,2617.2,2637.85,2611.71,2635.73,111630,90.2,2.71,2.91
2011-07-22,2628.01,2643.03,2614.62,2632.86,101549,96.47,2.21,2.71
2011-07-25,2645.74,2653.56,2630.67,2647.31,25958,94.1,2.5,2.73
2011-07-26,2646.94,2655.05,2611.53,2636.65,71184,88.5,2.09,3.18
2011-07-27,2622.01,2622.47,2600.98,2615.2,53721,90.1,2.24,2.84
2011-07-28,2615.23,2617.04,2596.19,2613.45,126858,94.44,2.38,2.7
2011-07-29,2612.97,2639.83,2611.17,2619.96,102540,94.69,2.71,2.86
2011-08-01,2628.09,2655.89,2622.57,2635.68,64292,88.74,2.55,3.03
2011-08-02,2635.83,2636.19,2627.85,2633.82,111496,93.95,2.43,3.05
2011-08-03,2637.89,2641.22,2618.31,2632.39,55859,92.88,2.53,2.65
2011-08-04,2647.06,2657.09,2631.84,2643.96,65022,87.31,2.55,2.76
2011-08-05,2622.24,2634.14,2616.89,2630.41,74303,91.21,2.51,2.9
2011-08-08,2638.12,2644.35,2624.06,2632.98,122523,91.87,2.27,2.86
2011-08-09,2639.91,2643.55,2633.5,2636.54,172780,92.32,2.17,2.63
2011-08-10,2633.77,2652.11,2622.16,2642.26,78088,88.87,2.36,2.65
2011-08-11,2633.79,2652.79,2628.36,2640.0,167541,90.27,2.21,2.71
2011-08-12,2647.73,2656.19,2623.16,2642.27,100605,90.61,2.57,2.6
2011-08-15,2625.57,2637.04,2623.7,2627.42,108494,90.9,2.79,2.8
2011-08-16,2636.46,2649.79,2621.62,2623.95,96228,90.95,2.55,3.05
2011-08-17,2633.63,2638.03,2626.29,2629.68,91224,91.89,1.96,2.77
2011-08-18,2619.69,2639.06,2618.2,2623.52,117679,93.03,2.25,3.03
2011-08-19,2625.9,2629.95,2616.99,2625.98,132737,96.68,2.41,2.87
2011-08-22,2635.98,2638.29,2632.98,2635.48,69296,94.38,2.05,2.84
2011-08-23,2628.86,2634.68,2620.57,2634.61,91516,95.5,2.41,2.61
2011-08-24,2630.79,2638.26,2620.85,2638.01,192472,90.99,2.52,3.04
2011-08-25,2637.54,2643.02,2627.49,2632.0,105966,89.71,2.76,2.88
2011-08-26,2638.94,2656.16,2626.98,2632.26,110710,94.22,2.86,2.62
2011-08-29,2647.93,2651.07,2632.46,2643.14,157456,92.13,2.1,2.92
2011-08-30,2658.47,2659.47,2640.61,2646.44,80781,93.98,2.37,2.77
2011-08-31,2639.24,2647.64,2630.34,2643.54,97383,89.96,2.37,2.87
2011-09-01,2660.69,2692.4,2632.32,2647.39,136863,93.77,2.22,2.9
2011-09-02,2648.18,2667.37,2627.62,2655.35,162033,91.68,2.42,3.04
2011-09-05,2636.04,2653.01,2630.06,2644.08,38328,91.01,2.38,2.69
2011-09-06,2641.72,2670.41,2641.47,2655.74,73521,91.2,2.55,2.95
2011-09-07,2651.37,2657.4,2642.05,2654.93,66214,93.34,2.74,3.06
2011-09-08,2656.46,2663.1,2647.72,2660.48,93945,94.03,2.43,3.24
2011-09-09,2676.76,2681.74,2667.47,2672.54,68249,91.13,2.27,3.02
2011-09-12,2668.84,2674.6,2650.02,2666.89,128751,92.93,2.14,2.91
2011-09-13,2651.58,2662.62,2630.03,2661.1,105763,92.94,2.9,2.9
2011-09-14,2653.9,2662.36,2652.09,2657.03,140881,93.95,2.62,3.09
2011-09-15,2645.87,2652.11,2640.97,2648.82,144524,94.61,2.49,2.81
2011-09-16,2647.5,2673.54,2639.23,2661.68,129525,96.62,2.35,2.98
2011-09-19,2641.6,2656.58,2638.23,2649.4,86308,90.98,2.79,3.18
2011-09-20,2637.01,2652.43,2618.43,2643.12,102920,95.82,2.35,2.84
2011-09-21,2654.54,2666.07,2642.87,2643.17,82096,92.46,1.96,2.55
2011-09-22,2633.05,2636.03,2617.73,2631.54,57188,89.48,2.45,2.73
2011-09-23,2631.84,2633.51,2619.83,2626.62,144569,90.61,2.08,2.9
2011-09-26,2612.4,2632.3,2611.79,2624.2,95451,93.41,2.45,2.73
2011-09-27,2629.2,2633.31,2607.1,2619.81,54119,94.08,2.72,2.8
2011-09-28,2627.62,2633.13,2607.98,2617.41,122366,89.74,1.97,2.81
2011-09-29,2595.76,2619.06,2594.51,2611.42,90257,90.39,2.16,2.94
2011-09-30,2591.87,2600.97,2588.16,2597.37,43307,91.03,2.6,2.71
2011-10-03,2598.86,2606.11,2591.75,2595.0,56983,90.22,2.26,2.76
2011-10-04,2612.8,2624.93,2601.64,2607.76,74589,87.62,2.48,3.06
2011-10-05,2600.98,2621.21,2596.84,2606.28,107388,86.78,2.48,2.78
2011-10-06,2604.12,2610.96,2593.76,2606.51,135294,91.37,2.6,2.96
2011-10-07,2605.89,2622.06,2596.13,2610.57,133453,92.94,2.22,2.85
2011-10-10,2596.02,2600.58,2594.87,2595.16,125636,94.01,1.74,2.85
2011-10-11,2616.85,2642.85,2600.61,2607.49,97368,88.91,2.48,2.96
2011-10-12,2601.49,2611.56,2582.1,2607.52,196593,88.96,1.98,2.57
2011-10-13,2627.19,2630.6,2616.15,2619.32,130607,90.95,2.61,2.91
2011-10-14,2605.53,2613.66,2595.03,2611.65,107887,92.31,2.36,2.93
2011-10-17,2614.94,2623.16,2598.07,2621.6,123826,94.78,2.3,2.97
2011-10-18,2632.82,2641.05,2605.23,2626.37,84152,94.03,2.54,2.79
2011-10-19,2636.58,2638.09,2622.94,2629.31,96481,91.31,1.94,2.85
2011-10-20,2636.33,2647.67,2629.09,2629.61,42925,93.13,2.32,2.48
2011-10-21,2615.55,2629.21,2613.82,2625.91,84567,90.13,2.48,2.74
2011-10-24,2627.12,2642.49,2615.48,2630.8,199576,92.41,2.43,2.87
2011-10-25,2636.81,2640.44,2621.68,2630.32,104751,92.07,2.25,3.06
2011-10-26,2612.76,2618.53,2592.48,2612.44,103021,95.81,2.25,3.12
2011-10-27,2593.26,2602.19,2583.0,2601.64,147184,93.58,2.75,2.79
2011-10-28,2602.07,2615.91,2588.01,2598.49,113906,90.43,2.59,2.97
2011-10-31,2590.47,2597.58,2583.19,2596.03,72070,90.47,2.2,2.82
2011-11-01,2607.92,2608.84,2581.52,2593.95,99654,91.55,2.7,2.6
2011-11-02,2614.37,2632.96,2602.15,2602.31,62687,88.43,2.55,2.93
2011-11-03,2589.43,2598.51,2573.49,2584.75,106238,91.84,2.48,3.11
2011-11-04,2594.86,2600.82,2577.99,2584.3,70608,92.06,2.49,2.78
2011-11-07,2565.11,2585.2,2550.52,2564.61,143102,93.67,2.07,2.7
2011-11-08,2575.05,2580.1,2566.15,2569.15,80491,94.02,2.74,2.85
2011-11-09,2578.16,2598.65,2566.21,2566.78,70977,92.75,2.6,2.82
2011-11-10,2570.47,2579.03,2558.27,2568.58,94359,88.41,2.42,3.23
2011-11-11,2558.04,2576.3,2553.39,2560.0,114251,89.47,2.42,2.99
2011-11-14,2552.28,2570.03,2549.62,2565.4,60904,90.99,2.33,2.86
2011-11-15,2571.58,2589.86,2570.04,2572.22,80137,94.1,2.21,2.4
2011-11-16,2581.71,2586.53,2574.43,2575.35,102956,94.01,2.49,2.81
2011-11-17,2579.99,2583.74,2568.65,2572.69,168610,91.85,2.15,3.11
2011-11-18,2579.68,2587.63,2570.07,2575.79,35900,98.36,2.39,2.85
2011-11-21,2560.95,2568.7,2542.0,2565.12,126255,96.41,2.38,2.96
2011-11-22,2555.19,2581.05,2549.41,2570.44,84674,95.58,2.45,2.89
2011-11-23,2578.38,2589.59,2571.0,2582.22,80996,94.18,2.59,2.76
2011-11-24,2586.96,2594.97,2578.16,2589.32,75173,93.55,2.45,3.09
2011-11-25,2579.34,2591.74,2574.48,2581.77,85343,93.4,2.52,2.86
2011-11-28,2584.53,2586.49,2566.33,2579.74,126541,87.93,1.86,2.72
2011-11-29,2582.95,2586.29,2567.36,2567.65,79641,89.87,2.46,2.83
2011-11-30,2571.63,2581.88,2556.92,2570.68,191652,91.93,2.36,3.04
2011-12-01,2571.05,2586.22,2554.06,2572.73,126696,92.79,2.44,2.61
2011-12-02,2554.03,2561.05,2541.59,2556.02,106850,92.23,2.21,2.87
2011-12-05,2542.74,2554.16,2538.0,2541.79,92371,93.29,2.63,2.84
2011-12-06,2531.63,2538.74,2519.34,2537.94,158885,87.37,2.4,2.6
2011-12-07,2534.87,2539.51,2511.06,2533.95,168452,93.91,2.16,2.94
2011-12-08,2526.16,2527.73,2518.75,2522.74,62034,92.85,2.2,2.87
2011-12-09,2525.85,2526.41,2520.18,2524.26,74551,92.22,2.57,2.96
2011-12-12,2524.87,2527.32,2514.37,2521.41,127242,95.02,2.32,3.0
2011-12-13,2521.57,2547.07,2507.68,2518.29,143583,90.1,2.34,2.82
2011-12-14,2497.39,2521.47,2491.9,2510.74,87541,92.15,2.29,2.74
2011-12-15,2522.28,2530.81,2504.96,2517.47,73351,93.43,2.59,2.61
2011-12-16,2523.97,2530.58,2509.9,2529.06,101869,90.53,2.46,2.73
2011-12-19,2512.07,2522.23,2505.62,2520.35,178202,87.69,2.04,2.82
2011-12-20,2505.6,2520.33,2493.47,2513.93,100349,89.85,2.09,2.68
2011-12-21,2519.53,2522.12,2511.28,2516.25,59541,92.56,2.33,2.91
2011-12-22,2510.17,2524.92,2508.37,2511.85,103139,92.12,2.17,2.69
2011-12-23,2496.52,2523.7,2490.04,2509.18,135009,92.71,1.79,2.56
2011-12-26,2513.8,2526.59,2509.89,2510.2,94792,91.1,2.14,2.73
2011-12-27,2482.82,2506.14,2477.48,2493.59,163287,89.54,2.26,2.85
2011-12-28,2503.45,2506.79,2493.8,2502.41,139572,93.13,2.23,2.63
2011-12-29,2503.21,2509.17,2490.61,2501.42,96307,92.37,2.51,2.69
2011-12-30,2503.25,2504.64,2488.79,2496.62,100434,94.4,1.77,2.72
2012-01-02,2504.44,2514.99,2490.52,2491.12,47254,90.97,2.13,2.74
2012-01-03,2479.08,2510.48,2475.96,2489.27,160185,87.79,2.52,2.86
2012-01-04,2473.8,2481.62,2472.3,2474.19,86525,86.4,2.16,2.91
2012-01-05,2482.26,2487.25,2477.88,2484.32,84121,91.86,2.02,2.75
2012-01-06,2486.32,2489.7,2480.56,2483.09,79225,93.19,2.15,2.66
2012-01-09,2483.39,2485.19,2477.0,2481.78,118501,92.3,2.43,2.84
2012-01-10,2485.05,2501.21,2476.94,2487.68,62851,91.44,2.26,2.89
2012-01-11,2474.86,2478.58,2460.87,2478.14,66591,88.91,2.14,3.06
2012-01-12,2471.98,2489.08,2460.89,2480.29,96663,88.16,2.44,2.99
2012-01-13,2484.0,2500.09,2473.04,2476.66,76833,93.82,2.41,2.62
2012-01-16,2481.91,2487.01,2462.61,2478.5,112881,92.32,2.0,2.79
2012-01-17,2467.18,2469.62,2446.81,2460.41,77967,92.07,2.34,2.88
2012-01-18,2455.82,2464.46,2445.58,2458.11,186841,89.13,1.99,2.68
2012-01-19,2447.08,2461.98,2444.89,2451.91,130272,90.6,2.61,2.76
2012-01-20,2445.79,2457.86,2441.37,2453.72,129618,93.12,2.62,2.91
2012-01-23,2455.28,2456.6,2430.35,2452.64,77498,93.72,2.24,2.85
2012-01-24,2438.02,2445.81,2421.95,2445.65,258402,92.63,2.58,2.81
2012-01-25,2452.17,2455.61,2429.13,2438.65,82817,96.52,2.12,2.71
2012-01-26,2426.72,2438.57,2425.64,2436.28,74196,91.65,2.28,2.59
2012-01-27,2429.88,2441.07,2420.27,2427.89,130966,96.34,2.16,2.76
2012-01-30,2441.08,2452.24,2428.6,2429.66,106733,93.66,2.3,2.79
2012-01-31,2429.68,2434.43,2407.16,2425.32,71157,93.41,2.32,2.59
2012-02-01,2402.98,2404.63,2400.8,2401.71,237598,95.58,2.31,2.81
2012-02-02,2390.42,2398.86,2387.21,2397.38,145836,91.71,2.28,2.86
2012-02-03,2378.16,2396.39,2357.31,2388.06,98874,92.49,2.34,2.7
2012-02-06,2376.74,2377.2,2352.82,2371.26,257930,90.33,2.62,2.86
2012-02-07,2371.23,2375.78,2357.62,2360.56,136531,95.78,1.8,2.85
2012-02-08,2356.79,2366.66,2350.46,2359.9,98246,94.28,2.78,2.76
2012-02-09,2360.23,2373.1,2349.22,2368.32,245874,96.15,2.21,2.74
2012-02-10,2351.71,2372.01,2345.21,2369.18,128488,93.91,2.28,2.75
2012-02-13,2353.17,2362.48,2342.91,2360.11,126259,96.2,2.63,2.67
2012-02-14,2361.22,2363.28,2358.83,2362.03,84580,91.56,2.45,2.85
2012-02-15,2368.45,2371.5,2357.06,2357.14,100686,95.92,2.43,2.67
2012-02-16,2355.27,2359.71,2342.12,2350.53,83761,92.49,2.61,2.68
2012-02-17,2342.68,2343.44,2338.51,2340.53,175587,93.54,2.26,2.87
2012-02-20,2320.39,2326.85,2315.64,2323.18,51856,95.44,2.53,2.76
2012-02-21,2314.82,2319.04,2309.53,2318.88,170475,99.46,1.98,2.81
2012-02-22,2328.37,2343.31,2310.71,2318.59,69498,95.69,2.4,2.54
2012-02-23,2317.83,2318.12,2311.21,2316.44,96454,95.94,2.43,2.72
2012-02-24,2297.38,2312.55,2289.67,2311.96,87720,92.31,2.58,3.05
2012-02-27,2296.0,2302.89,2293.6,2300.65,80172,94.12,2.47,2.53
2012-02-28,2297.7,2309.1,2292.03,2303.63,130081,93.48,2.34,3.06
2012-02-29,2288.9,2303.62,2282.46,2292.66,98511,97.29,2.21,2.83
2012-03-01,2300.72,2306.46,2290.86,2296.84,75577,93.38,2.21,2.71
2012-03-02,2287.43,2290.67,2282.37,2288.17,104987,97.11,2.21,2.76
2012-03-05,2277.84,2279.93,2275.37,2278.36,74724,90.58,1.96,2.98
2012-03-06,2275.38,2277.94,2255.91,2266.45,79609,97.39,2.72,2.45
2012-03-07,2256.73,2261.51,2256.03,2261.46,54235,91.77,2.54,3.0
2012-03-08,2279.68,2283.78,2257.01,2267.0,82444,96.03,2.35,2.83
2012-03-09,2264.7,2278.06,2248.45,2269.27,120292,91.72,2.49,2.94
2012-03-12,2272.51,2276.82,2269.71,2271.9,100192,95.42,2.47,2.53
2012-03-13,2272.3,2279.71,2266.44,2274.22,204030,91.45,2.03,2.76
2012-03-14,2265.75,2267.24,2259.14,2264.92,280723,96.5,2.44,2.44
2012-03-15,2264.16,2267.88,2251.8,2261.15,81986,96.04,2.6,2.97
2012-03-16,2257.12,2262.42,2252.43,2254.19,70733,92.46,2.11,2.64
2012-03-19,2254.2,2270.19,2241.91,2259.31,155115,95.38,1.9,2.64
2012-03-20,2241.82,2271.23,2233.41,2249.4,112880,96.35,1.99,2.5
2012-03-21,2271.26,2276.06,2249.0,2254.33,155492,91.65,2.25,2.85
2012-03-22,2255.99,2264.91,2251.36,2259.27,115789,91.35,1.97,2.8
2012-03-23,2275.68,2293.33,2264.46,2270.91,91332,91.2,2.23,2.67
2012-03-26,2252.71,2270.78,2250.01,2263.63,91539,90.88,2.11,2.82
2012-03-27,2265.4,2270.02,2248.62,2267.3,117372,91.2,2.27,2.67
2012-03-28,2281.36,2282.84,2276.57,2282.23,90721,96.13,2.15,2.52
2012-03-29,2279.6,2287.19,2266.22,2276.37,160781,95.24,2.26,2.73
2012-03-30,2245.49,2271.96,2241.88,2263.98,58633,89.67,2.42,3.03
2012-04-02,2247.4,2252.49,2243.49,2246.28,160437,92.72,2.03,2.93
2012-04-03,2242.17,2254.56,2231.72,2249.93,46659,91.09,2.34,2.85
2012-04-04,2237.4,2246.73,2229.25,2235.23,104614,96.21,2.06,2.82
2012-04-05,2224.28,2243.01,2222.41,2231.21,86472,92.95,2.27,2.73
2012-04-06,2227.16,2241.71,2225.33,2232.9,53823,90.2,2.25,2.89
2012-04-09,2228.07,2230.98,2223.28,2229.9,43303,94.51,2.35,2.86
2012-04-10,2224.46,2233.42,2218.48,2231.5,63639,95.59,2.31,2.77
2012-04-11,2228.49,2239.02,2222.13,2231.67,100536,91.69,2.57,2.81
2012-04-12,2231.27,2252.39,2218.54,2239.28,77584,93.37,2.26,2.54
2012-04-13,2218.91,2239.77,2202.36,2231.18,65096,91.82,2.11,2.7
2012-04-16,2228.94,2229.31,2213.89,2222.15,169551,97.23,2.49,2.6
2012-04-17,2206.75,2223.41,2200.85,2215.37,60302,93.08,2.34,2.59
2012-04-18,2218.59,2223.21,2208.45,2219.78,129527,92.33,2.48,2.85
2012-04-19,2229.72,2231.83,2219.95,2224.7,69175,93.98,2.23,2.58
2012-04-20,2222.36,2232.83,2216.35,2226.47,62999,93.58,1.93,2.89
2012-04-23,2224.97,2237.03,2216.99,2230.49,77533,95.8,2.82,2.93
2012-04-24,2222.35,2229.44,2218.71,2220.85,126496,97.17,2.11,2.76
2012-04-25,2238.63,2241.27,2228.2,2231.15,57034,97.13,1.97,2.68
2012-04-26,2232.62,2245.99,2230.37,2240.48,110744,93.07,2.43,2.93
2012-04-27,2243.27,2254.23,2235.56,2244.28,67217,94.77,2.02,2.85
2012-04-30,2240.86,2253.52,2238.04,2252.57,72235,97.69,2.15,2.95
2012-05-01,2236.81,2244.05,2225.73,2239.45,115873,97.85,2.28,2.61
2012-05-02,2234.59,2246.59,2231.37,2234.36,235482,91.87,2.22,2.73
2012-05-03,2222.09,2233.63,2220.73,2227.8,68568,95.57,2.16,2.74
2012-05-04,2228.41,2237.09,2226.57,2231.47,131656,95.13,2.65,2.8
2012-05-07,2210.45,2220.35,2207.94,2219.83,87108,96.45,2.22,2.86
2012-05-08,2224.26,2240.64,2217.72,2223.75,81642,97.22,2.02,2.79
2012-05-09,2239.04,2249.15,2225.9,2231.97,151531,91.47,2.49,2.97
2012-05-10,2228.11,2260.13,2216.24,2235.47,70445,92.33,2.07,2.71
2012-05-11,2231.9,2253.82,2226.31,2236.07,62215,96.32,2.22,2.61
2012-05-14,2228.2,2232.9,2216.51,2224.84,118666,94.48,2.02,2.66
2012-05-15,2225.6,2230.29,2202.47,2217.53,186822,88.58,2.3,2.64
2012-05-16,2214.92,2230.56,2213.43,2224.89,133252,89.94,2.25,2.69
2012-05-17,2227.84,2230.28,2221.4,2228.97,56229,95.74,2.24,2.72
2012-05-18,2229.19,2251.77,2217.46,2227.3,77177,96.19,2.28,2.73
2012-05-21,2219.42,2226.38,2215.03,2220.1,146069,90.76,2.44,2.8
2012-05-22,2188.22,2206.8,2172.71,2204.6,185803,96.96,2.42,2.69
2012-05-23,2199.11,2199.51,2191.19,2195.81,108172,93.76,1.98,2.92
2012-05-24,2217.75,2217.94,2205.22,2207.69,78302,91.64,2.07,2.47
2012-05-25,2198.2,2202.54,2178.45,2197.43,190690,92.85,2.47,2.43
2012-05-28,2187.73,2194.77,2186.98,2194.52,95813,91.2,2.04,2.91
2012-05-29,2196.73,2216.61,2195.34,2200.12,77472,92.69,2.36,2.9
2012-05-30,2201.7,2221.04,2179.7,2190.07,72404,89.61,2.44,2.94
2012-05-31,2195.96,2206.5,2187.61,2189.98,61205,94.1,1.82,2.85
2012-06-01,2199.3,2210.61,2195.02,2195.09,306640,95.73,2.13,2.76
2012-06-04,2193.3,2196.33,2180.52,2190.96,174273,90.91,2.44,2.72
2012-06-05,2205.08,2211.55,2196.97,2209.46,75923,94.23,2.19,2.51
2012-06-06,2195.19,2205.99,2187.83,2196.51,197349,92.24,2.13,2.78
2012-06-07,2201.96,2221.5,2199.41,2202.47,122188,95.89,2.44,2.54
2012-06-08,2203.53,2207.93,2198.15,2199.9,119329,88.45,2.5,3.12
2012-06-11,2210.98,2226.55,2194.62,2201.02,74074,96.01,2.06,2.6
2012-06-12,2210.1,2212.62,2200.94,2202.71,80366,89.67,2.67,2.74
2012-06-13,2186.9,2200.4,2170.01,2196.25,97054,93.73,1.78,2.98
2012-06-14,2197.94,2198.64,2192.19,2196.47,44971,92.48,1.85,2.7
2012-06-15,2187.11,2192.4,2175.19,2182.29,81248,93.42,2.11,2.7
2012-06-18,2186.29,2192.86,2178.83,2182.24,98893,90.5,2.14,2.36
2012-06-19,2178.8,2188.34,2166.1,2182.92,166676,98.47,2.15,2.55
2012-06-20,2205.07,2209.08,2184.78,2185.96,77140,91.09,2.09,2.83
2012-06-21,2183.49,2196.72,2183.47,2191.89,136605,91.26,2.04,3.0
2012-06-22,2185.93,2194.61,2181.47,2193.06,43295,98.76,2.17,2.61
2012-06-25,2191.4,2196.41,2185.44,2189.86,157441,95.09,2.07,2.77
2012-06-26,2196.29,2197.34,2174.41,2182.43,68862,91.19,2.39,3.15
2012-06-27,2170.72,2180.55,2170.2,2176.18,103996,94.03,2.22,2.83
2012-06-28,2181.23,2201.98,2180.91,2182.97,116138,93.73,2.16,2.89
2012-06-29,2198.58,2202.05,2189.12,2191.5,107373,90.06,2.2,2.63
2012-07-02,2185.53,2188.35,2183.0,2185.65,94588,92.41,2.49,2.98
2012-07-03,2182.41,2185.15,2159.82,2184.6,60077,94.25,2.09,2.64
2012-07-04,2180.72,2182.03,2166.79,2177.03,69160,97.52,1.89,2.61
2012-07-05,2185.51,2207.94,2175.16,2183.72,147056,93.84,1.97,2.96
2012-07-06,2193.7,2197.56,2176.59,2186.94,77734,94.02,2.15,2.64
2012-07-09,2204.63,2220.41,2191.8,2196.12,94720,92.21,2.33,2.74
2012-07-10,2190.71,2190.82,2183.0,2188.69,54348,97.03,2.43,2.98
2012-07-11,2186.63,2189.32,2170.18,2184.72,139166,96.57,2.62,2.6
2012-07-12,2186.36,2186.5,2165.79,2184.95,58232,96.28,2.39,2.7
2012-07-13,2191.25,2194.36,2182.06,2188.04,142398,94.57,1.99,2.65
2012-07-16,2182.71,2188.47,2172.12,2182.35,64531,90.33,2.15,2.69
2012-07-17,2175.0,2176.99,2171.78,2175.0,148123,97.08,1.66,2.74
2012-07-18,2187.51,2191.23,2165.77,2179.69,99119,94.48,2.13,2.94
2012-07-19,2193.21,2207.92,2170.08,2183.28,78944,93.55,2.05,2.98
2012-07-20,2165.79,2184.39,2156.16,2175.63,187242,95.48,1.62,2.76
2012-07-23,2180.81,2201.22,2176.11,2180.74,96034,94.89,2.73,2.62
2012-07-24,2182.91,2193.18,2179.27,2187.43,85414,91.62,2.11,2.83
2012-07-25,2184.95,2201.65,2183.01,2186.99,142009,93.5,1.67,2.73
2012-07-26,2188.81,2195.74,2181.89,2186.17,54601,89.54,2.13,2.74
2012-07-27,2193.02,2196.12,2176.19,2188.63,35923,94.51,2.61,2.58
2012-07-30,2177.77,2184.88,2164.58,2178.5,156873,97.67,2.67,2.49
2012-07-31,2164.85,2181.8,2161.26,2177.35,70648,89.86,2.21,2.73
2012-08-01,2155.03,2162.05,2140.29,2161.29,139504,94.75,2.22,2.57
2012-08-02,2171.73,2179.64,2147.22,2165.91,100555,96.08,2.5,2.65
2012-08-03,2136.23,2160.06,2134.18,2153.94,61969,96.51,2.16,2.95
2012-08-06,2167.7,2182.17,2154.34,2160.0,125858,92.57,2.31,2.72
2012-08-07,2159.78,2171.75,2155.87,2156.41,83778,91.7,2.4,2.89
2012-08-08,2162.13,2178.91,2153.02,2153.63,64155,93.0,1.92,2.77
2012-08-09,2146.76,2156.64,2139.85,2148.04,64827,97.48,2.57,2.81
2012-08-10,2131.49,2145.52,2125.9,2144.75,49358,90.24,1.97,2.64
2012-08-13,2152.99,2156.46,2135.78,2150.21,115984,91.45,2.03,2.9
2012-08-14,2140.25,2144.59,2113.19,2132.1,67903,93.44,2.21,2.77
2012-08-15,2145.29,2146.46,2138.69,2139.36,97354,92.11,2.42,2.68
2012-08-16,2136.04,2140.71,2127.75,2140.3,91794,94.44,2.36,2.77
2012-08-17,2131.4,2142.1,2118.14,2130.85,67736,98.13,2.17,2.61
2012-08-20,2116.17,2136.25,2106.61,2119.56,53682,91.64,2.25,2.68
2012-08-21,2124.22,2131.15,2120.99,2129.45,271980,94.23,2.45,2.71
2012-08-22,2127.88,2135.08,2118.36,2121.8,96817,94.62,2.18,2.64
2012-08-23,2105.19,2117.4,2092.9,2112.78,204710,93.85,1.98,2.95
2012-08-24,2113.36,2120.59,2113.29,2119.04,157310,90.71,2.03,2.66
2012-08-27,2110.22,2125.95,2095.37,2117.23,86814,93.07,2.41,3.03
2012-08-28,2100.23,2119.61,2098.23,2109.66,106126,93.12,1.98,2.73
2012-08-29,2110.71,2128.42,2098.09,2109.79,104900,96.29,1.79,2.68
2012-08-30,2108.99,2111.55,2091.52,2101.67,206422,95.8,2.1,2.64
2012-08-31,2106.49,2114.68,2101.59,2107.65,137576,90.84,2.16,2.78
2012-09-03,2101.11,2117.54,2099.48,2110.65,71474,93.73,2.39,2.85
2012-09-04,2118.19,2128.18,2107.9,2112.87,113623,93.44,1.81,2.33
2012-09-05,2124.65,2133.96,2110.94,2113.96,136179,99.57,2.26,2.71
2012-09-06,2120.27,2131.22,2113.57,2124.39,61689,95.36,2.46,2.41
2012-09-07,2120.02,2137.12,2116.51,2123.07,120289,91.94,1.97,2.86
2012-09-10,2114.38,2116.52,2101.68,2111.11,169091,92.75,2.19,2.86
2012-09-11,2123.06,2143.8,2109.87,2112.78,70053,93.74,1.63,2.72
2012-09-12,2122.07,2135.67,2120.32,2125.39,74033,95.53,2.39,2.74
2012-09-13,2108.82,2119.88,2107.03,2117.28,157029,95.88,2.37,2.49
2012-09-14,2117.56,2133.22,2113.4,2113.55,85674,95.18,2.16,2.63
2012-09-17,2117.32,2120.01,2098.78,2112.26,66649,94.17,1.83,2.61
2012-09-18,2110.62,2115.02,2108.51,2110.58,140492,94.36,2.33,2.64
2012-09-19,2099.23,2106.15,2099.22,2102.75,124335,94.42,2.1,2.84
2012-09-20,2115.17,2130.39,2106.87,2108.88,102514,90.25,1.47,2.9
2012-09-21,2126.39,2133.64,2115.86,2123.02,154791,94.48,2.36,2.8
2012-09-24,2115.36,2120.65,2109.37,2120.25,159253,93.2,2.45,2.65
2012-09-25,2113.22,2119.13,2110.59,2112.9,95498,90.56,2.5,2.59
2012-09-26,2092.79,2114.27,2083.11,2101.31,217451,100.79,1.84,2.72
2012-09-27,2106.03,2113.49,2094.12,2101.7,185972,95.53,1.68,2.75
2012-09-28,2106.05,2111.62,2104.5,2107.71,44635,94.75,2.06,2.67
2012-10-01,2104.06,2109.2,2092.7,2106.81,65378,93.79,2.29,2.6
2012-10-02,2105.27,2109.07,2103.17,2105.48,40049,96.55,1.92,2.79
2012-10-03,2100.52,2106.28,2095.27,2100.26,86691,91.85,1.76,2.81
2012-10-04,2097.36,2105.8,2077.01,2091.75,60810,94.02,2.34,2.5
2012-10-05,2099.66,2099.98,2083.26,2095.94,71272,92.4,2.07,2.64
2012-10-08,2096.96,2107.69,2092.19,2097.95,152699,96.57,2.31,2.81
2012-10-09,2091.23,2104.69,2079.81,2086.45,48926,92.76,2.16,2.84
2012-10-10,2098.14,2104.82,2087.56,2095.62,103973,97.53,2.11,2.71
2012-10-11,2095.42,2098.35,2094.04,2098.1,103722,94.52,2.14,2.75
2012-10-12,2105.27,2108.33,2104.56,2106.06,95515,96.66,2.06,2.73
2012-10-15,2092.21,2093.24,2079.76,2093.15,104017,95.79,2.03,2.84
2012-10-16,2086.02,2094.58,2081.36,2082.86,40420,97.5,1.87,2.53
2012-10-17,2078.29,2080.79,2073.41,2080.58,71408,92.52,2.27,2.73
2012-10-18,2080.14,2093.7,2072.9,2082.58,182992,97.11,2.46,2.56
2012-10-19,2105.45,2106.5,2087.71,2093.09,61160,90.14,2.02,2.85
2012-10-22,2099.62,2113.37,2092.65,2093.72,192267,94.9,2.61,2.53
2012-10-23,2086.05,2097.7,2085.76,2090.82,56233,93.44,2.24,2.75
2012-10-24,2086.34,2094.04,2076.29,2082.77,53593,91.34,2.21,2.56
2012-10-25,2090.29,2090.9,2083.06,2089.55,67459,92.58,2.31,2.8
2012-10-26,2084.35,2091.31,2072.18,2081.91,155070,93.25,2.39,2.75
2012-10-29,2089.46,2089.98,2083.99,2088.59,79344,94.33,2.03,2.72
2012-10-30,2092.87,2101.58,2080.45,2085.42,113341,93.52,2.28,2.98
2012-10-31,2096.76,2102.24,2090.85,2094.59,101666,94.99,2.4,2.58
2012-11-01,2097.37,2118.61,2092.5,2097.77,96588,92.69,2.04,2.82
2012-11-02,2102.1,2112.13,2089.01,2095.55,164332,93.59,2.14,2.86
2012-11-05,2089.57,2091.27,2083.31,2088.11,134404,94.1,1.94,2.82
2012-11-06,2085.32,2090.97,2084.39,2084.56,62494,95.29,2.01,2.58
2012-11-07,2088.04,2089.73,2074.57,2086.08,88412,96.95,2.05,2.65
2012-11-08,2084.7,2094.69,2074.52,2085.28,198268,96.97,1.91,2.59
2012-11-09,2080.14,2091.01,2077.58,2080.09,112176,95.46,2.12,2.64
2012-11-12,2071.35,2083.38,2068.9,2075.01,54006,95.97,2.21,2.55
2012-11-13,2069.55,2076.22,2068.53,2074.22,55558,95.67,2.24,2.62
2012-11-14,2052.91,2061.33,2045.78,2059.08,140935,94.19,1.93,2.9
2012-11-15,2052.16,2070.99,2051.86,2060.76,130741,97.22,1.98,2.63
2012-11-16,2047.71,2060.08,2043.14,2053.13,68285,92.72,2.34,2.69
2012-11-19,2040.69,2053.71,2030.77,2041.76,133126,89.95,1.98,2.57
2012-11-20,2030.29,2032.27,2028.19,2029.67,187167,92.54,2.33,2.67
2012-11-21,2015.33,2018.32,2010.68,2016.97,176865,98.72,1.94,2.8
2012-11-22,1992.94,2016.06,1989.12,2007.12,187533,94.53,2.22,2.75
2012-11-23,2010.85,2019.14,1993.62,2001.4,123277,95.98,2.31,2.89
2012-11-26,2016.43,2027.07,2001.78,2009.88,91944,94.56,1.46,2.49
2012-11-27,2007.98,2016.96,2003.69,2005.3,84036,96.68,2.34,2.56
2012-11-28,2016.65,2022.97,2003.19,2005.17,98031,95.45,2.45,2.61
2012-11-29,2000.57,2015.39,1996.95,2006.45,69535,95.1,2.04,2.9
2012-11-30,2017.39,2022.16,2000.96,2006.03,85500,96.81,2.21,2.72
2012-12-03,1995.89,2013.87,1991.49,2001.68,164398,94.13,1.91,2.46
2012-12-04,1994.35,1998.59,1981.02,1992.92,51863,96.28,2.21,2.83
2012-12-05,1993.15,2005.18,1984.93,2000.8,53302,94.86,2.73,2.68
2012-12-06,2011.05,2025.45,2001.96,2010.97,137614,94.97,1.57,2.8
2012-12-07,2001.4,2003.77,1996.92,1999.09,85813,93.26,1.99,2.9
2012-12-10,1987.9,1990.09,1986.85,1988.82,45694,94.83,2.31,2.52
2012-12-11,1990.08,1993.02,1984.54,1985.83,96323,94.03,2.43,2.9
2012-12-12,1979.16,1991.75,1965.5,1978.57,90976,98.25,1.77,2.65
2012-12-13,1977.38,1983.33,1953.35,1980.49,83080,91.21,1.95,2.6
2012-12-14,1971.36,1977.94,1958.48,1974.72,129869,97.67,1.97,2.69
2012-12-17,1989.24,1995.56,1976.6,1984.41,57914,91.03,1.95,2.48
2012-12-18,1986.72,1991.21,1985.48,1990.62,99229,96.7,2.08,2.66
2012-12-19,1996.18,2003.99,1982.37,1990.71,90727,93.26,1.75,2.62
2012-12-20,2003.24,2011.48,1988.28,1995.92,100220,96.74,2.05,2.52
2012-12-21,1991.61,2016.11,1980.38,2001.63,49371,94.99,1.87,2.56
2012-12-24,2001.02,2002.14,1991.97,1994.24,80092,91.76,2.09,2.83
2012-12-25,2000.17,2005.05,1980.81,1987.88,99499,98.77,1.93,2.63
2012-12-26,1988.63,1991.35,1979.76,1987.13,122573,97.32,2.06,2.51
2012-12-27,1994.87,2000.59,1990.35,1991.29,206603,96.61,1.85,2.72
2012-12-28,1997.11,2002.39,1989.05,1990.92,136268,93.76,2.34,2.77
2012-12-31,1975.61,1984.25,1971.85,1977.24,118712,97.46,2.02,2.65
2013-01-01,1973.38,1973.56,1964.36,1972.3,164158,92.25,2.11,2.47
2013-01-02,1962.84,1975.75,1950.25,1970.61,87419,89.9,2.06,2.27
2013-01-03,1969.73,1973.38,1959.5,1968.91,183794,91.58,2.1,2.52
2013-01-04,1982.91,1988.26,1975.02,1979.95,154462,93.11,2.1,2.81
2013-01-07,1970.58,1980.02,1964.6,1967.54,82590,93.6,2.3,2.8
2013-01-08,1975.74,1976.42,1957.88,1969.44,213113,94.39,2.03,2.53
2013-01-09,1972.87,1983.34,1971.71,1977.47,118039,94.46,1.92,2.62
2013-01-10,1987.24,2002.6,1980.62,1990.43,237325,93.73,2.11,2.75
2013-01-11,1997.95,2006.88,1974.11,1986.65,111443,90.09,1.94,2.63
2013-01-14,1985.01,1994.8,1978.8,1985.91,78844,95.86,2.08,2.79
2013-01-15,1989.42,1990.96,1980.06,1988.23,72619,94.71,1.83,2.63
2013-01-16,1987.82,1994.53,1982.67,1988.22,85622,93.63,2.36,2.72
2013-01-17,1981.46,1988.05,1970.95,1986.36,78549,98.88,1.9,2.6
2013-01-18,1997.53,2007.19,1984.7,1987.85,164153,94.77,2.39,2.53
2013-01-21,1965.15,1970.65,1959.54,1968.26,97578,95.63,2.07,2.82
2013-01-22,1964.6,1973.29,1961.65,1971.27,51760,97.46,2.3,2.42
2013-01-23,1968.15,1975.42,1963.48,1970.82,107495,91.75,1.9,2.55
2013-01-24,1956.39,1969.22,1954.35,1968.21,103798,95.43,1.6,2.63
2013-01-25,1975.84,1985.73,1973.98,1979.71,81842,97.4,1.68,2.77
2013-01-28,1965.98,1976.88,1963.91,1971.7,109868,95.24,2.71,2.51
2013-01-29,1971.62,1981.98,1961.38,1967.97,96989,92.23,1.94,2.66
2013-01-30,1975.12,1990.67,1968.7,1979.12,127198,94.22,2.36,2.43
2013-01-31,1977.97,1979.8,1967.16,1972.71,124242,95.93,1.76,2.71
2013-02-01,1976.32,1978.27,1954.21,1968.07,114229,90.22,2.13,2.91
2013-02-04,1967.98,1972.37,1962.74,1963.38,58715,92.13,2.17,2.34
2013-02-05,1966.08,1972.0,1963.54,1967.35,230407,100.42,2.79,2.53
2013-02-06,1968.25,1979.34,1962.7,1967.41,52976,96.7,2.0,2.76
2013-02-07,1949.24,1964.65,1938.13,1958.2,93762,99.25,1.9,3.08
2013-02-08,1952.91,1956.07,1952.82,1953.7,63718,97.73,2.17,2.72
2013-02-11,1941.19,1951.16,1938.53,1946.22,115674,96.6,1.85,2.52
2013-02-12,1948.58,1954.42,1929.71,1944.53,104335,94.85,2.18,2.61
2013-02-13,1960.94,1963.56,1937.56,1945.93,92271,96.57,2.06,2.45
2013-02-14,1950.19,1960.33,1946.56,1947.27,181155,99.23,1.89,2.75
2013-02-15,1923.64,1948.54,1919.69,1935.2,153798,97.74,2.2,2.79
2013-02-18,1935.87,1949.49,1934.46,1937.97,86608,96.08,2.1,2.84
2013-02-19,1939.01,1942.52,1933.96,1938.3,136169,95.23,2.26,2.58
2013-02-20,1946.07,1947.81,1937.16,1945.56,184586,96.86,2.48,2.51
2013-02-21,1942.8,1948.6,1930.45,1947.07,153359,94.28,1.95,2.85
2013-02-22,1954.05,1959.98,1951.96,1952.62,93480,96.82,1.97,2.83
2013-02-25,1944.45,1965.45,1934.89,1951.73,52254,93.84,1.73,2.48
2013-02-26,1953.25,1963.27,1946.49,1958.8,112404,94.65,2.2,2.57
2013-02-27,1964.6,1973.38,1953.49,1960.8,128984,92.96,1.91,2.74
2013-02-28,1953.01,1971.1,1951.53,1958.97,72558,94.44,2.15,2.59
2013-03-01,1975.0,1989.12,1967.34,1971.82,99610,93.76,2.36,2.63
2013-03-04,1965.44,1981.51,1959.95,1973.55,95496,99.68,1.89,2.4
2013-03-05,1986.34,1988.31,1970.98,1975.88,171971,93.21,1.94,2.45
2013-03-06,1962.16,1979.0,1960.5,1966.73,207217,96.46,2.32,2.61
2013-03-07,1956.23,1966.25,1946.72,1957.54,157958,93.18,2.24,2.52
2013-03-08,1960.07,1966.78,1942.87,1958.12,95394,95.66,2.21,2.45
2013-03-11,1951.94,1959.75,1937.25,1955.26,156230,96.28,1.96,2.57
2013-03-12,1951.1,1961.09,1940.72,1950.26,127965,90.96,1.7,2.49
2013-03-13,1953.28,1964.6,1945.79,1949.91,95802,92.1,1.88,2.62
2013-03-14,1964.11,1965.0,1946.64,1958.47,227966,93.15,1.81,2.77
2013-03-15,1966.2,1969.74,1960.38,1961.54,73481,92.27,2.2,2.57
2013-03-18,1949.74,1968.38,1945.06,1950.75,125688,95.8,2.13,2.55
2013-03-19,1947.99,1954.47,1936.88,1948.84,138112,96.2,1.91,2.78
2013-03-20,1956.39,1958.39,1931.51,1942.7,87991,92.97,1.95,2.72
2013-03-21,1944.64,1955.25,1936.19,1939.12,123457,95.96,2.17,2.73
2013-03-22,1930.03,1937.72,1918.83,1935.38,144090,94.61,1.97,2.23
2013-03-25,1929.34,1933.24,1925.71,1928.76,108863,95.46,1.91,2.54
2013-03-26,1918.02,1920.57,1913.76,1919.95,119252,94.19,2.55,2.52
2013-03-27,1917.2,1925.95,1911.85,1917.98,102967,97.0,1.91,2.49
2013-03-28,1906.35,1928.65,1901.11,1913.4,135809,99.89,2.22,2.77
2013-03-29,1892.3,1896.83,1890.23,1894.64,90075,97.85,2.15,2.53
2013-04-01,1913.62,1924.2,1902.95,1903.27,87140,99.35,1.67,2.4
2013-04-02,1911.94,1915.85,1905.49,1908.62,99530,92.32,1.88,2.64
2013-04-03,1890.93,1916.95,1890.81,1905.17,158493,94.16,2.25,2.61
2013-04-04,1911.04,1921.86,1890.67,1904.09,49072,97.27,2.01,2.47
2013-04-05,1902.09,1902.59,1891.31,1895.9,68614,99.68,1.68,2.76
2013-04-08,1900.34,1906.71,1892.03,1902.39,245317,97.49,2.14,2.68
2013-04-09,1916.71,1918.92,1905.57,1912.6,110202,93.24,1.9,2.68
2013-04-10,1907.42,1932.73,1899.06,1912.35,83883,94.72,2.15,2.67
2013-04-11,1914.62,1931.7,1909.73,1917.33,135664,96.61,2.71,2.77
2013-04-12,1925.81,1926.77,1905.69,1917.19,72112,95.37,2.14,2.58
2013-04-15,1903.91,1910.1,1899.8,1905.46,42569,93.85,2.19,2.41
2013-04-16,1891.14,1902.7,1887.26,1901.81,113768,95.15,1.97,2.57
2013-04-17,1901.05,1903.26,1889.29,1901.41,73694,95.84,1.76,2.35
2013-04-18,1897.06,1906.94,1896.07,1897.51,102801,93.18,2.29,2.44
2013-04-19,1901.83,1902.44,1890.93,1895.02,112618,98.37,1.88,2.84
2013-04-22,1892.93,1902.94,1891.7,1892.85,104489,94.83,1.98,2.43
2013-04-23,1889.6,1905.61,1888.77,1891.99,49831,95.75,2.48,2.42
2013-04-24,1897.86,1904.13,1889.42,1891.93,99758,98.52,1.95,2.7
2013-04-25,1885.93,1896.3,1866.64,1885.24,117929,95.66,2.34,2.72
2013-04-26,1876.39,1884.83,1867.51,1880.62,56386,98.45,2.13,2.34
2013-04-29,1878.3,1891.03,1865.28,1871.81,53762,93.48,1.89,2.63
2013-04-30,1878.31,1883.5,1877.1,1877.22,64369,97.1,2.11,2.51
2013-05-01,1864.46,1867.74,1858.07,1864.44,133080,98.19,1.85,2.64
2013-05-02,1871.85,1874.15,1870.49,1870.86,44385,93.98,2.25,2.54
2013-05-03,1872.64,1880.98,1862.2,1878.67,137572,95.56,2.34,2.38
2013-05-06,1872.71,1880.31,1868.24,1875.67,115476,95.63,2.04,2.52
2013-05-07,1860.01,1865.21,1859.64,1859.99,89054,96.65,2.36,2.68
2013-05-08,1856.42,1863.81,1844.9,1857.51,54597,97.32,2.06,2.88
2013-05-09,1863.85,1864.33,1853.0,1856.76,71783,93.86,2.25,2.64
2013-05-10,1851.7,1861.78,1843.36,1850.5,134963,96.03,2.76,2.53
2013-05-13,1851.04,1854.02,1835.58,1846.3,163193,100.18,2.64,2.41
2013-05-14,1854.91,1858.04,1846.84,1854.86,65346,98.79,1.98,2.56
2013-05-15,1864.27,1865.88,1842.2,1858.38,155864,98.12,2.09,2.53
2013-05-16,1854.82,1868.67,1837.95,1852.61,129877,95.68,1.76,2.63
2013-05-17,1843.02,1854.55,1839.73,1842.94,98446,101.55,2.22,2.57
2013-05-20,1839.78,1856.18,1834.25,1839.86,73486,98.82,2.11,2.65
2013-05-21,1832.99,1843.63,1830.43,1838.26,78232,96.35,1.82,2.53
2013-05-22,1843.57,1848.81,1836.32,1840.77,204673,96.79,2.31,2.84
2013-05-23,1837.08,1845.06,1833.01,1837.3,106019,95.11,1.95,2.67
2013-05-24,1837.13,1847.12,1832.13,1839.9,168038,97.23,1.88,2.47
2013-05-27,1856.1,1863.16,1839.91,1849.96,108730,97.67,2.11,2.73
2013-05-28,1847.39,1857.78,1842.8,1854.35,82365,97.91,1.9,2.4
2013-05-29,1851.35,1856.5,1847.26,1853.7,124696,95.71,2.0,2.45
2013-05-30,1857.98,1863.78,1850.16,1852.27,234013,92.48,2.45,2.45
2013-05-31,1851.57,1854.72,1846.55,1849.82,76294,96.79,1.86,2.77
2013-06-03,1855.25,1858.33,1851.94,1855.52,142279,97.92,2.18,2.55
2013-06-04,1852.88,1858.88,1845.36,1851.49,106532,93.73,1.86,2.48
2013-06-05,1852.38,1862.34,1851.35,1851.38,55281,95.95,1.76,2.6
2013-06-06,1842.89,1867.18,1839.07,1851.32,54789,99.53,1.99,2.65
2013-06-07,1846.09,1851.23,1843.81,1848.03,82388,93.19,2.68,2.81
2013-06-10,1847.78,1854.67,1835.12,1838.87,113436,95.54,2.2,2.34
2013-06-11,1836.73,1842.26,1831.15,1840.37,140273,99.96,2.12,2.76
2013-06-12,1837.9,1845.97,1826.27,1839.66,52661,96.64,1.87,2.26
2013-06-13,1839.2,1857.05,1836.68,1842.19,128165,94.91,1.91,2.7
2013-06-14,1838.26,1841.06,1837.38,1838.74,94150,96.23,1.63,2.74
2013-06-17,1841.4,1849.45,1831.69,1844.63,98846,98.28,2.45,2.75
2013-06-18,1841.86,1851.82,1837.75,1839.18,124921,95.74,2.07,2.65
2013-06-19,1849.85,1856.23,1844.82,1848.76,198479,97.68,2.04,2.4
2013-06-20,1842.51,1843.33,1832.64,1838.25,111463,96.84,2.05,2.67
2013-06-21,1834.6,1863.01,1823.14,1840.4,57371,97.03,2.52,2.4
2013-06-24,1840.09,1858.01,1836.26,1841.97,91597,97.88,2.07,2.42
2013-06-25,1835.75,1847.06,1833.72,1837.0,138808,95.52,1.95,2.49
2013-06-26,1841.6,1844.51,1835.81,1839.09,140648,93.89,2.44,2.5
2013-06-27,1841.76,1858.09,1836.88,1846.15,128840,97.39,1.96,2.59
2013-06-28,1837.98,1841.85,1825.83,1832.94,80497,95.96,1.57,2.45
2013-07-01,1841.19,1843.24,1827.68,1834.66,57117,95.16,1.61,2.61
2013-07-02,1814.55,1827.5,1806.73,1819.95,124966,97.68,1.94,2.35
2013-07-03,1811.39,1826.56,1806.15,1814.06,60736,99.6,2.06,2.56
2013-07-04,1820.13,1833.41,1815.39,1823.04,130249,95.96,2.2,2.51
2013-07-05,1833.71,1840.79,1811.23,1819.34,130263,96.39,1.76,2.71
2013-07-08,1809.12,1819.64,1805.21,1811.45,81872,93.46,1.93,2.72
2013-07-09,1819.08,1821.92,1802.37,1809.97,94373,95.87,1.78,2.53
2013-07-10,1814.51,1826.2,1796.88,1821.44,106880,96.91,2.27,2.26
2013-07-11,1805.22,1812.13,1804.07,1810.6,77193,96.37,2.31,2.33
2013-07-12,1800.54,1809.38,1798.68,1804.26,56802,95.56,2.48,2.72
2013-07-15,1807.02,1811.89,1806.19,1811.62,97179,98.23,2.07,2.53
2013-07-16,1820.42,1827.21,1799.55,1821.89,101317,96.5,2.45,2.81
2013-07-17,1817.06,1828.42,1814.31,1820.93,170147,102.83,1.81,2.68
2013-07-18,1809.02,1816.96,1807.96,1813.48,72200,96.93,2.04,2.58
2013-07-19,1831.48,1836.08,1822.0,1825.13,151357,89.47,1.72,2.57
2013-07-22,1839.87,1841.25,1829.9,1833.14,62390,93.51,2.12,2.37
2013-07-23,1841.93,1852.01,1829.87,1836.7,57650,97.59,2.05,2.45
2013-07-24,1834.52,1836.43,1829.0,1831.64,87522,94.69,1.36,2.61
2013-07-25,1831.51,1833.73,1828.69,1831.0,67753,94.85,2.26,2.49
2013-07-26,1826.98,1834.55,1822.42,1829.71,57328,93.21,2.19,2.61
2013-07-29,1825.21,1831.41,1813.78,1830.44,214857,95.11,1.84,2.69
2013-07-30,1840.46,1841.09,1834.77,1838.46,82400,96.74,2.05,2.51
2013-07-31,1836.71,1861.78,1834.63,1843.2,248829,97.19,1.6,2.47
2013-08-01,1831.11,1836.71,1827.85,1836.59,66310,93.71,1.78,2.4
2013-08-02,1850.58,1864.11,1842.05,1844.2,49840,98.23,2.39,2.66
2013-08-05,1855.35,1864.41,1843.12,1844.83,165465,93.24,1.68,2.65
2013-08-06,1850.65,1860.53,1845.28,1848.46,73816,97.29,1.97,2.86
2013-08-07,1862.82,1870.59,1849.4,1856.66,104354,96.98,1.62,2.56
2013-08-08,1848.44,1853.86,1847.01,1849.8,57396,93.85,2.05,2.52
2013-08-09,1841.8,1852.82,1837.08,1849.23,97222,93.55,2.11,2.6
2013-08-12,1848.33,1853.24,1833.59,1844.94,57030,97.17,2.15,2.49
2013-08-13,1838.62,1840.26,1834.28,1835.49,95840,94.87,2.08,2.4
2013-08-14,1837.53,1851.5,1825.84,1837.13,81668,95.78,2.32,2.54
2013-08-15,1850.01,1851.97,1839.22,1851.36,108240,97.89,1.83,2.6
2013-08-16,1845.61,1847.95,1839.41,1840.29,126788,97.44,1.7,2.61
2013-08-19,1833.48,1841.34,1827.63,1838.92,108709,93.96,1.82,2.59
2013-08-20,1837.99,1842.72,1821.08,1842.27,118233,96.1,1.63,2.69
2013-08-21,1837.05,1844.02,1833.42,1842.62,94503,93.89,1.98,2.6
2013-08-22,1842.07,1847.7,1836.94,1841.6,82939,98.41,1.93,2.57
2013-08-23,1827.73,1845.26,1819.2,1833.71,119139,100.12,2.08,2.34
2013-08-26,1830.11,1835.67,1821.76,1833.87,94411,94.17,1.55,2.56
2013-08-27,1825.27,1840.18,1818.94,1829.15,95863,96.23,1.95,2.5
2013-08-28,1814.79,1826.5,1812.1,1816.21,115739,98.68,2.26,2.35
2013-08-29,1814.57,1828.9,1801.15,1822.7,65297,96.41,2.1,2.6
2013-08-30,1828.33,1832.25,1821.39,1827.85,174878,97.72,1.48,2.6
2013-09-02,1833.8,1845.94,1818.5,1826.97,89344,96.45,1.95,2.58
2013-09-03,1828.67,1842.7,1821.74,1827.92,103743,93.68,1.77,2.6
2013-09-04,1842.24,1843.19,1821.98,1833.76,96973,96.58,1.96,2.54
2013-09-05,1842.03,1849.18,1830.24,1834.69,128168,99.09,1.86,2.48
2013-09-06,1843.85,1845.84,1827.25,1839.56,113059,97.03,2.39,2.78
2013-09-09,1837.06,1859.82,1836.22,1836.65,96764,100.32,1.97,2.54
2013-09-10,1844.02,1855.59,1842.38,1843.89,176222,91.79,2.03,2.13
2013-09-11,1849.62,1853.1,1843.1,1845.39,27409,97.16,1.94,2.15
2013-09-12,1843.98,1856.59,1840.04,1846.15,162278,94.59,2.07,2.69
2013-09-13,1828.04,1839.34,1827.98,1838.42,142640,94.06,1.89,2.24
2013-09-16,1841.61,1850.47,1824.46,1838.89,47366,99.59,2.14,2.43
2013-09-17,1827.5,1834.52,1823.59,1833.72,143159,95.64,1.85,2.33
2013-09-18,1824.39,1843.95,1823.68,1829.67,150751,95.43,2.29,2.46
2013-09-19,1824.62,1829.13,1818.03,1824.62,123587,97.2,2.07,2.57
2013-09-20,1817.62,1827.03,1806.21,1818.14,52910,91.0,1.91,2.41
2013-09-23,1821.42,1831.98,1810.2,1829.17,129710,99.7,2.15,2.38
2013-09-24,1837.41,1838.4,1827.45,1836.49,147691,101.03,2.06,2.62
2013-09-25,1852.63,1853.84,1842.06,1847.27,78520,98.49,2.15,2.9
2013-09-26,1833.58,1841.14,1828.62,1839.81,117765,97.27,1.96,2.59
2013-09-27,1846.88,1847.16,1821.33,1839.85,85709,95.7,1.88,2.37
2013-09-30,1822.62,1836.82,1817.05,1831.19,140667,93.61,1.97,2.63
2013-10-01,1838.43,1847.49,1824.14,1826.82,87081,99.31,1.81,2.76
2013-10-02,1818.94,1827.12,1816.21,1821.19,78272,98.65,2.18,2.66
2013-10-03,1828.75,1831.01,1819.72,1827.95,97176,97.44,2.3,2.27
2013-10-04,1814.95,1831.89,1808.79,1825.31,57718,97.17,2.08,2.58
2013-10-07,1829.94,1840.69,1828.65,1830.28,93392,97.05,2.29,2.43
2013-10-08,1834.66,1849.12,1833.15,1833.4,114100,94.97,2.21,2.51
2013-10-09,1845.91,1848.06,1845.54,1846.39,139802,102.46,1.87,2.44
2013-10-10,1834.34,1841.09,1829.35,1837.44,109052,95.54,2.14,2.61
2013-10-11,1839.14,1849.71,1832.83,1844.38,55656,95.15,1.61,2.44
2013-10-14,1856.13,1860.43,1846.71,1849.86,169550,98.98,1.98,2.71
2013-10-15,1844.0,1849.61,1837.04,1843.83,175336,96.15,1.63,2.49
2013-10-16,1857.87,1864.31,1839.44,1849.32,103262,96.14,1.9,2.46
2013-10-17,1847.99,1856.05,1844.06,1850.92,73073,99.71,1.57,2.58
2013-10-18,1846.81,1857.96,1841.73,1849.22,79805,97.88,2.2,2.55
2013-10-21,1847.75,1849.71,1842.65,1843.24,90997,98.05,1.83,2.58
2013-10-22,1829.76,1845.37,1823.51,1838.71,110356,92.71,2.15,2.47
2013-10-23,1843.52,1861.02,1832.43,1850.25,87396,97.18,1.91,2.69
2013-10-24,1855.98,1862.44,1837.88,1849.89,70027,93.67,1.46,2.64
2013-10-25,1847.57,1857.94,1842.42,1854.09,148628,95.02,1.8,2.49
2013-10-28,1838.19,1849.67,1826.75,1848.28,109416,96.63,1.79,2.61
2013-10-29,1853.71,1864.9,1842.26,1843.38,64799,96.13,1.92,2.45
2013-10-30,1841.58,1854.8,1835.95,1849.31,110915,97.82,2.3,2.57
2013-10-31,1842.12,1847.69,1832.08,1841.1,105318,98.16,2.34,2.61
2013-11-01,1838.71,1857.74,1838.29,1838.33,74070,98.37,1.86,2.52
2013-11-04,1821.85,1851.86,1821.33,1837.34,159216,92.9,1.6,2.36
2013-11-05,1836.15,1839.1,1829.29,1837.62,104188,102.16,1.73,2.3
2013-11-06,1838.69,1841.72,1831.47,1836.22,90522,96.2,2.04,2.52
2013-11-07,1840.1,1844.64,1832.59,1838.15,95473,99.29,1.89,2.37
2013-11-08,1846.79,1853.07,1825.69,1841.8,117897,89.95,1.52,2.64
2013-11-11,1842.73,1851.27,1841.44,1844.88,95906,95.55,1.79,2.25
2013-11-12,1842.72,1843.86,1823.37,1838.79,95586,92.6,2.24,2.67
2013-11-13,1832.99,1840.62,1825.72,1836.78,151204,94.11,1.99,2.48
2013-11-14,1835.55,1852.34,1829.13,1843.35,55973,96.35,1.92,2.35
2013-11-15,1840.99,1853.18,1836.8,1848.18,59836,95.36,1.81,2.41
2013-11-18,1830.95,1841.61,1824.94,1839.02,134697,99.53,1.79,2.44
2013-11-19,1846.27,1853.25,1833.05,1840.69,259455,100.66,2.04,2.54
2013-11-20,1820.59,1836.42,1816.88,1828.9,140168,93.89,1.94,2.29
2013-11-21,1830.31,1830.81,1824.18,1828.8,208081,95.09,2.1,2.33
2013-11-22,1837.94,1852.82,1833.12,1839.41,82971,93.67,2.04,2.42
2013-11-25,1832.17,1840.71,1813.88,1832.74,76509,99.18,1.91,2.46
2013-11-26,1835.04,1837.85,1827.49,1827.57,118493,96.72,2.0,2.58
2013-11-27,1829.2,1838.87,1816.06,1831.61,144561,96.38,1.76,2.51
2013-11-28,1825.71,1829.69,1818.66,1822.37,58418,97.13,1.89,2.41
2013-11-29,1818.58,1822.17,1803.16,1818.38,90645,95.6,2.24,2.5
2013-12-02,1819.79,1824.84,1818.48,1820.62,97654,94.22,1.9,2.49
2013-12-03,1829.17,1835.19,1812.65,1816.63,75241,96.51,1.85,2.43
2013-12-04,1807.07,1816.49,1798.99,1814.92,78834,95.73,1.95,2.48
2013-12-05,1825.86,1829.04,1811.82,1818.82,138306,97.24,1.61,2.14
2013-12-06,1824.46,1833.52,1817.19,1820.88,119118,92.28,1.95,2.6
2013-12-09,1818.61,1823.56,1815.84,1821.23,135860,96.82,2.32,2.54
2013-12-10,1827.82,1839.07,1813.85,1818.93,112955,94.65,1.69,2.68
2013-12-11,1810.6,1827.33,1807.99,1820.69,69612,96.74,1.96,2.34
2013-12-12,1816.77,1823.43,1815.67,1819.62,116919,98.63,1.89,2.54
2013-12-13,1815.28,1831.31,1815.21,1821.89,67451,94.96,1.88,2.17
2013-12-16,1820.11,1822.03,1817.77,1817.86,87142,99.37,1.88,2.19
2013-12-17,1810.39,1819.33,1805.53,1816.46,65218,92.04,2.07,2.42
2013-12-18,1812.8,1814.82,1801.45,1810.45,77315,100.28,1.62,2.37
2013-12-19,1808.88,1817.94,1806.44,1809.89,102353,99.53,2.06,2.61
2013-12-20,1802.32,1808.2,1799.49,1804.91,82207,94.24,1.91,2.63
2013-12-23,1799.53,1812.64,1792.13,1797.43,69337,94.31,1.45,2.64
2013-12-24,1797.09,1806.36,1790.97,1798.54,155611,92.76,1.98,2.54
2013-12-25,1793.51,1803.15,1785.1,1799.39,94104,98.8,1.92,2.55
2013-12-26,1818.63,1826.1,1802.24,1803.47,79923,95.64,1.67,2.26
2013-12-27,1798.04,1801.97,1789.65,1800.67,64025,95.48,1.93,2.66
2013-12-30,1789.84,1802.34,1783.33,1801.82,46686,93.67,1.56,2.63
2013-12-31,1800.04,1809.62,1791.28,1804.6,90326,100.99,1.71,2.24
2014-01-01,1799.9,1811.37,1795.65,1806.77,56880,94.02,1.89,2.52
2014-01-02,1806.18,1807.41,1796.07,1801.72,131244,96.54,1.46,2.36
2014-01-03,1803.95,1804.82,1794.55,1802.21,99887,97.02,1.59,2.72
2014-01-06,1805.27,1810.47,1801.13,1803.12,184120,95.47,1.63,2.3
2014-01-07,1800.8,1808.99,1799.49,1802.8,107929,94.97,1.9,2.46
2014-01-08,1789.13,1802.78,1785.01,1790.64,73816,95.63,1.99,2.47
2014-01-09,1789.19,1805.85,1786.6,1791.19,46536,97.96,1.66,2.43
2014-01-10,1802.92,1813.86,1799.36,1803.36,136300,95.6,1.64,2.76
2014-01-13,1804.66,1804.99,1793.08,1800.15,58713,100.55,1.91,2.69
2014-01-14,1797.48,1804.69,1789.52,1795.67,83846,94.57,1.9,2.19
2014-01-15,1800.13,1802.75,1796.12,1797.43,192843,98.39,1.7,2.51
2014-01-16,1801.54,1804.03,1797.39,1798.84,126044,92.11,2.33,2.43
2014-01-17,1810.05,1814.06,1804.07,1805.26,115375,94.52,1.92,2.56
2014-01-20,1798.51,1804.33,1796.56,1796.96,144023,94.47,1.83,2.47
2014-01-21,1802.68,1805.06,1800.08,1800.75,141891,93.73,1.78,2.31
2014-01-22,1810.17,1817.67,1801.54,1803.74,185791,97.18,2.12,2.28
2014-01-23,1798.98,1810.4,1788.77,1802.58,77584,96.2,2.01,2.37
2014-01-24,1799.51,1804.18,1794.04,1804.14,84908,90.77,1.44,2.41
2014-01-27,1802.4,1814.89,1802.27,1808.84,68257,101.42,1.69,2.46
2014-01-28,1814.45,1821.67,1810.21,1813.46,97433,96.85,1.76,2.34
2014-01-29,1796.53,1809.91,1795.68,1806.58,93630,96.45,1.86,2.68
2014-01-30,1813.41,1816.26,1807.87,1810.9,48923,99.7,2.02,2.51
2014-01-31,1809.58,1816.66,1798.72,1810.17,75996,98.9,1.6,2.56
2014-02-03,1815.58,1820.44,1799.48,1809.42,175544,95.69,1.84,2.4
2014-02-04,1805.83,1822.15,1801.06,1809.48,108845,91.55,2.29,2.27
2014-02-05,1807.16,1808.87,1799.01,1808.26,131420,97.85,1.87,2.56
2014-02-06,1820.81,1832.03,1803.91,1814.7,94068,93.99,1.69,2.27
2014-02-07,1821.39,1830.1,1812.55,1813.87,46405,99.5,1.53,2.12
2014-02-10,1802.63,1806.63,1794.95,1806.31,93764,94.51,1.74,2.5
2014-02-11,1804.7,1805.71,1800.61,1803.72,149743,95.34,1.59,2.31
2014-02-12,1805.97,1820.2,1801.79,1804.38,61434,93.11,1.76,2.37
2014-02-13,1813.05,1820.58,1810.08,1811.02,133094,93.27,1.99,2.52
2014-02-14,1812.68,1814.39,1809.7,1814.1,49974,96.13,1.87,2.28
2014-02-17,1815.03,1822.73,1802.88,1808.08,99516,95.93,1.74,2.18
2014-02-18,1811.6,1825.52,1809.95,1821.93,122738,95.16,1.41,2.6
2014-02-19,1820.79,1835.37,1819.11,1823.09,87129,101.48,2.06,2.41
2014-02-20,1832.53,1840.86,1828.89,1830.07,265398,97.81,1.77,2.6
2014-02-21,1831.34,1835.64,1824.65,1828.83,81042,96.34,1.88,2.51
2014-02-24,1838.16,1841.05,1828.81,1830.73,78325,89.41,1.62,2.51
2014-02-25,1841.81,1841.99,1822.73,1835.21,107129,98.34,1.75,2.43
2014-02-26,1840.33,1845.73,1831.24,1841.9,72985,103.72,1.71,2.43
2014-02-27,1854.89,1863.49,1834.93,1847.68,55462,95.73,1.52,2.58
2014-02-28,1848.43,1864.67,1835.06,1852.4,63635,94.14,1.62,2.53
2014-03-03,1854.53,1868.81,1833.98,1849.37,133678,96.59,1.85,2.32
2014-03-04,1855.7,1856.05,1840.71,1845.68,87380,92.63,1.92,2.48
2014-03-05,1853.98,1871.95,1843.17,1847.24,195010,97.35,1.68,2.31
2014-03-06,1852.9,1855.86,1843.37,1852.32,82743,99.92,1.55,2.36
2014-03-07,1848.81,1853.61,1840.99,1850.65,131164,94.5,1.76,2.49
2014-03-10,1847.16,1866.3,1841.66,1855.67,121095,94.55,2.04,2.31
2014-03-11,1865.55,1868.98,1863.39,1863.81,82251,95.9,1.61,2.42
2014-03-12,1851.86,1868.34,1850.62,1858.07,69457,94.88,1.85,2.46
2014-03-13,1848.41,1864.76,1843.78,1852.82,49378,92.38,1.68,2.35
2014-03-14,1845.02,1866.89,1839.43,1851.63,123161,95.21,2.12,2.51
2014-03-17,1849.67,1856.15,1830.53,1852.23,159421,94.7,1.71,2.33
2014-03-18,1848.65,1850.18,1838.8,1848.81,52262,99.61,2.01,2.54
2014-03-19,1857.85,1866.12,1852.38,1856.33,85120,99.03,2.09,2.42
2014-03-20,1855.1,1865.49,1847.0,1858.44,75601,99.62,2.22,2.42
2014-03-21,1864.27,1870.1,1857.65,1858.31,123074,98.14,1.5,2.26
2014-03-24,1847.57,1852.36,1846.23,1848.73,86555,96.7,1.49,2.36
2014-03-25,1836.37,1842.92,1828.54,1840.72,167575,94.05,2.13,2.42
2014-03-26,1843.23,1851.08,1833.37,1841.98,84646,99.55,2.09,2.55
2014-03-27,1840.06,1841.38,1827.2,1829.29,60201,97.18,1.68,2.34
2014-03-28,1836.61,1846.92,1823.55,1834.77,81836,93.16,1.03,2.54
2014-03-31,1830.68,1835.81,1827.48,1832.67,85524,94.0,1.85,2.27
2014-04-01,1842.64,1852.09,1841.85,1851.13,121837,93.02,1.45,2.44
2014-04-02,1863.04,1865.87,1848.6,1864.26,85015,90.97,1.62,2.31
2014-04-03,1864.14,1867.04,1851.31,1862.83,117716,97.08,1.88,2.62
2014-04-04,1859.67,1876.7,1849.48,1861.84,71955,93.02,1.91,2.59
2014-04-07,1857.15,1872.54,1844.5,1866.48,87739,94.19,2.22,2.43
2014-04-08,1871.36,1877.73,1861.43,1876.15,72112,96.12,1.74,2.3
2014-04-09,1874.27,1875.13,1853.61,1866.12,70357,95.61,1.58,2.15
2014-04-10,1863.27,1870.79,1853.43,1855.29,164379,94.37,2.06,2.44
2014-04-11,1846.36,1859.46,1837.7,1851.29,74157,99.97,1.92,2.41
2014-04-14,1857.23,1857.47,1843.5,1853.49,85901,92.34,1.73,2.51
2014-04-15,1849.47,1858.19,1847.97,1856.03,149917,92.44,1.83,2.16
2014-04-16,1869.77,1872.23,1858.56,1861.93,133252,97.25,1.73,2.4
2014-04-17,1855.9,1872.77,1854.24,1854.54,190323,94.59,2.0,2.44
2014-04-18,1845.93,1857.67,1839.5,1840.69,119745,94.58,2.24,2.24
2014-04-21,1834.99,1848.95,1821.57,1844.48,77640,93.52,1.64,2.39
2014-04-22,1843.05,1847.19,1838.24,1839.31,224775,97.09,1.93,2.26
2014-04-23,1827.25,1836.06,1821.36,1827.29,124596,96.89,1.44,2.25
2014-04-24,1832.44,1837.93,1826.72,1827.77,92792,96.62,1.55,2.29
2014-04-25,1837.0,1837.02,1823.93,1831.98,101011,94.83,1.96,2.33
2014-04-28,1830.45,1832.02,1826.07,1830.09,106054,94.43,1.8,2.56
2014-04-29,1823.8,1836.27,1819.01,1827.09,89794,95.91,1.54,2.32
2014-04-30,1830.08,1830.41,1825.15,1825.81,56934,98.75,1.82,2.24
2014-05-01,1822.99,1842.48,1820.77,1823.32,189224,100.27,2.04,2.49
2014-05-02,1810.48,1816.42,1796.43,1815.24,97857,99.17,1.45,2.52
2014-05-05,1804.99,1810.45,1793.37,1809.99,106233,97.69,2.25,2.49
2014-05-06,1804.57,1814.36,1798.01,1812.6,226671,98.87,1.96,2.57
2014-05-07,1811.3,1825.43,1806.5,1814.08,75108,93.45,1.96,2.39
2014-05-08,1820.69,1822.32,1810.21,1814.68,128308,94.61,1.81,2.39
2014-05-09,1809.61,1817.15,1807.44,1808.65,71903,97.75,2.25,2.26
2014-05-12,1803.58,1812.32,1800.79,1806.45,112241,96.15,2.05,2.57
2014-05-13,1798.08,1803.24,1790.75,1793.75,107001,97.37,1.72,2.35
2014-05-14,1789.92,1808.86,1789.55,1794.4,135434,98.97,2.0,2.31
2014-05-15,1802.65,1803.02,1800.71,1802.14,160054,98.54,1.62,2.3
2014-05-16,1792.47,1799.3,1787.44,1793.43,78291,93.8,1.74,2.45
2014-05-19,1793.15,1794.51,1787.59,1788.97,173975,96.59,2.17,2.37
2014-05-20,1782.0,1797.2,1774.12,1790.47,178973,94.25,1.9,2.38
2014-05-21,1792.61,1801.66,1788.54,1797.2,89322,94.56,1.97,2.31
2014-05-22,1785.49,1814.0,1778.95,1794.31,98456,92.25,2.1,2.32
2014-05-23,1788.65,1795.17,1788.28,1790.04,81004,96.89,1.94,2.33
2014-05-26,1784.29,1786.09,1772.61,1777.83,87362,92.17,1.6,2.56
2014-05-27,1775.36,1789.07,1774.45,1778.06,60998,97.61,2.22,2.08
2014-05-28,1786.44,1799.81,1786.2,1789.18,134728,99.95,1.93,2.42
2014-05-29,1795.07,1809.07,1787.88,1790.39,43472,97.88,1.95,2.51
2014-05-30,1795.64,1795.67,1781.22,1789.91,74694,96.68,1.81,2.07
2014-06-02,1790.09,1801.2,1788.4,1790.57,96909,100.39,2.08,2.34
2014-06-03,1793.83,1814.57,1786.73,1790.15,166029,97.37,2.28,2.49
2014-06-04,1779.45,1790.25,1776.83,1785.22,79372,94.43,1.7,2.23
2014-06-05,1796.9,1799.54,1778.26,1789.5,117141,96.87,2.06,2.38
2014-06-06,1801.96,1809.24,1785.83,1790.42,95569,101.45,1.8,2.2
2014-06-09,1792.16,1808.07,1788.81,1789.36,144068,93.83,1.29,2.35
2014-06-10,1772.37,1788.72,1771.5,1783.52,114718,93.14,1.44,2.53
2014-06-11,1787.51,1796.58,1780.52,1790.51,137596,98.09,1.9,2.59
2014-06-12,1797.2,1798.66,1789.55,1793.9,79201,95.97,2.04,2.38
2014-06-13,1788.16,1792.65,1775.41,1790.43,65800,95.22,1.94,2.15
2014-06-16,1801.78,1805.7,1794.41,1794.93,114330,93.37,1.98,2.29
2014-06-17,1794.92,1801.38,1783.23,1791.76,81219,91.67,2.44,2.06
2014-06-18,1783.21,1791.39,1771.86,1787.0,99920,92.93,1.92,2.29
2014-06-19,1782.55,1794.34,1781.61,1782.38,112073,100.64,1.72,2.48
2014-06-20,1767.36,1779.48,1767.05,1772.11,162228,96.64,1.76,2.13
2014-06-23,1772.63,1776.02,1768.95,1773.6,135215,91.75,2.2,2.3
2014-06-24,1760.12,1766.34,1758.26,1763.05,75176,99.68,1.47,2.21
2014-06-25,1762.08,1772.11,1752.27,1755.89,62441,99.86,2.09,2.6
2014-06-26,1755.18,1756.72,1743.51,1744.11,195429,99.92,1.79,2.39
2014-06-27,1735.8,1744.08,1728.78,1743.29,52414,95.79,1.58,2.46
2014-06-30,1731.29,1742.69,1726.29,1741.34,82371,96.19,1.42,2.37
2014-07-01,1737.93,1739.64,1732.29,1739.2,127784,97.22,2.15,2.44
2014-07-02,1725.26,1741.8,1723.85,1733.16,190137,100.42,1.57,2.49
2014-07-03,1726.67,1728.82,1713.13,1726.43,91503,95.57,1.8,2.33
2014-07-04,1732.5,1736.27,1725.27,1728.61,99801,95.06,1.54,2.24
2014-07-07,1732.24,1739.5,1722.8,1724.51,69563,98.71,2.27,2.18
2014-07-08,1726.93,1735.43,1720.63,1725.88,103844,99.99,1.8,2.59
2014-07-09,1719.74,1729.95,1719.07,1720.74,62313,96.87,1.44,2.44
2014-07-10,1711.16,1731.93,1710.38,1721.38,73122,98.67,1.67,1.99
2014-07-11,1728.25,1730.78,1722.67,1728.12,133994,97.23,2.12,2.28
2014-07-14,1730.57,1732.53,1728.17,1730.2,82997,96.31,1.53,2.38
2014-07-15,1730.92,1737.89,1726.46,1727.61,142471,94.88,1.68,2.57
2014-07-16,1724.99,1732.59,1724.61,1728.67,92836,94.06,2.07,2.15
2014-07-17,1724.76,1733.61,1712.6,1727.01,57094,95.42,1.86,2.38
2014-07-18,1719.06,1729.32,1718.13,1726.72,157526,94.52,1.47,2.25
2014-07-21,1711.98,1734.0,1709.4,1723.83,58329,97.69,1.83,2.13
2014-07-22,1716.87,1729.47,1716.73,1722.6,77597,100.03,1.73,2.51
2014-07-23,1715.29,1727.32,1708.19,1723.41,91137,97.49,1.78,2.17
2014-07-24,1719.42,1725.92,1703.58,1717.69,147610,94.72,2.01,2.46
2014-07-25,1709.2,1722.88,1704.56,1711.86,79969,99.19,1.83,2.07
2014-07-28,1700.54,1711.39,1692.14,1703.29,68139,97.85,1.74,2.23
2014-07-29,1689.39,1703.43,1687.05,1694.39,105352,98.41,1.73,2.39
2014-07-30,1671.2,1688.41,1667.22,1687.57,90618,95.92,2.04,2.41
2014-07-31,1695.72,1697.47,1684.82,1688.08,81882,100.05,1.59,2.37
2014-08-01,1677.96,1691.05,1671.33,1683.01,107645,100.07,1.22,2.45
2014-08-04,1682.56,1691.36,1681.91,1684.65,60995,96.78,1.71,2.26
2014-08-05,1677.15,1687.06,1674.71,1684.5,49576,99.03,1.86,2.51
2014-08-06,1678.64,1682.44,1662.02,1673.76,232231,100.06,1.66,2.36
2014-08-07,1677.6,1688.93,1676.49,1676.88,102916,96.12,1.63,2.41
2014-08-08,1676.67,1684.91,1669.85,1680.84,105838,97.06,1.67,2.35
2014-08-11,1672.53,1675.35,1662.66,1674.5,72200,97.5,1.75,2.37
2014-08-12,1684.83,1687.03,1666.36,1676.39,141362,94.55,1.43,2.15
2014-08-13,1671.17,1677.79,1647.81,1671.54,79746,98.43,1.92,2.16
2014-08-14,1670.81,1672.98,1665.67,1671.72,32387,99.88,1.09,2.21
2014-08-15,1660.05,1668.03,1654.0,1664.75,78683,97.01,1.89,2.37
2014-08-18,1644.9,1656.46,1642.18,1654.3,88206,98.29,1.83,2.21
2014-08-19,1651.19,1660.63,1642.59,1651.98,92223,100.95,1.88,2.25
2014-08-20,1652.63,1662.61,1650.62,1651.01,91162,96.45,1.27,2.28
2014-08-21,1654.06,1661.49,1646.79,1648.62,76269,98.38,1.83,2.5
2014-08-22,1631.08,1646.5,1627.58,1642.16,73378,96.1,1.62,2.38
2014-08-25,1633.5,1642.76,1624.27,1639.03,87623,96.05,2.15,2.07
2014-08-26,1637.24,1646.16,1630.39,1640.1,51113,98.39,1.84,2.31
2014-08-27,1639.53,1653.19,1637.45,1639.54,45114,98.14,1.46,2.24
2014-08-28,1639.45,1645.38,1631.62,1640.16,102664,98.92,1.33,2.25
2014-08-29,1635.78,1643.23,1633.29,1636.38,103351,97.75,1.6,2.29
2014-09-01,1643.38,1643.75,1633.22,1641.37,140331,98.69,1.95,2.45
2014-09-02,1630.55,1642.58,1626.87,1634.98,89123,101.74,2.04,2.16
2014-09-03,1641.75,1645.83,1634.35,1637.17,61239,100.21,1.79,2.31
2014-09-04,1645.08,1649.74,1640.54,1642.95,45439,98.36,1.77,2.33
2014-09-05,1643.53,1649.83,1639.5,1645.11,69142,98.77,1.66,2.25
2014-09-08,1650.89,1657.27,1640.47,1643.0,116892,96.77,1.74,2.18
2014-09-09,1647.6,1648.31,1631.41,1639.95,175708,97.14,2.05,2.16
2014-09-10,1649.59,1653.97,1638.7,1644.98,100874,98.73,1.66,2.21
2014-09-11,1622.47,1647.41,1614.94,1637.3,60752,97.78,1.91,2.39
2014-09-12,1639.71,1640.91,1630.34,1631.98,69427,99.58,1.61,2.22
2014-09-15,1632.77,1633.47,1625.32,1628.89,70299,100.78,1.99,2.26
2014-09-16,1644.77,1653.11,1624.74,1634.93,83918,97.32,1.89,2.1
2014-09-17,1642.64,1648.79,1636.0,1636.56,154563,92.54,1.98,2.2
2014-09-18,1638.98,1646.98,1622.45,1631.26,159462,102.68,2.21,2.31
2014-09-19,1633.63,1638.34,1619.64,1629.34,92143,95.98,1.09,2.02
2014-09-22,1631.72,1633.89,1625.01,1625.14,106215,98.13,1.93,2.43
2014-09-23,1630.89,1638.91,1616.24,1621.19,71752,99.49,1.85,2.18
2014-09-24,1626.93,1627.91,1623.63,1625.88,49813,101.16,1.85,2.53
2014-09-25,1610.91,1622.41,1609.88,1618.55,201861,102.2,1.8,2.33
2014-09-26,1624.95,1635.93,1621.0,1626.45,38987,96.72,1.8,1.99
2014-09-29,1631.55,1636.03,1618.53,1629.64,47366,100.58,1.82,2.31
2014-09-30,1635.3,1643.41,1629.35,1634.93,202513,98.07,1.96,2.22
2014-10-01,1626.12,1638.96,1620.81,1632.22,99374,104.45,1.94,2.31
2014-10-02,1623.15,1633.26,1615.19,1631.13,62920,100.35,1.73,2.5
2014-10-03,1619.85,1626.25,1617.72,1623.46,129713,97.21,1.68,2.37
2014-10-06,1623.66,1631.2,1612.3,1619.74,134486,95.7,1.74,2.23
2014-10-07,1629.63,1630.57,1620.87,1621.94,57926,91.1,1.63,2.05
2014-10-08,1632.73,1633.26,1626.68,1628.25,79766,99.31,2.17,2.39
2014-10-09,1627.41,1631.88,1616.9,1622.26,140154,100.18,1.41,2.33
2014-10-10,1619.68,1627.37,1616.92,1620.07,71199,99.54,1.92,2.43
2014-10-13,1609.8,1628.66,1601.03,1618.26,110510,91.8,1.91,2.23
2014-10-14,1608.64,1616.5,1601.48,1610.84,174542,94.59,1.59,2.3
2014-10-15,1612.27,1625.9,1611.54,1613.52,37911,98.92,1.8,2.22
2014-10-16,1607.13,1609.59,1602.71,1609.53,86120,102.21,2.04,2.26
2014-10-17,1608.48,1619.41,1602.64,1608.22,109606,97.62,1.64,2.02
2014-10-20,1607.02,1610.79,1594.54,1604.9,48203,100.51,2.05,2.3
2014-10-21,1604.69,1609.51,1598.18,1600.59,79869,95.23,2.0,2.31
2014-10-22,1598.91,1600.51,1598.09,1600.24,149911,98.33,1.54,2.17
2014-10-23,1589.71,1599.81,1583.14,1598.84,74479,97.14,1.44,2.34
2014-10-24,1594.34,1606.52,1586.34,1596.65,54517,100.81,1.76,2.38
2014-10-27,1592.17,1606.56,1590.51,1591.96,155178,96.52,1.41,2.45
2014-10-28,1599.1,1600.35,1588.31,1593.25,117924,102.06,0.99,2.09
2014-10-29,1598.53,1609.66,1590.65,1601.26,96033,97.04,1.6,2.34
2014-10-30,1604.11,1606.32,1592.28,1601.64,94906,95.13,2.26,2.44
2014-10-31,1607.76,1611.77,1603.23,1606.36,148942,95.18,1.61,2.19
2014-11-03,1598.52,1608.65,1591.88,1598.31,111058,96.27,1.81,2.45
2014-11-04,1603.25,1605.36,1593.54,1598.79,127802,98.75,1.89,2.13
2014-11-05,1589.8,1593.74,1586.37,1592.96,74829,96.34,1.7,2.25
2014-11-06,1582.51,1590.44,1578.23,1585.25,45846,95.87,1.63,1.98
2014-11-07,1581.19,1594.04,1577.93,1581.25,126597,100.17,2.02,1.96
2014-11-10,1583.13,1589.51,1577.98,1586.17,153333,89.89,1.72,2.0
2014-11-11,1593.03,1599.05,1579.25,1590.61,90235,96.81,1.69,2.45
2014-11-12,1588.11,1598.97,1584.19,1591.51,140800,94.54,1.91,2.12
2014-11-13,1584.61,1592.55,1583.21,1583.53,86328,95.76,1.45,2.12
2014-11-14,1581.77,1588.81,1580.49,1582.24,95198,98.55,1.39,2.29
2014-11-17,1583.75,1595.49,1581.32,1582.73,198982,97.42,1.3,2.12
2014-11-18,1581.1,1600.75,1577.22,1583.29,87850,97.19,1.85,2.41
2014-11-19,1572.21,1582.76,1570.94,1573.81,85799,100.98,1.67,2.51
2014-11-20,1569.54,1572.6,1566.62,1569.09,46723,98.0,1.91,1.89
2014-11-21,1569.41,1570.16,1563.05,1568.46,130096,102.55,1.72,2.3
2014-11-24,1570.08,1571.2,1563.24,1570.1,74314,99.81,1.36,1.91
2014-11-25,1566.94,1578.8,1551.58,1558.97,104703,95.69,1.62,2.02
2014-11-26,1553.23,1562.27,1549.47,1557.86,87027,102.95,1.93,2.29
2014-11-27,1557.96,1563.89,1557.52,1558.26,82593,98.81,1.64,2.08
2014-11-28,1554.75,1572.87,1536.15,1562.12,94174,102.76,2.0,2.26
2014-12-01,1566.27,1567.39,1561.87,1564.53,97115,97.4,1.59,2.22
2014-12-02,1561.85,1567.1,1559.4,1567.09,158012,98.73,1.88,1.97
2014-12-03,1561.53,1572.34,1560.0,1562.84,181331,99.16,1.25,2.32
2014-12-04,1551.43,1553.51,1539.66,1553.17,128064,97.73,1.64,2.26
2014-12-05,1552.24,1555.81,1547.88,1550.94,164164,101.35,1.6,2.22
2014-12-08,1552.26,1554.89,1543.26,1554.84,138920,102.97,1.35,2.12
2014-12-09,1558.58,1565.9,1557.84,1561.37,120312,92.36,1.97,2.27
2014-12-10,1571.3,1580.68,1558.89,1564.56,176673,100.1,1.54,2.02
2014-12-11,1567.7,1573.4,1563.42,1566.36,58489,95.82,1.51,2.06
2014-12-12,1565.29,1572.45,1557.67,1567.93,75072,91.56,2.02,2.26
2014-12-15,1563.0,1566.48,1558.33,1564.17,71085,99.36,1.73,2.36
2014-12-16,1570.94,1571.34,1559.47,1563.22,87504,99.38,1.89,2.14
2014-12-17,1570.04,1579.52,1561.85,1571.15,129879,99.72,1.27,2.28
2014-12-18,1562.95,1568.68,1556.5,1566.19,63193,98.98,1.49,2.24
2014-12-19,1570.63,1585.55,1565.12,1573.86,120706,100.19,2.21,2.27
2014-12-22,1568.66,1571.45,1565.72,1571.25,78055,96.51,1.9,2.1
2014-12-23,1574.7,1587.57,1572.22,1577.51,85920,98.63,1.42,2.18
2014-12-24,1564.2,1570.42,1555.43,1570.23,106955,99.77,1.75,2.2
2014-12-25,1567.51,1580.45,1565.06,1572.82,193396,101.39,1.44,2.43
2014-12-26,1564.96,1574.28,1558.01,1568.86,74240,98.15,2.04,2.03
2014-12-29,1563.64,1566.93,1560.06,1560.87,95603,97.56,1.12,1.99
2014-12-30,1559.85,1562.71,1550.16,1561.64,64132,97.95,1.75,2.65
2014-12-31,1565.33,1568.38,1558.29,1566.3,73955,95.07,1.75,2.24
2015-01-01,1567.78,1569.11,1554.0,1561.83,63899,100.01,1.41,2.28
2015-01-02,1560.2,1560.26,1551.13,1554.17,108870,94.5,1.62,2.29
2015-01-05,1551.4,1557.51,1543.74,1552.71,117022,99.13,1.78,2.31
2015-01-06,1549.04,1560.59,1538.1,1551.98,129938,98.37,1.24,2.33
2015-01-07,1550.32,1561.43,1546.45,1554.35,73023,94.26,1.36,2.31
2015-01-08,1561.94,1564.35,1547.16,1558.7,120955,94.37,1.64,2.36
2015-01-09,1557.15,1559.14,1556.18,1558.1,103284,95.98,1.47,2.22
2015-01-12,1564.41,1568.01,1549.07,1566.23,96461,97.2,1.56,2.35
2015-01-13,1563.2,1569.04,1553.21,1567.02,60079,101.75,1.67,2.47
2015-01-14,1561.39,1572.35,1560.23,1565.0,104956,97.79,1.45,2.22
2015-01-15,1558.27,1568.71,1548.6,1556.77,106295,99.49,1.67,2.26
2015-01-16,1549.04,1558.84,1544.4,1555.18,102815,101.3,1.75,2.1
2015-01-19,1557.16,1559.63,1551.6,1552.53,115846,100.84,1.87,2.16
2015-01-20,1554.43,1561.46,1553.52,1556.92,130331,98.11,1.36,2.24
2015-01-21,1558.18,1561.1,1550.98,1558.88,63626,96.34,1.52,2.12
2015-01-22,1546.57,1566.01,1544.91,1552.8,90519,99.4,1.82,2.19
2015-01-23,1553.27,1564.8,1551.76,1553.33,121334,96.43,1.3,2.23
2015-01-26,1554.08,1560.31,1547.21,1555.62,88666,102.67,1.7,2.41
2015-01-27,1562.58,1574.67,1558.7,1562.81,144895,100.25,1.68,2.05
2015-01-28,1573.8,1574.08,1565.69,1566.88,102341,98.57,1.02,2.24
2015-01-29,1571.16,1575.6,1564.36,1570.33,45162,99.31,1.55,2.08
2015-01-30,1566.57,1577.65,1565.16,1570.31,138105,98.47,1.75,2.29
2015-02-02,1567.87,1571.57,1562.95,1571.22,94198,97.1,1.62,2.3
2015-02-03,1579.92,1582.12,1573.13,1577.11,48635,99.22,1.55,2.42
2015-02-04,1576.31,1577.52,1562.84,1570.19,89239,97.42,1.71,2.11
2015-02-05,1569.48,1573.61,1567.23,1568.15,59435,102.88,1.91,2.19
2015-02-06,1567.26,1573.64,1559.79,1564.03,133419,96.34,1.8,2.29
2015-02-09,1567.75,1568.46,1558.56,1564.89,97310,99.34,1.48,2.27
2015-02-10,1577.34,1583.72,1569.64,1570.65,68220,96.07,1.3,1.79
2015-02-11,1558.23,1567.46,1548.75,1567.39,136535,96.06,1.79,2.06
2015-02-12,1558.44,1560.65,1553.96,1555.33,118587,93.67,1.37,2.25
2015-02-13,1557.59,1562.9,1550.15,1553.0,89831,99.18,1.53,2.13
2015-02-16,1550.22,1563.49,1548.71,1556.47,59979,96.79,1.71,2.28
2015-02-17,1554.66,1561.33,1551.48,1558.8,70474,100.82,1.95,2.32
2015-02-18,1556.61,1563.72,1552.97,1560.6,70053,99.13,1.98,2.13
2015-02-19,1555.5,1561.98,1549.36,1558.91,133065,98.48,1.68,2.25
2015-02-20,1550.09,1554.37,1547.65,1552.34,50394,94.63,1.53,2.38
2015-02-23,1554.99,1557.97,1548.54,1553.86,96868,99.61,1.36,2.31
2015-02-24,1553.5,1559.88,1543.46,1549.47,89311,96.52,2.15,2.04
2015-02-25,1564.92,1568.06,1554.24,1559.86,149375,94.52,1.59,2.13
2015-02-26,1558.43,1573.02,1557.67,1562.36,108347,99.16,1.83,2.16
2015-02-27,1555.24,1560.86,1554.9,1559.19,122281,94.96,1.71,2.01
2015-03-02,1561.33,1577.28,1549.31,1555.19,80005,92.91,1.53,2.31
2015-03-03,1557.44,1565.77,1547.65,1554.43,60330,101.38,1.52,2.05
2015-03-04,1553.33,1558.78,1548.62,1552.95,86665,96.75,1.31,2.14
2015-03-05,1560.32,1567.17,1555.91,1558.11,134708,93.75,1.93,2.31
2015-03-06,1558.58,1563.01,1552.04,1558.72,134585,95.7,1.62,2.08
2015-03-09,1556.57,1560.02,1547.48,1554.13,83097,96.34,2.01,2.1
2015-03-10,1561.52,1567.66,1556.24,1563.1,69961,100.94,1.54,2.2
2015-03-11,1564.29,1569.85,1558.33,1563.03,64687,93.92,1.58,2.08
2015-03-12,1559.42,1567.52,1558.96,1566.51,93465,94.71,1.37,2.37
2015-03-13,1559.98,1571.86,1554.56,1563.21,104257,100.53,1.57,2.01
2015-03-16,1560.81,1565.29,1554.55,1563.99,177953,96.95,1.34,1.8
2015-03-17,1563.45,1565.82,1558.91,1565.21,103707,98.63,1.75,2.27
2015-03-18,1551.29,1563.28,1551.09,1555.61,126185,96.9,1.67,2.09
2015-03-19,1562.7,1567.51,1562.62,1565.21,72244,103.11,2.02,2.02
2015-03-20,1564.14,1573.03,1562.09,1571.28,100376,94.8,1.28,2.2
2015-03-23,1570.88,1573.68,1564.94,1568.3,104404,98.75,1.95,2.2
2015-03-24,1562.17,1564.3,1554.76,1562.55,93319,101.84,1.4,2.02
2015-03-25,1555.96,1568.52,1555.63,1563.96,97857,97.13,1.73,2.31
2015-03-26,1560.16,1565.2,1560.07,1564.07,103827,96.19,1.36,2.26
2015-03-27,1567.1,1568.36,1560.49,1565.52,119660,99.98,1.69,2.43
2015-03-30,1562.9,1567.94,1558.68,1565.45,157573,100.57,1.01,2.06
2015-03-31,1564.36,1571.31,1558.07,1567.64,39886,96.05,1.47,2.15
2015-04-01,1574.14,1582.92,1571.27,1574.49,154121,101.65,1.67,2.16
2015-04-02,1578.63,1591.53,1573.96,1577.0,49795,98.11,2.08,2.08
2015-04-03,1564.71,1576.99,1562.13,1571.48,111692,99.29,1.11,2.19
2015-04-06,1579.83,1583.75,1575.22,1577.22,253280,101.7,1.64,2.2
2015-04-07,1581.28,1589.84,1580.1,1585.08,97050,99.84,1.51,2.2
2015-04-08,1600.5,1602.26,1600.24,1600.58,106086,97.81,1.16,2.08
2015-04-09,1594.44,1604.11,1594.36,1594.61,87194,96.17,1.36,2.09
2015-04-10,1593.0,1600.73,1592.6,1595.52,128914,104.62,1.52,2.04
2015-04-13,1579.2,1589.45,1578.38,1584.07,114106,95.96,1.75,2.01
2015-04-14,1585.15,1587.92,1584.77,1586.51,75326,98.71,1.66,2.11
2015-04-15,1591.18,1596.3,1576.47,1583.46,94302,99.21,1.31,2.35
2015-04-16,1586.26,1602.97,1585.3,1592.77,63109,99.26,1.17,2.42
2015-04-17,1596.64,1608.12,1586.89,1588.58,94129,103.22,1.74,2.31
2015-04-20,1577.9,1591.9,1577.28,1579.13,83470,98.08,1.58,2.05
2015-04-21,1576.64,1580.07,1570.46,1576.47,104257,97.74,2.03,2.18
2015-04-22,1561.28,1571.76,1557.4,1566.38,74312,101.94,1.54,1.81
2015-04-23,1566.15,1573.19,1560.7,1569.78,90601,97.69,1.92,2.09
2015-04-24,1556.94,1563.4,1555.9,1559.29,99062,100.3,1.77,2.05
2015-04-27,1553.54,1559.95,1551.61,1558.43,101861,98.6,1.83,2.39
2015-04-28,1546.99,1552.59,1546.96,1547.96,110162,100.49,1.74,2.15
2015-04-29,1544.2,1548.69,1544.18,1546.09,92072,100.01,1.74,2.12
2015-04-30,1562.43,1570.0,1550.01,1553.81,72064,97.14,1.05,2.1
2015-05-01,1549.82,1555.98,1548.72,1555.26,102010,93.52,1.57,2.06
2015-05-04,1550.52,1559.84,1542.41,1550.04,91900,93.99,1.46,2.18
2015-05-05,1550.73,1551.97,1548.09,1549.58,148725,93.57,1.94,2.0
2015-05-06,1544.39,1557.1,1539.26,1549.36,156419,97.95,1.37,2.19
2015-05-07,1554.56,1555.85,1548.46,1551.36,57020,92.28,1.55,2.32
2015-05-08,1542.55,1548.59,1538.82,1544.39,126356,97.81,1.82,2.12
2015-05-11,1534.72,1548.08,1524.81,1546.28,136912,98.53,1.7,2.05
2015-05-12,1535.89,1542.54,1524.61,1532.86,57622,100.44,1.66,2.09
2015-05-13,1524.39,1539.24,1524.33,1529.52,124466,99.58,1.9,2.28
2015-05-14,1522.07,1542.31,1516.28,1526.87,141263,100.6,1.69,2.12
2015-05-15,1532.77,1537.88,1521.62,1529.61,67517,99.36,1.48,2.0
2015-05-18,1527.14,1530.59,1525.82,1528.74,89811,97.52,1.29,2.21
2015-05-19,1525.87,1528.68,1515.22,1521.68,106353,98.12,1.74,1.99
2015-05-20,1522.17,1532.22,1516.23,1516.67,124018,96.29,1.42,2.06
2015-05-21,1514.38,1523.28,1505.1,1517.32,66477,98.98,1.56,2.13
2015-05-22,1520.25,1521.04,1516.59,1516.64,156811,94.46,1.89,1.97
2015-05-25,1509.47,1513.41,1505.73,1512.9,43838,101.11,1.56,1.82
2015-05-26,1520.43,1522.72,1504.76,1510.31,167627,96.07,1.5,2.15
2015-05-27,1510.18,1516.01,1510.02,1513.32,123020,98.83,1.54,1.76
2015-05-28,1515.21,1517.26,1502.84,1510.56,76979,99.27,1.55,1.95
2015-05-29,1513.66,1514.84,1500.78,1509.84,139491,101.37,1.37,2.2
2015-06-01,1520.66,1521.0,1519.09,1519.22,64918,94.2,2.03,2.15
2015-06-02,1509.08,1516.14,1494.47,1512.12,103360,97.64,1.47,2.06
2015-06-03,1502.35,1516.49,1499.23,1503.03,108597,99.89,1.81,1.95
2015-06-04,1496.71,1515.75,1495.33,1506.44,108494,102.87,1.36,2.02
2015-06-05,1503.94,1517.2,1496.58,1502.93,70552,98.42,1.75,2.17
2015-06-08,1502.03,1508.51,1494.49,1500.46,80948,97.05,1.65,2.06
2015-06-09,1497.07,1498.43,1489.34,1496.47,103849,103.64,1.61,1.89
2015-06-10,1481.62,1498.97,1475.59,1494.95,73813,100.59,1.65,1.94
2015-06-11,1496.5,1520.2,1494.71,1502.2,110038,101.96,1.71,2.01
2015-06-12,1502.32,1505.87,1496.35,1505.7,77215,95.48,1.55,2.13
2015-06-15,1510.15,1514.93,1508.82,1508.83,147266,99.78,1.56,2.09
2015-06-16,1503.12,1509.1,1493.44,1501.81,184438,95.82,1.75,1.88
2015-06-17,1495.32,1500.25,1494.46,1496.08,87641,95.31,1.32,2.27
2015-06-18,1485.29,1487.08,1477.41,1482.47,142643,100.13,1.28,1.96
2015-06-19,1473.85,1482.04,1467.31,1478.4,90678,100.33,1.65,2.14
2015-06-22,1484.62,1486.95,1478.31,1481.91,67875,97.47,1.1,1.92
2015-06-23,1486.14,1492.27,1482.16,1484.03,83259,102.24,1.18,2.44
2015-06-24,1484.38,1489.66,1481.85,1482.7,102153,97.75,2.05,2.26
2015-06-25,1481.49,1484.88,1473.74,1482.3,48301,98.0,1.99,1.95
2015-06-26,1486.92,1487.7,1474.34,1478.79,126786,98.61,1.46,2.08
2015-06-29,1480.98,1483.89,1469.61,1478.79,102171,98.09,1.85,1.91
2015-06-30,1477.77,1483.34,1477.45,1482.07,147298,101.87,1.86,2.01
2015-07-01,1475.36,1479.51,1468.77,1474.26,125901,96.13,1.72,2.12
2015-07-02,1478.69,1483.88,1473.99,1475.36,103567,96.84,1.58,2.19
2015-07-03,1476.79,1489.71,1469.03,1479.4,85619,95.72,1.75,1.87
2015-07-06,1481.34,1486.41,1464.71,1476.52,181524,103.43,1.79,1.94
2015-07-07,1481.18,1482.55,1478.37,1479.49,235142,97.89,1.76,2.2
2015-07-08,1481.88,1492.5,1472.13,1492.37,86192,96.68,1.21,2.25
2015-07-09,1492.92,1496.93,1485.88,1491.58,149779,97.89,2.1,1.94
2015-07-10,1491.32,1498.58,1483.41,1493.14,74406,100.72,2.19,2.2
2015-07-13,1491.11,1502.92,1488.67,1488.71,78036,100.29,1.11,1.87
2015-07-14,1493.48,1494.59,1486.06,1489.26,84584,97.18,1.72,2.01
2015-07-15,1492.0,1492.51,1485.0,1491.13,129815,97.61,2.1,1.88
2015-07-16,1499.2,1504.3,1485.2,1491.75,64217,94.97,1.84,1.99
2015-07-17,1485.87,1497.77,1481.08,1486.67,183502,98.99,1.84,2.33
2015-07-20,1489.47,1489.64,1483.63,1486.68,143651,101.85,1.23,2.04
2015-07-21,1496.85,1502.71,1492.85,1493.25,128618,97.14,1.79,2.0
2015-07-22,1494.63,1498.91,1491.59,1495.06,87769,100.17,1.65,1.96
2015-07-23,1502.81,1510.18,1498.45,1499.3,137557,97.09,1.78,2.0
2015-07-24,1495.22,1499.0,1489.46,1497.89,30731,95.82,1.33,1.92
2015-07-27,1498.56,1500.83,1492.85,1500.46,117754,100.24,1.32,2.06
2015-07-28,1495.57,1506.94,1489.2,1501.49,105245,104.4,1.55,2.03
2015-07-29,1497.78,1510.34,1495.06,1496.7,46421,99.93,1.49,1.97
2015-07-30,1499.37,1502.24,1487.91,1497.9,116134,97.52,1.55,1.96
2015-07-31,1498.22,1505.13,1492.14,1492.94,125035,97.72,1.46,2.06
2015-08-03,1492.54,1493.1,1485.4,1489.0,47028,103.4,1.53,1.92
2015-08-04,1488.32,1495.01,1480.5,1489.6,61407,99.39,1.42,2.0
2015-08-05,1485.43,1490.8,1482.95,1490.7,225427,96.7,1.57,1.96
2015-08-06,1486.76,1489.65,1484.77,1484.83,91624,98.5,1.23,1.7
2015-08-07,1494.44,1499.65,1488.08,1489.47,145837,99.16,1.71,2.16
2015-08-10,1494.57,1503.47,1489.53,1491.2,154928,99.78,1.64,1.75
2015-08-11,1492.44,1495.79,1480.62,1487.6,115563,102.42,1.26,1.76
2015-08-12,1479.17,1486.32,1478.85,1480.12,148285,101.88,1.91,2.16
2015-08-13,1477.08,1481.31,1467.31,1479.15,42397,99.19,1.37,1.86
2015-08-14,1473.51,1481.65,1472.14,1476.78,90020,98.61,1.88,1.71
2015-08-17,1476.1,1481.51,1473.5,1476.35,28789,99.71,1.66,2.22
2015-08-18,1474.03,1477.27,1473.23,1474.37,49097,97.22,1.83,1.93
2015-08-19,1465.7,1473.59,1461.51,1464.79,79347,101.26,1.62,2.2
2015-08-20,1462.14,1471.83,1453.32,1462.71,75647,98.32,1.72,1.88
2015-08-21,1460.43,1467.72,1458.29,1461.01,100364,100.07,1.82,1.77
2015-08-24,1459.58,1464.45,1454.14,1462.99,97903,103.11,2.05,1.97
2015-08-25,1463.61,1466.13,1452.12,1459.48,104140,100.23,1.84,1.84
2015-08-26,1467.27,1471.36,1452.62,1466.93,105861,99.37,1.68,2.08
2015-08-27,1457.07,1459.5,1447.21,1457.84,112777,97.57,1.23,2.12
2015-08-28,1460.3,1470.26,1453.31,1463.58,67264,98.62,0.97,2.15
2015-08-31,1455.76,1464.24,1453.39,1461.6,73871,95.99,1.54,1.97
2015-09-01,1471.03,1472.91,1465.14,1465.28,97270,100.14,1.39,2.22
2015-09-02,1467.79,1470.82,1464.85,1465.36,97876,93.47,1.4,1.87
2015-09-03,1463.17,1472.45,1462.76,1470.33,64037,101.19,1.55,2.03
2015-09-04,1471.61,1474.04,1454.11,1468.25,152150,100.61,1.73,1.99
2015-09-07,1466.28,1474.47,1455.91,1462.23,131915,99.07,1.41,2.3
2015-09-08,1469.05,1481.25,1464.31,1468.5,69990,97.45,1.79,2.19
2015-09-09,1474.72,1479.43,1458.04,1467.69,90821,98.75,1.57,2.01
2015-09-10,1469.37,1478.42,1464.8,1468.42,220535,94.35,1.58,2.03
2015-09-11,1467.59,1481.09,1465.28,1473.85,105264,100.8,2.03,2.23
2015-09-14,1469.73,1473.47,1462.04,1468.12,115644,98.37,1.61,1.89
2015-09-15,1471.67,1478.83,1467.72,1470.59,77375,102.55,1.55,1.7
2015-09-16,1464.91,1471.65,1463.79,1467.57,87095,99.77,1.69,1.85
2015-09-17,1469.19,1471.33,1461.16,1466.66,180688,99.37,2.01,1.94
2015-09-18,1459.37,1472.57,1454.16,1466.71,103292,99.8,1.55,2.2
2015-09-21,1463.19,1470.52,1455.96,1458.85,95954,96.42,1.67,2.15
2015-09-22,1451.16,1456.08,1448.05,1454.99,99017,97.76,1.53,1.99
2015-09-23,1456.59,1467.94,1444.53,1460.91,273252,99.17,1.53,2.06
2015-09-24,1464.2,1470.92,1455.9,1464.7,100300,98.05,1.44,1.89
2015-09-25,1466.02,1466.7,1462.34,1464.12,70825,97.37,1.42,2.31
2015-09-28,1465.02,1470.68,1463.4,1464.3,75952,98.11,1.98,2.17
2015-09-29,1459.39,1465.15,1449.87,1462.65,134901,98.94,1.42,2.0
2015-09-30,1466.39,1477.38,1458.85,1468.62,55748,104.58,1.17,1.98
2015-10-01,1462.42,1468.28,1460.09,1467.41,118211,97.98,1.59,2.09
2015-10-02,1467.2,1468.95,1462.46,1468.19,73900,97.09,1.81,1.98
2015-10-05,1477.3,1489.22,1460.32,1472.55,46933,98.37,1.87,1.71
2015-10-06,1468.64,1475.63,1464.01,1468.66,66700,102.53,1.26,2.21
2015-10-07,1479.4,1486.45,1473.47,1475.59,99808,102.66,1.83,2.16
2015-10-08,1474.62,1480.93,1466.89,1468.21,172485,103.66,2.07,2.04
2015-10-09,1472.87,1480.51,1471.37,1475.47,142248,98.88,1.38,1.92
2015-10-12,1471.96,1480.4,1470.38,1472.79,87774,100.35,1.51,1.98
2015-10-13,1480.96,1482.62,1467.18,1471.37,145637,96.13,1.24,1.58
2015-10-14,1468.69,1472.11,1458.69,1462.35,85586,97.94,2.01,1.81
2015-10-15,1452.64,1466.36,1439.16,1459.97,54906,96.06,1.18,2.24
2015-10-16,1456.59,1463.19,1452.28,1454.9,99551,100.07,1.45,2.05
2015-10-19,1451.19,1457.6,1450.29,1451.19,54047,99.01,1.75,1.68
2015-10-20,1454.53,1454.79,1448.93,1450.94,135477,99.48,1.38,1.85
2015-10-21,1452.45,1459.87,1441.83,1455.7,136264,96.76,1.3,1.68
2015-10-22,1453.36,1458.15,1448.96,1457.03,69425,101.0,1.53,1.85
2015-10-23,1455.87,1464.32,1448.6,1458.83,104635,92.84,2.14,1.95
2015-10-26,1452.37,1460.82,1451.97,1454.86,104236,98.26,1.48,2.21
2015-10-27,1454.76,1457.26,1450.32,1451.21,139914,98.65,1.49,2.08
2015-10-28,1454.66,1461.68,1454.55,1459.84,59992,93.79,1.27,1.92
2015-10-29,1454.12,1464.47,1447.32,1456.84,125466,99.83,1.64,1.93
2015-10-30,1456.98,1470.61,1456.67,1464.84,58296,98.38,1.77,1.84
2015-11-02,1469.21,1473.82,1462.28,1464.79,134709,100.21,1.39,2.13
2015-11-03,1470.77,1475.39,1464.85,1465.18,151006,103.81,1.68,2.14
2015-11-04,1469.07,1477.27,1465.47,1470.51,75520,99.58,1.39,1.76
2015-11-05,1475.48,1482.89,1467.26,1476.8,160757,101.15,1.07,1.7
2015-11-06,1478.68,1480.58,1475.86,1476.67,52595,102.17,1.66,1.91
2015-11-09,1482.47,1487.11,1471.33,1475.94,153251,99.95,2.06,1.93
2015-11-10,1477.88,1481.97,1467.48,1476.07,175497,96.56,1.24,1.99
2015-11-11,1474.93,1481.52,1466.93,1478.03,113360,94.61,1.58,1.7
2015-11-12,1475.37,1487.01,1473.09,1482.57,91289,99.61,1.87,1.85
2015-11-13,1478.01,1484.6,1471.89,1482.97,111856,97.67,1.51,1.94
2015-11-16,1487.28,1497.52,1485.47,1486.95,77535,101.85,1.18,1.83
2015-11-17,1492.1,1500.91,1485.43,1495.04,282053,97.39,1.55,2.08
2015-11-18,1498.1,1500.68,1493.82,1497.22,78072,98.53,1.91,2.23
2015-11-19,1496.6,1507.29,1494.95,1499.09,167202,95.65,1.41,1.87
2015-11-20,1487.58,1497.7,1485.0,1492.32,73387,97.74,1.59,2.08
2015-11-23,1475.86,1490.71,1474.35,1481.09,186973,96.33,1.27,1.89
2015-11-24,1490.24,1500.09,1481.54,1483.28,220782,96.54,1.51,1.8
2015-11-25,1487.18,1490.37,1482.29,1483.23,115196,98.54,1.63,1.84
2015-11-26,1488.9,1490.02,1479.72,1481.21,110709,97.17,1.56,2.06
2015-11-27,1485.14,1487.58,1472.28,1482.73,67330,105.25,1.42,1.85
2015-11-30,1481.62,1487.52,1478.79,1483.54,64198,100.76,1.64,1.87
2015-12-01,1495.12,1506.13,1485.79,1489.2,111208,101.33,1.7,1.77
2015-12-02,1489.85,1490.08,1488.19,1490.0,176888,98.34,1.71,2.03
2015-12-03,1487.87,1495.52,1480.6,1486.88,79278,98.9,1.46,2.01
2015-12-04,1491.72,1492.12,1487.33,1491.92,238749,97.53,1.37,2.15
2015-12-07,1478.79,1504.61,1470.03,1491.98,77338,105.16,2.02,2.02
2015-12-08,1502.05,1505.11,1486.43,1494.85,108202,98.31,1.56,2.0
2015-12-09,1495.19,1496.36,1482.67,1492.99,108315,97.09,1.46,2.02
2015-12-10,1491.8,1497.21,1482.59,1490.33,94786,96.73,1.16,1.89
2015-12-11,1490.84,1492.78,1483.79,1491.11,43585,99.45,1.29,1.95
2015-12-14,1492.99,1494.74,1483.99,1492.26,77062,102.15,1.37,2.07
2015-12-15,1492.23,1497.08,1491.96,1494.91,106922,101.3,1.64,1.8
2015-12-16,1496.8,1498.19,1491.86,1494.03,94997,96.7,1.44,2.18
2015-12-17,1479.98,1491.51,1471.43,1485.8,127322,96.7,1.53,2.02
2015-12-18,1485.0,1490.02,1483.32,1484.17,133617,101.78,1.17,2.23
2015-12-21,1491.48,1501.87,1478.62,1488.97,89676,103.88,1.87,1.75
2015-12-22,1487.08,1493.74,1484.88,1487.96,67173,98.27,1.34,1.75
2015-12-23,1488.85,1497.21,1474.92,1487.2,183382,101.65,1.58,1.98
2015-12-24,1487.78,1497.96,1483.83,1492.21,57400,94.94,1.39,1.94
2015-12-25,1484.94,1491.37,1483.7,1489.26,77798,96.51,1.44,1.85
2015-12-28,1484.18,1491.49,1478.98,1483.12,70264,96.15,1.32,1.73
2015-12-29,1485.78,1489.22,1479.67,1482.76,133063,99.7,1.59,1.88
2015-12-30,1472.56,1486.39,1467.84,1480.88,167177,98.24,1.27,1.95
2015-12-31,1479.08,1481.67,1466.7,1476.77,92090,99.31,1.6,4.72
2016-01-01,1473.93,1480.59,1467.2,1476.34,108218,101.77,1.49,4.85
2016-01-04,1478.85,1493.23,1476.76,1479.71,117184,97.06,1.67,4.97
2016-01-05,1474.1,1487.87,1472.3,1480.05,203130,98.93,1.7,5.03
2016-01-06,1478.08,1489.53,1472.55,1481.87,48560,95.33,1.44,4.87
2016-01-07,1495.07,1496.4,1486.86,1490.74,132944,101.52,1.61,4.79
2016-01-08,1489.67,1500.77,1487.7,1489.52,114761,101.36,1.4,4.93
2016-01-11,1490.21,1496.09,1486.25,1491.92,85106,99.51,1.84,4.87
2016-01-12,1489.4,1495.42,1485.9,1489.92,112475,98.92,1.42,4.69
2016-01-13,1488.52,1489.51,1484.89,1486.34,132764,97.37,1.46,4.84
2016-01-14,1485.95,1488.15,1473.83,1483.99,124649,95.17,1.4,4.81
2016-01-15,1481.8,1483.2,1477.86,1482.14,234075,99.44,1.33,4.91
2016-01-18,1489.77,1490.18,1476.89,1484.9,103880,100.55,2.02,4.79
2016-01-19,1500.68,1508.84,1489.29,1496.32,99783,103.62,1.63,4.82
2016-01-20,1495.19,1497.73,1482.76,1493.34,91810,97.61,1.53,4.87
2016-01-21,1492.01,1494.74,1490.73,1491.77,123154,99.28,1.39,4.99
2016-01-22,1494.8,1501.77,1487.15,1491.86,97457,101.39,1.79,4.91
2016-01-25,1496.22,1498.55,1482.4,1494.81,99238,101.44,1.37,5.29
2016-01-26,1501.21,1508.78,1494.44,1496.44,99422,97.01,1.54,4.7
2016-01-27,1506.96,1514.23,1498.01,1502.9,93541,97.82,2.06,5.03
2016-01-28,1487.29,1492.66,1486.16,1491.85,77383,97.29,1.27,4.88
2016-01-29,1476.23,1481.88,1470.44,1481.06,116686,96.43,1.64,4.68
2016-02-01,1476.71,1483.58,1473.61,1479.83,88078,102.37,1.58,4.83
2016-02-02,1489.69,1493.36,1481.74,1485.34,126180,98.81,1.64,4.66
2016-02-03,1471.42,1483.42,1469.73,1478.42,103187,98.52,1.43,4.9
2016-02-04,1466.59,1472.37,1459.19,1464.86,84572,99.43,1.36,4.84
2016-02-05,1469.47,1474.08,1464.22,1467.88,184597,98.92,1.56,4.78
2016-02-08,1475.21,1479.89,1469.99,1470.08,94757,98.22,1.39,4.72
2016-02-09,1466.21,1469.55,1464.42,1465.42,126643,96.9,0.92,5.03
2016-02-10,1455.37,1462.03,1455.3,1461.26,74608,102.75,1.3,4.86
2016-02-11,1452.99,1458.2,1450.48,1457.18,43905,97.44,1.42,4.91
2016-02-12,1452.9,1465.13,1452.88,1458.07,78684,96.53,1.23,4.91
2016-02-15,1453.91,1458.44,1451.05,1456.26,41983,98.67,1.54,4.89
2016-02-16,1458.11,1461.07,1457.37,1458.91,89792,104.25,1.31,4.83
2016-02-17,1441.17,1450.88,1438.75,1446.22,177630,96.9,1.49,5.1
2016-02-18,1449.07,1452.89,1437.87,1442.7,68726,100.75,2.04,5.21
2016-02-19,1432.25,1439.33,1428.79,1437.97,42513,98.4,1.81,5.09
2016-02-22,1443.66,1448.31,1433.63,1437.86,179890,99.63,1.65,4.87
2016-02-23,1440.9,1445.5,1432.55,1435.8,81622,101.34,1.95,4.86
2016-02-24,1443.67,1451.45,1432.37,1439.79,98096,94.7,1.48,5.03
2016-02-25,1428.77,1432.32,1424.62,1431.75,135308,96.82,1.48,4.76
2016-02-26,1433.8,1434.56,1426.16,1432.33,121694,101.33,1.23,5.12
2016-02-29,1430.4,1446.3,1427.89,1435.9,133279,99.28,1.81,4.98
2016-03-01,1448.65,1451.2,1442.44,1444.7,141516,99.49,1.98,4.82
2016-03-02,1442.56,1444.36,1438.63,1442.88,49097,100.76,1.72,4.91
2016-03-03,1442.96,1447.21,1434.39,1444.74,56064,96.74,1.85,4.96
2016-03-04,1431.65,1438.1,1426.08,1436.92,157702,101.66,0.81,4.8
2016-03-07,1416.57,1431.04,1408.84,1427.18,72207,101.15,2.08,5.01
2016-03-08,1426.9,1431.98,1426.6,1431.36,75428,99.66,1.47,5.05
2016-03-09,1436.48,1436.56,1426.28,1431.7,59567,100.24,2.08,4.82
2016-03-10,1435.67,1438.85,1431.21,1437.4,83953,101.93,1.92,4.79
2016-03-11,1430.84,1436.88,1428.93,1431.57,85842,97.58,1.68,4.84
2016-03-14,1437.79,1441.67,1434.19,1434.97,67847,100.69,1.4,4.68
2016-03-15,1451.64,1454.46,1443.23,1443.81,64780,103.33,1.53,4.6
2016-03-16,1451.85,1455.73,1444.35,1446.1,112135,100.56,1.01,4.79
2016-03-17,1443.52,1449.66,1443.44,1447.74,71462,98.38,1.72,4.71
2016-03-18,1439.72,1456.42,1439.47,1448.16,77456,104.73,0.85,5.12
2016-03-21,1452.27,1455.6,1439.07,1442.06,41170,99.56,1.41,4.78
2016-03-22,1458.47,1465.07,1439.48,1448.61,214331,102.43,1.87,4.92
2016-03-23,1447.02,1450.49,1439.73,1446.2,143879,97.9,1.67,4.75
2016-03-24,1443.36,1451.04,1439.21,1448.88,80989,101.6,1.1,5.11
2016-03-25,1446.31,1451.55,1440.37,1442.14,68896,97.62,1.15,4.82
2016-03-28,1437.37,1442.01,1433.56,1437.84,99146,99.83,1.34,4.66
2016-03-29,1444.24,1452.5,1436.12,1444.73,98065,97.45,1.5,4.94
2016-03-30,1447.4,1450.95,1433.6,1443.53,59255,103.73,1.7,4.88
2016-03-31,1451.98,1457.53,1446.45,1450.53,35588,98.37,1.63,5.02
2016-04-01,1445.39,1457.83,1440.25,1450.55,79983,96.15,1.22,4.82
2016-04-04,1441.81,1447.45,1438.59,1443.21,52820,99.21,1.64,4.85
2016-04-05,1450.52,1455.69,1445.33,1447.65,105720,100.28,1.66,4.61
2016-04-06,1447.55,1449.15,1441.85,1445.34,106004,98.89,1.6,4.96
2016-04-07,1450.04,1456.35,1445.2,1448.9,66883,96.9,2.1,4.84
2016-04-08,1453.45,1454.16,1447.35,1449.39,79711,101.52,1.66,4.81
2016-04-11,1441.85,1444.61,1434.75,1443.42,199828,102.12,1.72,4.8
2016-04-12,1445.32,1447.4,1442.99,1444.54,134598,94.85,1.95,4.79
2016-04-13,1440.22,1463.08,1429.65,1454.95,82380,96.69,1.69,4.96
2016-04-14,1455.63,1462.36,1445.2,1457.59,246911,98.47,1.34,4.69
2016-04-15,1461.05,1463.91,1454.87,1457.71,61158,97.54,1.79,4.94
2016-04-18,1462.01,1475.23,1461.21,1463.72,71319,100.13,1.38,4.58
2016-04-19,1463.03,1467.67,1461.25,1465.08,94447,103.41,1.23,4.54
2016-04-20,1461.84,1476.53,1459.99,1466.43,53508,97.84,1.25,5.03
2016-04-21,1466.17,1483.83,1461.54,1461.77,202020,102.77,1.78,4.67
2016-04-22,1465.64,1469.68,1460.65,1463.23,106219,95.15,1.63,4.84
2016-04-25,1472.72,1473.66,1467.86,1469.08,71971,99.92,1.74,4.78
2016-04-26,1458.01,1470.58,1456.17,1465.6,118079,97.32,1.63,4.87
2016-04-27,1471.87,1477.3,1464.83,1472.58,104654,99.94,1.52,4.83
2016-04-28,1471.3,1482.61,1468.59,1472.54,87390,94.36,1.55,4.97
2016-04-29,1467.57,1473.36,1462.88,1468.81,60875,95.56,1.62,4.6
2016-05-02,1471.78,1476.7,1471.6,1474.51,55576,99.92,1.32,4.91
2016-05-03,1472.03,1479.12,1470.26,1473.56,236740,97.17,1.15,4.8
2016-05-04,1481.24,1482.1,1475.8,1477.47,57463,97.9,1.35,4.58
2016-05-05,1468.03,1481.66,1461.81,1476.5,194694,103.31,1.61,4.73
2016-05-06,1484.48,1486.78,1475.2,1476.61,70410,99.06,1.31,4.57
2016-05-09,1482.13,1483.86,1473.93,1479.99,135403,100.95,2.0,4.56
2016-05-10,1481.54,1498.45,1475.1,1481.73,118916,96.78,1.58,4.74
2016-05-11,1476.84,1483.21,1465.73,1472.83,128819,95.39,1.5,4.98
2016-05-12,1461.62,1474.77,1459.17,1468.02,132297,98.58,1.32,4.85
2016-05-13,1469.77,1481.31,1465.41,1472.71,51811,95.02,1.7,5.0
2016-05-16,1472.63,1477.34,1463.1,1473.17,75317,97.0,1.16,4.81
2016-05-17,1477.15,1477.59,1466.33,1471.12,57112,99.35,1.55,5.03
2016-05-18,1465.02,1471.09,1462.84,1465.22,106480,98.53,1.36,5.02
2016-05-19,1462.6,1471.96,1458.13,1460.63,58143,99.68,1.5,4.66
2016-05-20,1449.17,1459.92,1447.8,1451.73,44693,100.41,1.59,4.81
2016-05-23,1454.45,1457.56,1448.31,1452.33,89770,95.92,1.18,4.69
2016-05-24,1457.27,1467.67,1447.22,1449.98,40797,96.57,1.05,4.77
2016-05-25,1450.26,1450.29,1444.07,1445.94,109479,93.51,1.23,5.04
2016-05-26,1445.66,1460.99,1445.22,1446.01,59691,98.03,1.68,4.7
2016-05-27,1450.98,1451.82,1442.13,1448.05,70528,100.78,1.56,4.61
2016-05-30,1461.22,1464.59,1453.37,1458.69,39649,102.58,1.36,4.62
2016-05-31,1454.35,1462.49,1448.94,1452.14,191002,99.38,1.95,4.73
2016-06-01,1462.7,1470.17,1455.0,1457.83,54986,102.3,1.78,5.35
2016-06-02,1467.54,1470.53,1456.09,1462.69,85340,99.78,1.72,5.01
2016-06-03,1458.93,1460.31,1456.3,1459.48,48209,99.12,1.28,4.36
2016-06-06,1464.3,1467.31,1460.62,1461.49,70666,97.31,1.72,4.78
2016-06-07,1458.08,1464.53,1455.87,1459.76,198934,92.88,1.54,4.69
2016-06-08,1456.95,1461.88,1455.22,1461.0,111189,101.9,1.28,4.93
2016-06-09,1467.15,1474.86,1454.92,1468.34,73905,98.65,1.43,4.6
2016-06-10,1471.19,1482.01,1465.89,1471.53,97375,102.23,1.2,4.63
2016-06-13,1467.61,1475.26,1461.91,1474.96,78887,96.36,1.28,4.69
2016-06-14,1477.15,1484.61,1467.27,1473.35,95133,104.82,1.17,4.67
2016-06-15,1454.68,1472.29,1451.75,1466.86,132925,98.17,1.7,4.87
2016-06-16,1478.22,1478.71,1462.9,1466.28,86470,97.07,1.44,4.73
2016-06-17,1478.88,1489.22,1471.92,1472.25,107796,98.22,1.22,4.93
2016-06-20,1465.1,1469.59,1462.2,1466.25,108510,99.22,1.58,4.65
2016-06-21,1461.81,1473.02,1460.94,1461.77,86642,98.66,1.45,4.9
2016-06-22,1464.06,1476.84,1461.17,1462.73,73543,97.54,1.72,4.6
2016-06-23,1456.0,1465.47,1445.58,1458.58,80011,94.35,1.49,4.86
2016-06-24,1456.17,1460.92,1450.25,1455.32,130571,96.87,1.09,4.69
2016-06-27,1453.82,1458.14,1450.58,1454.45,134991,101.57,1.33,4.9
2016-06-28,1448.17,1451.25,1446.52,1448.58,62622,96.73,1.16,4.4
2016-06-29,1445.3,1454.82,1443.04,1444.52,88929,94.67,1.59,4.65
2016-06-30,1442.39,1454.47,1441.82,1448.1,73045,96.3,1.72,4.94
2016-07-01,1442.7,1445.46,1436.35,1442.52,135941,98.76,1.06,4.73
2016-07-04,1437.04,1440.13,1420.13,1436.33,81757,97.13,1.42,4.51
2016-07-05,1434.41,1439.35,1430.43,1433.86,238081,98.35,1.74,4.65
2016-07-06,1436.61,1445.33,1426.6,1437.54,107705,97.02,1.06,4.82
2016-07-07,1441.93,1443.59,1430.15,1437.02,158387,101.55,1.34,4.64
2016-07-08,1433.77,1437.5,1419.98,1435.3,65785,100.26,1.45,4.93
2016-07-11,1437.53,1449.67,1433.11,1436.55,99179,104.57,1.71,4.92
2016-07-12,1434.6,1437.6,1423.6,1429.04,126306,98.13,1.58,4.85
2016-07-13,1431.3,1436.94,1430.84,1431.64,65295,98.35,1.63,4.91
2016-07-14,1434.67,1442.44,1429.4,1433.75,99522,102.01,1.6,4.67
2016-07-15,1431.86,1436.0,1421.74,1432.27,150353,100.04,1.35,4.97
2016-07-18,1443.21,1450.42,1431.9,1437.87,86596,96.66,1.86,4.91
2016-07-19,1432.04,1436.02,1427.34,1433.14,70213,100.45,1.28,4.73
2016-07-20,1444.16,1447.31,1435.56,1438.62,203045,100.0,0.75,4.5
2016-07-21,1439.25,1441.26,1436.34,1439.7,61777,94.52,0.99,4.39
2016-07-22,1434.84,1442.12,1433.02,1438.55,105067,97.38,1.41,4.89
2016-07-25,1442.44,1447.18,1439.02,1439.51,74361,99.48,1.36,4.5
2016-07-26,1438.08,1440.93,1430.24,1439.4,67864,102.62,1.31,4.6
2016-07-27,1448.01,1450.85,1444.74,1445.32,132808,100.7,1.48,4.81
2016-07-28,1429.0,1444.68,1423.51,1440.8,90924,97.58,1.74,4.55
2016-07-29,1437.74,1439.32,1434.65,1437.72,116117,97.25,1.55,5.1
2016-08-01,1441.48,1445.36,1433.9,1443.47,40052,100.97,1.6,4.77
2016-08-02,1436.54,1441.42,1431.53,1441.14,120722,92.93,1.17,4.96
2016-08-03,1443.21,1448.29,1443.17,1445.61,73995,96.94,1.31,4.89
2016-08-04,1451.25,1456.02,1442.33,1453.75,46558,102.42,1.61,4.35
2016-08-05,1452.08,1454.4,1448.12,1452.29,209797,99.65,1.47,4.84
2016-08-08,1450.5,1461.41,1444.38,1456.47,125543,96.98,1.56,4.73
2016-08-09,1452.95,1454.24,1440.1,1451.57,108110,95.91,1.59,4.72
2016-08-10,1461.37,1465.2,1454.41,1455.4,162716,100.98,1.48,4.73
2016-08-11,1457.92,1466.49,1453.63,1456.7,108991,99.07,1.83,4.89
2016-08-12,1462.79,1468.54,1454.74,1459.25,71722,98.3,1.3,4.97
2016-08-15,1462.13,1462.21,1449.74,1457.35,92043,99.8,1.23,4.55
2016-08-16,1455.5,1456.73,1442.72,1450.12,75256,99.33,0.99,4.74
2016-08-17,1460.95,1467.06,1444.38,1452.8,80810,99.12,1.62,4.93
2016-08-18,1441.6,1446.52,1441.41,1443.76,59689,95.66,1.29,4.69
2016-08-19,1439.59,1450.63,1433.61,1442.7,66969,96.41,1.75,4.75
2016-08-22,1451.44,1451.85,1447.76,1448.04,141186,100.81,1.5,4.75
2016-08-23,1452.37,1454.16,1444.17,1449.29,112738,100.33,1.35,5.04
2016-08-24,1461.99,1463.53,1452.04,1458.59,80724,99.81,1.17,4.83
2016-08-25,1471.99,1480.67,1454.13,1463.69,65433,97.35,1.64,5.03
2016-08-26,1461.11,1475.64,1455.1,1461.06,83938,100.75,1.42,4.98
2016-08-29,1464.13,1470.69,1456.18,1462.26,50335,97.9,1.5,4.68
2016-08-30,1458.12,1467.05,1457.88,1462.42,103844,102.08,1.58,4.76
2016-08-31,1464.85,1467.53,1449.96,1455.53,144089,97.01,1.5,5.02
2016-09-01,1450.14,1470.97,1443.56,1451.6,254432,97.6,1.22,4.54
2016-09-02,1448.08,1456.86,1446.76,1449.42,63493,98.55,1.56,4.82
2016-09-05,1439.7,1447.12,1436.3,1441.2,141707,101.11,1.63,4.82
2016-09-06,1439.0,1444.72,1434.97,1441.79,74392,98.9,1.52,4.66
2016-09-07,1437.89,1442.02,1433.3,1441.04,62856,99.09,1.59,4.65
2016-09-08,1431.59,1436.18,1427.17,1433.84,62845,98.07,1.61,4.67
2016-09-09,1430.16,1439.71,1429.25,1436.04,104432,99.7,1.33,4.81
2016-09-12,1436.94,1445.48,1431.55,1440.33,68028,98.82,1.32,4.92
2016-09-13,1450.17,1454.9,1441.37,1441.74,77440,97.03,1.98,4.81
2016-09-14,1443.82,1445.28,1429.48,1440.64,82771,99.31,1.76,4.51
2016-09-15,1447.72,1450.13,1440.48,1443.71,73424,99.35,1.41,4.92
2016-09-16,1452.29,1458.63,1445.23,1447.18,71322,104.82,1.6,4.88
2016-09-19,1457.62,1462.0,1439.37,1449.64,37359,97.4,1.19,4.66
2016-09-20,1438.57,1451.44,1423.78,1446.26,102209,96.85,1.27,4.6
2016-09-21,1442.55,1452.74,1429.05,1447.9,101424,99.64,1.11,4.56
2016-09-22,1450.23,1457.95,1442.53,1453.74,71758,96.41,1.49,4.85
2016-09-23,1449.34,1454.37,1448.9,1451.39,114022,96.23,1.5,4.41
2016-09-26,1460.76,1467.4,1457.65,1462.08,172605,95.24,1.69,4.85
2016-09-27,1458.08,1466.82,1452.57,1460.04,99651,96.91,1.37,4.62
2016-09-28,1461.53,1467.83,1458.21,1460.57,168064,96.97,1.69,4.73
2016-09-29,1458.01,1459.53,1456.29,1457.86,241651,95.65,1.58,4.17
2016-09-30,1456.1,1469.09,1455.95,1459.26,271633,98.23,2.04,4.42
2016-10-03,1442.86,1461.18,1440.14,1452.34,61371,92.99,1.84,4.58
2016-10-04,1445.9,1460.45,1444.2,1450.22,61498,100.15,1.79,4.55
2016-10-05,1443.23,1447.71,1438.77,1445.62,82638,97.57,1.63,4.79
2016-10-06,1445.54,1448.81,1444.47,1446.61,103931,97.93,1.2,4.73
2016-10-07,1446.61,1452.66,1443.94,1451.53,186215,100.38,1.49,4.97
2016-10-10,1453.4,1459.6,1451.41,1455.55,126867,99.81,1.98,4.75
2016-10-11,1440.19,1445.51,1426.95,1445.09,61003,97.39,1.54,4.58
2016-10-12,1454.24,1459.09,1452.6,1454.79,77291,100.02,1.21,4.86
2016-10-13,1451.84,1460.61,1444.82,1456.53,97071,102.74,1.5,4.6
2016-10-14,1449.65,1456.18,1445.99,1453.35,54411,96.37,1.17,4.6
2016-10-17,1449.42,1460.38,1448.89,1455.13,99256,100.77,1.2,4.67
2016-10-18,1455.65,1460.79,1455.03,1456.32,61366,96.09,1.52,4.91
2016-10-19,1449.86,1461.62,1445.8,1453.64,51006,101.83,1.6,4.83
2016-10-20,1458.88,1461.82,1449.53,1454.93,67589,97.11,1.22,4.82
2016-10-21,1454.29,1461.92,1450.38,1452.52,116355,97.03,1.27,4.96
2016-10-24,1451.43,1456.65,1449.88,1451.73,116034,101.78,1.06,4.81
2016-10-25,1445.51,1453.22,1444.44,1448.98,102607,100.74,1.38,4.48
2016-10-26,1444.48,1445.6,1437.47,1442.83,146773,97.28,0.93,4.74
2016-10-27,1446.86,1449.01,1440.43,1443.87,140678,99.29,1.34,4.91
2016-10-28,1447.53,1460.43,1442.84,1446.91,107125,97.17,1.43,4.43
2016-10-31,1457.29,1458.24,1449.66,1450.32,101372,94.94,0.97,4.66
2016-11-01,1456.45,1458.4,1448.22,1454.45,103965,99.36,1.16,4.5
2016-11-02,1460.3,1465.82,1453.24,1456.31,93054,97.98,1.4,4.68
2016-11-03,1454.83,1460.21,1453.9,1454.25,41367,96.53,1.36,4.83
2016-11-04,1461.44,1462.8,1454.47,1458.48,155467,102.12,1.37,4.86
2016-11-07,1449.85,1454.26,1440.66,1453.32,115729,96.62,1.48,4.63
2016-11-08,1447.59,1461.32,1444.32,1449.58,60686,99.29,0.99,4.75
2016-11-09,1447.08,1447.65,1443.23,1445.56,174752,101.66,1.59,4.43
2016-11-10,1452.35,1454.92,1450.38,1450.87,77964,98.28,1.33,4.39
2016-11-11,1457.78,1461.54,1447.98,1455.56,94550,97.04,1.26,4.82
2016-11-14,1463.68,1473.79,1457.59,1458.86,148661,99.6,0.94,4.19
2016-11-15,1457.92,1468.99,1456.11,1464.18,107802,99.95,1.34,4.54
2016-11-16,1456.24,1474.23,1450.19,1460.51,168408,101.03,1.53,4.75
2016-11-17,1463.5,1463.53,1461.8,1462.49,85747,103.5,1.44,4.68
2016-11-18,1459.12,1463.5,1455.96,1462.3,194166,97.68,1.45,4.22
2016-11-21,1482.14,1495.42,1464.37,1467.28,72321,99.28,1.32,4.72
2016-11-22,1469.4,1480.16,1461.93,1467.13,167217,95.62,1.39,4.51
2016-11-23,1465.39,1471.01,1464.86,1465.73,39893,100.47,1.13,4.66
2016-11-24,1466.34,1469.41,1461.6,1468.61,63571,99.24,1.4,4.54
2016-11-25,1470.93,1474.22,1467.4,1473.05,111211,98.3,1.28,4.53
2016-11-28,1471.16,1474.4,1469.28,1471.03,84105,97.22,1.12,4.36
2016-11-29,1471.63,1472.1,1469.75,1471.13,95807,97.89,1.59,4.58
2016-11-30,1464.61,1474.01,1462.16,1466.62,100374,99.39,1.01,4.82
2016-12-01,1454.31,1457.58,1452.74,1455.5,61306,96.47,1.53,4.57
2016-12-02,1462.67,1476.26,1448.33,1456.8,63172,98.1,1.55,4.57
2016-12-05,1466.73,1466.88,1452.47,1460.66,108320,98.88,1.27,4.52
2016-12-06,1463.36,1466.87,1458.23,1462.25,75619,94.98,1.66,4.43
2016-12-07,1447.83,1459.59,1444.06,1453.68,168790,96.27,1.26,4.48
2016-12-08,1454.8,1465.01,1443.18,1452.45,91420,97.25,1.25,4.66
2016-12-09,1449.44,1451.36,1439.28,1442.71,131597,102.9,1.1,4.99
2016-12-12,1455.97,1464.07,1448.07,1450.01,117846,96.85,1.4,4.77
2016-12-13,1448.62,1450.45,1434.27,1445.43,77616,98.82,1.16,4.71
2016-12-14,1457.73,1463.37,1446.37,1451.54,44706,96.31,1.2,4.92
2016-12-15,1456.48,1466.65,1447.78,1456.25,158573,96.93,1.38,4.69
2016-12-16,1455.24,1458.27,1440.52,1452.5,66731,95.3,1.39,4.78
2016-12-19,1445.43,1448.41,1439.38,1448.39,83993,100.61,1.71,4.65
2016-12-20,1451.64,1455.63,1449.68,1450.36,92935,95.61,1.63,4.68
2016-12-21,1452.66,1454.25,1439.23,1446.89,96721,101.21,1.53,4.4
2016-12-22,1445.17,1448.13,1443.71,1447.73,145042,100.11,1.36,4.57
2016-12-23,1442.17,1453.58,1438.9,1445.91,98946,98.77,1.3,4.53
2016-12-26,1439.29,1440.85,1428.13,1438.87,93812,101.36,1.39,4.52
2016-12-27,1428.2,1432.73,1421.73,1429.17,148357,106.84,1.26,4.51
2016-12-28,1433.35,1434.05,1430.45,1430.56,125525,100.27,1.22,4.82
2016-12-29,1426.47,1433.56,1422.3,1428.41,73553,96.29,1.38,4.55
2016-12-30,1433.65,1435.85,1424.67,1426.29,62388,102.83,1.17,4.59
2017-01-02,1424.6,1435.15,1423.73,1430.13,71006,99.54,1.19,4.94
2017-01-03,1441.2,1448.81,1434.84,1435.8,96791,104.31,1.63,4.72
2017-01-04,1431.65,1435.85,1430.41,1434.94,59968,97.78,1.05,4.6
2017-01-05,1426.05,1436.78,1416.8,1433.78,102365,102.25,1.13,4.76
2017-01-06,1437.44,1439.37,1435.65,1436.41,93743,99.03,1.71,4.5
2017-01-09,1430.24,1435.44,1420.97,1431.33,35703,105.71,1.29,4.54
2017-01-10,1427.94,1436.24,1424.72,1432.71,56248,98.35,1.74,4.54
2017-01-11,1428.34,1441.63,1426.33,1435.58,31122,106.54,1.1,4.63
2017-01-12,1439.0,1439.89,1438.35,1439.03,86028,100.11,1.41,4.67
2017-01-13,1434.84,1438.87,1425.08,1430.65,151691,101.19,1.58,4.45
2017-01-16,1430.78,1430.88,1427.62,1428.27,46338,103.34,1.16,4.65
2017-01-17,1424.94,1432.8,1419.38,1424.69,58167,97.15,1.81,4.68
2017-01-18,1427.56,1429.24,1420.01,1425.51,92457,101.54,1.29,4.52
2017-01-19,1427.93,1431.43,1425.52,1428.05,64505,98.36,1.52,4.57
2017-01-20,1429.01,1439.49,1423.83,1435.17,64378,99.42,1.22,4.42
2017-01-23,1427.87,1439.87,1427.51,1433.98,122594,99.26,1.76,4.36
2017-01-24,1431.24,1445.39,1425.18,1432.11,80986,100.49,1.46,4.41
2017-01-25,1436.99,1442.23,1435.24,1437.68,54464,100.34,1.91,4.69
2017-01-26,1443.07,1449.89,1435.24,1439.4,42826,97.57,1.68,4.66
2017-01-27,1448.82,1449.84,1437.38,1445.53,238795,99.27,1.6,4.87
2017-01-30,1450.53,1455.61,1444.73,1447.91,155022,93.1,1.15,4.59
2017-01-31,1441.8,1443.54,1435.93,1443.01,82400,101.45,1.41,4.59
2017-02-01,1431.39,1443.4,1418.41,1437.34,102246,103.26,1.31,4.63
2017-02-02,1432.48,1433.1,1428.81,1430.71,81193,99.55,1.39,4.42
2017-02-03,1436.33,1439.76,1429.24,1434.07,121077,95.03,1.42,4.71
2017-02-06,1430.18,1442.84,1420.45,1440.5,70144,100.85,1.16,4.63
2017-02-07,1445.67,1452.81,1437.2,1449.29,79437,97.02,1.35,4.43
2017-02-08,1450.51,1460.3,1443.51,1453.53,118439,99.35,1.36,4.63
2017-02-09,1459.76,1461.16,1449.64,1459.24,176582,100.57,1.13,4.69
2017-02-10,1453.44,1457.12,1441.72,1456.96,132795,100.24,1.58,4.37
2017-02-13,1452.55,1457.54,1449.77,1452.72,161710,101.6,1.44,4.73
2017-02-14,1456.07,1461.98,1452.48,1456.99,87119,99.23,1.59,4.5
2017-02-15,1458.6,1464.87,1456.69,1459.29,76941,99.28,1.5,4.11
2017-02-16,1457.03,1461.72,1454.17,1460.17,45462,100.69,0.95,4.71
2017-02-17,1459.53,1465.21,1455.63,1462.33,101608,98.65,1.17,4.77
2017-02-20,1460.14,1469.6,1456.55,1464.89,114877,97.09,1.79,4.39
2017-02-21,1472.89,1483.67,1469.93,1471.21,87552,99.89,1.58,4.31
2017-02-22,1480.14,1493.0,1472.81,1477.61,72353,95.89,0.98,4.76
2017-02-23,1477.11,1482.62,1466.74,1480.53,162325,98.49,1.5,4.47
2017-02-24,1491.64,1492.19,1481.67,1484.87,127099,95.21,1.17,4.76
2017-02-27,1486.96,1489.48,1486.16,1488.36,166896,97.24,0.86,4.29
2017-02-28,1493.41,1500.03,1483.52,1486.59,67411,97.36,1.79,4.77
2017-03-01,1487.65,1498.31,1481.64,1490.52,74362,96.15,1.4,4.72
2017-03-02,1475.35,1494.93,1468.8,1484.38,159734,101.41,1.43,4.63
2017-03-03,1491.5,1494.34,1488.79,1489.7,96863,101.16,1.06,4.25
2017-03-06,1486.3,1494.07,1478.35,1485.19,78618,101.94,1.09,4.5
2017-03-07,1487.07,1497.53,1484.96,1486.92,80837,98.17,0.98,4.7
2017-03-08,1480.49,1485.96,1476.65,1483.35,98279,97.58,1.73,4.3
2017-03-09,1486.17,1491.22,1483.67,1486.32,147440,100.65,0.97,4.47
2017-03-10,1484.27,1487.99,1483.82,1486.55,92576,98.96,1.78,4.61
2017-03-13,1478.84,1481.9,1471.71,1480.18,135430,99.0,1.13,4.37
2017-03-14,1486.28,1489.4,1471.76,1482.53,119008,92.31,1.07,4.74
2017-03-15,1481.04,1487.21,1476.51,1480.22,69470,100.58,1.36,4.71
2017-03-16,1487.44,1494.27,1479.22,1484.72,69449,100.22,1.2,4.58
2017-03-17,1484.08,1496.04,1479.09,1485.12,82445,98.64,1.4,4.61
2017-03-20,1486.53,1497.61,1479.04,1488.05,57830,100.67,1.15,4.46
2017-03-21,1478.82,1489.16,1472.9,1483.96,80365,100.17,1.3,4.63
2017-03-22,1479.95,1482.03,1478.16,1481.59,180840,96.94,1.18,4.45
2017-03-23,1465.1,1489.97,1460.02,1479.84,97484,98.14,1.59,4.51
2017-03-24,1481.6,1491.55,1471.37,1484.23,72650,96.14,1.5,4.46
2017-03-27,1492.81,1495.19,1491.62,1493.18,212415,102.25,1.43,4.75
2017-03-28,1492.3,1497.17,1484.48,1489.79,68033,101.06,1.64,4.71
2017-03-29,1494.03,1513.16,1490.96,1495.24,67187,96.54,1.44,4.38
2017-03-30,1486.99,1487.62,1483.87,1485.44,161424,100.2,1.42,4.73
2017-03-31,1470.57,1483.99,1470.33,1480.25,128608,99.39,1.34,4.41
2017-04-03,1476.61,1477.88,1469.3,1476.86,93711,97.0,1.19,4.8
2017-04-04,1463.56,1472.42,1458.73,1470.97,137690,99.07,1.19,4.76
2017-04-05,1458.72,1467.1,1448.65,1464.03,111328,100.96,1.41,4.85
2017-04-06,1465.49,1468.91,1457.95,1466.32,61421,101.15,1.62,4.57
2017-04-07,1471.32,1478.71,1461.13,1465.71,37834,104.63,1.51,4.48
2017-04-10,1470.17,1474.09,1460.28,1468.54,78673,99.02,1.51,4.47
2017-04-11,1472.2,1476.66,1470.26,1472.12,152355,98.16,1.09,4.57
2017-04-12,1473.65,1484.08,1473.1,1473.73,83167,100.15,1.5,4.37
2017-04-13,1474.01,1482.51,1471.14,1477.18,118662,98.26,1.27,4.16
2017-04-14,1474.83,1489.13,1473.76,1477.24,106275,97.25,1.41,4.46
2017-04-17,1474.69,1484.9,1464.63,1472.8,50141,96.43,1.51,4.52
2017-04-18,1471.96,1481.05,1466.14,1478.1,83905,90.14,1.08,4.6
2017-04-19,1478.37,1480.07,1472.8,1475.75,113954,100.56,1.41,4.57
2017-04-20,1470.07,1479.59,1469.9,1471.79,72051,94.66,1.43,4.53
2017-04-21,1474.99,1475.33,1467.28,1471.34,85390,96.56,1.62,4.68
2017-04-24,1472.43,1473.88,1460.42,1468.19,115462,99.51,1.24,4.38
2017-04-25,1459.28,1470.05,1452.16,1466.65,101625,97.99,1.35,4.41
2017-04-26,1466.06,1473.73,1463.94,1468.62,150056,104.15,1.41,4.82
2017-04-27,1466.84,1471.43,1463.87,1470.61,115089,94.99,1.24,4.03
2017-04-28,1458.87,1473.88,1455.28,1466.84,67350,104.39,1.23,4.67
2017-05-01,1461.12,1466.15,1460.84,1465.66,81550,102.25,1.22,4.59
2017-05-02,1481.79,1482.56,1470.38,1471.01,99520,101.03,1.33,4.5
2017-05-03,1476.39,1481.14,1462.83,1473.7,168613,102.34,1.8,4.63
2017-05-04,1492.28,1493.27,1478.62,1483.75,81682,99.68,1.34,4.61
2017-05-05,1493.37,1494.32,1488.37,1489.66,49363,94.36,1.49,4.28
2017-05-08,1492.81,1503.17,1492.12,1496.14,117739,99.86,1.37,4.35
2017-05-09,1488.29,1499.57,1483.84,1490.0,72966,94.92,1.29,4.42
2017-05-10,1496.61,1497.07,1488.56,1493.98,59034,97.27,1.36,4.17
2017-05-11,1496.08,1500.63,1485.16,1494.12,99461,98.39,1.55,4.49
2017-05-12,1489.33,1497.1,1478.77,1491.91,145676,96.32,1.35,4.59
2017-05-15,1487.03,1498.3,1480.76,1493.79,78468,100.95,1.32,4.66
2017-05-16,1513.42,1516.5,1489.76,1498.64,120406,98.02,1.3,4.5
2017-05-17,1500.76,1505.62,1496.92,1501.4,129672,99.55,1.11,4.37
2017-05-18,1496.18,1502.94,1494.23,1497.64,135498,98.54,1.62,4.52
2017-05-19,1502.05,1511.24,1494.05,1501.54,73650,98.85,1.25,4.47
2017-05-22,1498.53,1510.03,1495.85,1499.62,63042,96.33,1.73,4.6
2017-05-23,1501.59,1509.25,1499.64,1501.03,66575,95.6,1.42,4.47
2017-05-24,1505.78,1505.98,1498.64,1499.99,135454,98.16,1.71,4.61
2017-05-25,1498.79,1503.4,1496.0,1499.35,128921,96.13,1.31,4.44
2017-05-26,1498.12,1521.26,1495.09,1503.36,67315,102.0,1.18,4.67
2017-05-29,1498.81,1507.47,1485.65,1499.54,231667,95.1,1.62,4.5
2017-05-30,1507.05,1509.94,1505.87,1509.15,64180,104.32,1.22,4.39
2017-05-31,1507.32,1516.77,1499.92,1500.91,147235,99.29,1.68,4.42
2017-06-01,1503.74,1504.35,1491.06,1498.48,181292,98.73,1.5,4.58
2017-06-02,1501.1,1507.66,1500.3,1500.62,103146,97.19,1.72,4.28
2017-06-05,1498.71,1508.09,1487.54,1504.48,72555,100.15,1.11,4.45
2017-06-06,1498.86,1511.01,1492.96,1504.4,73192,98.0,1.6,4.63
2017-06-07,1504.58,1512.81,1501.24,1504.52,88890,99.26,1.17,4.55
2017-06-08,1508.38,1510.87,1506.67,1506.86,152108,100.6,0.76,4.29
2017-06-09,1504.46,1511.72,1496.66,1506.15,61086,100.17,1.58,4.51
2017-06-12,1511.7,1524.28,1505.84,1513.88,47310,101.54,1.35,4.26
2017-06-13,1515.58,1522.17,1514.68,1518.28,114099,99.75,1.6,4.49
2017-06-14,1522.76,1540.2,1519.74,1522.86,124572,95.99,1.38,4.67
2017-06-15,1507.77,1521.47,1501.47,1518.63,216899,93.2,1.36,4.47
2017-06-16,1513.63,1523.05,1510.66,1518.65,56787,98.93,1.73,4.29
2017-06-19,1515.46,1519.19,1514.96,1518.32,93533,98.97,1.38,4.43
2017-06-20,1519.39,1527.77,1504.42,1513.91,157115,103.25,1.23,4.49
2017-06-21,1512.32,1518.24,1499.77,1516.02,103605,98.13,1.33,4.62
2017-06-22,1514.67,1515.43,1510.4,1513.85,91292,99.37,1.39,4.62
2017-06-23,1518.41,1519.0,1507.74,1517.38,135396,100.36,0.64,4.29
2017-06-26,1519.27,1519.51,1502.06,1513.38,77671,99.73,1.47,4.4
2017-06-27,1527.75,1531.74,1515.12,1521.99,138768,100.49,1.69,4.51
2017-06-28,1517.83,1518.93,1517.24,1518.09,59788,96.36,1.34,4.36
2017-06-29,1517.37,1520.63,1515.76,1519.54,53756,95.96,1.25,4.52
2017-06-30,1520.7,1523.78,1519.55,1523.73,88482,97.66,1.45,4.25
2017-07-03,1521.01,1527.85,1514.08,1522.11,35407,92.94,1.79,4.48
2017-07-04,1524.61,1537.35,1522.1,1526.6,102117,98.25,1.47,4.6
2017-07-05,1523.62,1528.74,1520.3,1521.09,49363,96.74,1.4,4.45
2017-07-06,1530.39,1532.79,1523.84,1528.47,110521,99.14,1.25,4.47
2017-07-07,1531.65,1536.7,1525.22,1528.93,106317,97.66,1.08,4.57
2017-07-10,1532.95,1534.1,1519.68,1527.18,96068,95.8,1.35,4.37
2017-07-11,1534.67,1537.97,1523.66,1526.14,117543,101.62,1.36,4.53
2017-07-12,1531.0,1532.47,1528.96,1530.43,107117,98.52,0.87,4.43
2017-07-13,1533.05,1539.82,1525.37,1528.01,87798,100.49,1.17,4.3
2017-07-14,1523.2,1540.21,1522.86,1524.81,205335,98.82,1.64,4.57
2017-07-17,1530.28,1533.29,1524.38,1524.86,115534,99.52,1.28,4.64
2017-07-18,1524.45,1527.26,1518.21,1519.61,134425,94.99,0.73,4.61
2017-07-19,1533.37,1536.2,1522.98,1528.75,151635,101.52,1.75,4.57
2017-07-20,1526.85,1532.33,1522.8,1526.42,128960,100.54,1.12,4.51
2017-07-21,1527.76,1538.15,1521.92,1530.82,225287,98.27,1.23,4.48
2017-07-24,1526.54,1538.55,1521.36,1532.95,105493,99.02,1.61,4.41
2017-07-25,1528.42,1532.08,1525.31,1528.61,98441,100.84,1.16,4.33
2017-07-26,1536.01,1540.88,1524.98,1528.98,76127,97.4,0.85,4.11
2017-07-27,1531.73,1537.73,1527.62,1533.16,89097,94.34,1.4,4.19
2017-07-28,1536.26,1540.06,1528.49,1532.65,73681,97.42,1.54,4.42
2017-07-31,1543.44,1548.09,1535.78,1539.54,129428,98.63,1.23,4.23
2017-08-01,1543.59,1549.65,1537.77,1544.91,68533,98.13,1.31,4.48
2017-08-02,1555.91,1564.91,1546.81,1549.79,101672,101.47,1.05,4.68
2017-08-03,1534.44,1549.95,1534.28,1547.95,123478,95.79,1.1,3.93
2017-08-04,1537.44,1546.19,1528.92,1543.1,104833,96.14,1.26,4.27
2017-08-07,1537.01,1554.18,1534.34,1541.24,68984,95.59,1.51,4.74
2017-08-08,1538.8,1546.95,1525.37,1542.6,130558,99.3,1.37,4.54
2017-08-09,1547.21,1547.64,1544.4,1545.65,95402,94.39,1.6,4.39
2017-08-10,1536.85,1543.33,1521.39,1535.52,31285,100.14,1.76,4.33
2017-08-11,1537.69,1543.54,1527.01,1535.88,66613,95.94,1.56,4.5
2017-08-14,1540.52,1542.54,1533.15,1537.77,172897,96.33,0.94,4.55
2017-08-15,1532.44,1540.0,1516.91,1536.82,178747,102.69,1.27,4.22
2017-08-16,1537.85,1544.93,1537.85,1543.49,121837,101.3,1.56,4.63
2017-08-17,1547.78,1556.75,1542.04,1545.94,135080,98.5,1.31,4.46
2017-08-18,1549.81,1554.48,1544.61,1552.74,72307,94.88,0.94,4.54
2017-08-21,1545.5,1553.3,1540.56,1552.82,88960,103.19,1.2,4.55
2017-08-22,1562.36,1565.02,1551.34,1557.82,161804,97.63,0.77,4.45
2017-08-23,1572.83,1577.26,1562.93,1566.27,117051,98.67,1.27,4.47
2017-08-24,1580.51,1581.5,1572.13,1573.17,101313,100.29,1.17,4.48
2017-08-25,1569.05,1575.35,1565.45,1568.17,91608,93.13,1.25,4.34
2017-08-28,1571.01,1577.1,1560.94,1568.06,157911,96.44,1.64,4.49
2017-08-29,1573.21,1585.78,1556.93,1566.77,154633,97.88,1.01,4.35
2017-08-30,1566.57,1574.81,1566.27,1569.59,128010,98.36,1.16,4.39
2017-08-31,1578.64,1583.66,1566.56,1573.4,101367,94.75,1.05,4.63
2017-09-01,1570.95,1579.27,1563.1,1569.66,85587,98.85,1.61,4.39
2017-09-04,1575.45,1579.77,1565.06,1571.14,130249,98.1,1.62,4.45
2017-09-05,1562.45,1565.92,1553.99,1561.58,63528,102.26,1.43,4.36
2017-09-06,1575.2,1576.0,1565.94,1569.1,69021,100.54,1.42,4.33
2017-09-07,1568.03,1572.89,1560.45,1566.98,55246,97.38,1.04,4.68
2017-09-08,1560.68,1569.46,1557.88,1567.66,161796,97.56,1.39,4.17
2017-09-11,1574.11,1585.47,1560.87,1567.28,73993,100.58,1.06,4.39
2017-09-12,1568.88,1573.98,1558.8,1573.36,116029,98.71,1.35,4.2
2017-09-13,1565.63,1574.04,1554.69,1559.76,93880,94.67,1.25,4.57
2017-09-14,1559.67,1565.54,1559.22,1560.09,314586,103.33,1.19,4.37
2017-09-15,1565.48,1570.08,1552.08,1559.97,117802,95.63,1.34,4.31
2017-09-18,1564.19,1576.78,1549.02,1558.89,46870,104.31,1.51,4.1
2017-09-19,1569.82,1575.65,1563.09,1567.79,157972,99.11,1.78,4.61
2017-09-20,1566.21,1567.01,1562.25,1563.83,84553,96.48,1.47,4.17
2017-09-21,1570.03,1572.82,1554.02,1568.04,91092,92.13,1.9,4.45
2017-09-22,1560.72,1579.52,1554.04,1570.21,75432,99.97,1.39,4.51
2017-09-25,1578.17,1578.21,1566.84,1577.61,106750,94.1,1.78,4.7
2017-09-26,1569.44,1574.92,1560.37,1574.71,106192,98.89,1.44,4.29
2017-09-27,1572.3,1580.49,1565.79,1571.49,76252,102.85,1.39,4.24
2017-09-28,1571.93,1586.63,1568.19,1577.34,80558,95.13,1.29,4.3
2017-09-29,1574.25,1582.94,1573.25,1579.86,102797,99.8,1.41,4.28
2017-10-02,1580.92,1586.43,1568.54,1573.34,38673,95.98,1.44,4.08
2017-10-03,1576.12,1577.32,1570.09,1571.08,55459,100.85,0.98,4.61
2017-10-04,1573.39,1580.65,1572.1,1573.4,192527,98.17,1.51,4.3
2017-10-05,1578.85,1579.39,1574.6,1577.97,112547,97.92,0.96,4.34
2017-10-06,1573.84,1575.35,1571.13,1575.01,80020,101.01,1.51,4.45
2017-10-09,1564.43,1570.17,1560.72,1561.76,50089,99.65,1.48,4.56
2017-10-10,1561.57,1574.51,1560.06,1564.74,96516,96.05,1.69,4.18
2017-10-11,1563.79,1575.4,1553.73,1559.15,146396,102.57,1.12,4.41
2017-10-12,1548.5,1556.69,1543.59,1549.67,283702,94.34,1.09,4.17
2017-10-13,1534.38,1544.87,1515.84,1536.31,210411,98.96,1.61,4.4
2017-10-16,1541.48,1542.44,1537.19,1541.38,69232,96.18,1.06,4.39
2017-10-17,1539.67,1543.02,1533.96,1542.41,80957,94.51,1.04,4.28
2017-10-18,1543.23,1544.92,1540.48,1541.71,54797,95.4,1.38,4.38
2017-10-19,1546.38,1551.41,1544.72,1548.88,70497,98.06,1.32,4.39
2017-10-20,1554.58,1556.95,1548.89,1552.39,90659,99.03,1.37,4.33
2017-10-23,1567.15,1572.28,1558.33,1561.46,85233,100.74,1.46,4.31
2017-10-24,1551.67,1557.53,1546.38,1555.03,224543,101.83,1.47,4.14
2017-10-25,1554.65,1556.01,1554.3,1555.26,58329,98.83,1.31,4.18
2017-10-26,1549.91,1550.88,1532.34,1547.77,96951,97.08,1.34,4.25
2017-10-27,1545.03,1552.85,1535.37,1547.05,43244,100.79,1.31,4.19
2017-10-30,1549.13,1552.0,1545.96,1546.97,112685,96.66,1.34,4.25
2017-10-31,1553.01,1553.47,1543.15,1550.43,57717,94.18,0.98,4.33
2017-11-01,1556.1,1556.32,1545.6,1551.06,153437,100.51,1.52,4.35
2017-11-02,1551.69,1556.66,1541.87,1554.51,87867,101.45,1.59,4.42
2017-11-03,1553.96,1561.29,1545.67,1558.37,56342,96.06,1.49,4.36
2017-11-06,1568.68,1575.29,1564.71,1570.13,42570,102.93,1.47,4.35
2017-11-07,1564.42,1575.73,1562.76,1568.98,66739,99.49,1.08,4.41
2017-11-08,1567.39,1569.97,1561.01,1564.74,108635,99.15,0.97,4.19
2017-11-09,1560.9,1570.19,1557.25,1566.36,116845,96.76,1.54,4.2
2017-11-10,1573.76,1580.89,1561.69,1562.82,80872,100.62,1.33,4.27
2017-11-13,1577.39,1587.31,1569.75,1571.28,142959,94.21,1.37,4.22
2017-11-14,1570.34,1570.74,1560.94,1570.28,62674,97.18,1.38,4.06
2017-11-15,1571.98,1582.65,1563.6,1567.9,30612,96.21,1.39,4.41
2017-11-16,1558.29,1574.12,1556.27,1565.98,110527,94.79,1.49,4.17
2017-11-17,1581.82,1586.61,1556.77,1569.94,165386,100.19,1.3,4.59
2017-11-20,1567.52,1571.59,1564.44,1570.3,165998,98.88,0.85,4.34
2017-11-21,1566.98,1575.6,1560.9,1567.54,58693,100.06,1.5,4.09
2017-11-22,1567.42,1583.79,1565.81,1576.2,79389,97.29,1.47,4.42
2017-11-23,1574.66,1575.25,1568.99,1572.36,131864,100.47,1.0,4.32
2017-11-24,1567.73,1575.46,1563.42,1572.95,76815,98.2,1.03,4.36
2017-11-27,1577.82,1585.2,1570.69,1577.34,102965,96.8,1.55,4.24
2017-11-28,1567.1,1576.14,1566.55,1569.66,74118,96.43,1.6,4.17
2017-11-29,1567.36,1575.66,1565.1,1572.45,63846,93.05,0.66,4.09
2017-11-30,1563.85,1577.73,1554.6,1567.64,68971,100.96,1.43,4.12
2017-12-01,1573.18,1573.42,1567.45,1572.12,144681,100.64,1.27,4.1
2017-12-04,1562.47,1570.92,1558.47,1568.5,99261,105.36,1.34,4.25
2017-12-05,1568.8,1576.05,1566.13,1572.34,164185,97.18,1.36,4.3
2017-12-06,1581.38,1590.74,1570.24,1578.23,121560,96.3,1.13,4.07
2017-12-07,1595.29,1597.07,1574.11,1582.94,187697,93.68,1.49,4.44
2017-12-08,1586.87,1600.91,1578.12,1584.6,136930,100.32,1.15,4.32
2017-12-11,1580.24,1587.06,1580.17,1584.61,133751,99.75,1.51,4.66
2017-12-12,1580.4,1592.07,1580.18,1582.14,94070,101.82,1.57,4.24
2017-12-13,1590.06,1594.84,1589.57,1589.91,328957,95.6,1.1,4.63
2017-12-14,1585.16,1588.19,1583.19,1586.82,103267,99.7,1.11,4.41
2017-12-15,1586.34,1591.24,1579.99,1582.06,44829,96.64,1.35,4.0
2017-12-18,1587.57,1587.62,1584.1,1586.53,109887,101.27,1.7,4.12
2017-12-19,1587.28,1589.18,1575.79,1582.97,66641,99.28,1.17,4.34
2017-12-20,1577.17,1583.24,1574.13,1578.65,148272,94.08,1.22,4.03
2017-12-21,1578.15,1590.09,1556.57,1571.9,131969,97.69,1.4,4.16
2017-12-22,1569.14,1571.81,1556.83,1569.92,91435,93.16,1.49,4.05
2017-12-25,1566.08,1573.9,1557.76,1570.66,69205,95.12,1.45,4.61
2017-12-26,1582.54,1583.74,1568.36,1572.27,104670,95.26,1.33,4.45
2017-12-27,1568.77,1593.3,1556.17,1577.4,76382,96.37,1.24,4.24
2017-12-28,1576.93,1581.29,1575.1,1580.43,135282,97.3,1.4,4.51
2017-12-29,1576.92,1583.65,1571.67,1579.9,123303,98.37,0.52,4.47
2018-01-01,1592.46,1599.75,1577.24,1580.56,319459,98.24,1.79,4.48
2018-01-02,1592.61,1604.24,1577.67,1584.02,82615,97.87,1.27,4.2
2018-01-03,1598.43,1600.76,1590.53,1591.3,87433,98.71,1.37,4.23
2018-01-04,1591.27,1597.02,1589.37,1592.85,92789,94.74,1.84,4.11
2018-01-05,1603.0,1605.55,1590.14,1591.42,94429,98.06,1.13,4.26
2018-01-08,1590.87,1590.97,1589.04,1589.12,148870,101.48,1.9,4.15
2018-01-09,1587.45,1594.89,1581.97,1582.81,88385,97.52,1.5,4.11
2018-01-10,1587.91,1588.76,1576.03,1587.06,217282,99.14,1.43,4.44
2018-01-11,1590.63,1593.93,1586.68,1590.87,124605,98.88,1.48,4.37
2018-01-12,1593.48,1598.1,1587.6,1594.68,81284,100.01,1.11,4.14
2018-01-15,1595.71,1607.51,1594.49,1596.72,73386,98.56,0.91,4.41
2018-01-16,1607.66,1613.05,1594.36,1604.73,149694,99.9,1.02,4.31
2018-01-17,1604.98,1606.8,1591.58,1603.21,99848,99.06,1.59,4.22
2018-01-18,1608.82,1614.43,1595.42,1608.98,99074,99.4,1.08,4.5
2018-01-19,1617.0,1617.5,1606.28,1609.71,77699,98.85,0.9,4.31
2018-01-22,1595.0,1610.54,1591.07,1609.33,96319,95.23,1.3,4.53
2018-01-23,1615.73,1624.97,1611.68,1613.27,76451,94.8,1.46,4.35
2018-01-24,1619.76,1628.56,1612.72,1616.28,170192,96.82,1.33,4.36
2018-01-25,1624.61,1625.71,1614.65,1619.03,131508,101.56,1.47,4.1
2018-01-26,1620.07,1623.87,1608.57,1620.38,92050,97.24,1.61,4.18
2018-01-29,1623.93,1628.3,1613.17,1622.92,91510,98.43,1.46,4.47
2018-01-30,1640.95,1645.08,1630.81,1636.12,102423,92.65,1.28,4.43
2018-01-31,1650.53,1651.83,1636.81,1643.18,98497,98.0,1.18,4.2
2018-02-01,1646.39,1656.67,1643.86,1647.88,67320,97.7,1.51,4.05
2018-02-02,1650.73,1658.11,1648.5,1649.41,46151,90.79,1.38,4.5
2018-02-05,1665.78,1679.96,1650.18,1657.43,71748,98.15,1.1,4.41
2018-02-06,1650.51,1666.05,1639.33,1661.1,93769,93.27,1.64,4.08
2018-02-07,1658.75,1670.04,1658.54,1662.19,73487,95.57,1.38,4.08
2018-02-08,1668.87,1669.75,1655.21,1661.56,136999,99.88,1.48,4.52
2018-02-09,1667.55,1682.28,1655.93,1662.1,90069,97.78,1.22,4.17
2018-02-12,1650.93,1663.55,1646.5,1648.35,208862,96.36,1.6,4.17
2018-02-13,1648.18,1651.33,1646.14,1650.4,78857,96.13,0.92,4.14
2018-02-14,1644.45,1651.95,1635.45,1648.81,104431,96.43,1.73,4.29
2018-02-15,1655.12,1658.28,1645.29,1658.06,87943,97.82,0.83,4.03
2018-02-16,1666.82,1669.37,1654.31,1659.12,117701,94.41,0.97,4.28
2018-02-19,1652.57,1660.45,1651.38,1655.7,151191,100.24,1.38,4.03
2018-02-20,1656.9,1660.87,1654.32,1656.39,125908,94.56,1.18,4.03
2018-02-21,1648.16,1652.88,1640.89,1651.9,43812,93.14,1.23,4.03
2018-02-22,1659.5,1667.0,1649.57,1655.32,120565,99.91,1.18,4.04
2018-02-23,1655.11,1658.09,1654.47,1657.79,65883,96.32,1.12,4.34
2018-02-26,1665.11,1668.19,1663.09,1665.6,87211,97.54,1.39,4.34
2018-02-27,1654.02,1665.54,1651.83,1662.41,130057,99.02,1.3,4.21
2018-02-28,1655.5,1665.68,1645.77,1663.55,63076,95.58,1.53,4.13
2018-03-01,1657.41,1669.48,1656.33,1657.37,156745,97.76,1.33,4.44
2018-03-02,1655.39,1663.52,1653.74,1661.99,85703,99.01,1.21,4.33
2018-03-05,1678.04,1693.6,1664.45,1667.51,235243,101.46,1.51,4.05
2018-03-06,1660.75,1678.34,1654.61,1671.08,101465,96.05,0.85,4.28
2018-03-07,1668.04,1680.65,1659.58,1672.06,195269,96.16,0.67,4.27
2018-03-08,1675.29,1675.66,1673.64,1675.21,159384,98.71,0.92,4.33
2018-03-09,1682.82,1688.73,1669.58,1684.67,77308,97.76,1.23,4.63
2018-03-12,1680.4,1694.89,1674.9,1685.99,58648,96.88,1.41,4.1
2018-03-13,1682.85,1688.64,1674.95,1687.7,103306,101.2,0.64,4.3
2018-03-14,1677.9,1692.69,1667.27,1682.91,78193,93.04,1.31,4.44
2018-03-15,1677.83,1681.89,1677.53,1679.28,185699,93.72,1.22,4.47
2018-03-16,1690.61,1691.16,1676.19,1680.77,89434,93.08,1.35,4.24
2018-03-19,1689.85,1696.68,1685.99,1689.46,87538,100.21,0.83,4.02
2018-03-20,1695.06,1697.37,1687.75,1689.07,56479,98.49,1.97,3.94
2018-03-21,1691.36,1701.99,1682.98,1688.79,116737,93.78,1.32,4.33
2018-03-22,1693.24,1693.91,1683.15,1687.6,61716,96.91,1.01,4.26
2018-03-23,1671.57,1695.93,1668.54,1685.73,117827,97.16,1.34,4.23
2018-03-26,1688.59,1690.39,1682.29,1690.14,124496,91.68,1.68,4.25
2018-03-27,1689.76,1708.29,1680.98,1683.16,73139,97.72,0.99,4.35
2018-03-28,1688.04,1693.56,1687.57,1690.94,144730,94.25,0.94,4.29
2018-03-29,1697.3,1698.64,1683.85,1688.37,88437,98.98,1.28,4.26
2018-03-30,1700.73,1713.17,1692.02,1693.19,54803,94.31,1.3,4.11
2018-04-02,1686.89,1700.61,1684.87,1689.27,183159,97.75,1.49,4.35
2018-04-03,1691.25,1700.41,1686.14,1693.81,68228,100.41,1.68,4.11
2018-04-04,1693.21,1703.35,1687.98,1698.38,120913,99.58,1.5,4.34
2018-04-05,1698.2,1707.59,1680.07,1701.42,117045,98.39,0.96,4.14
2018-04-06,1690.8,1697.32,1689.47,1697.07,115343,96.95,1.04,4.28
2018-04-09,1703.45,1707.84,1691.97,1701.26,114547,93.37,1.11,4.46
2018-04-10,1688.51,1696.59,1677.13,1695.91,66964,96.06,1.5,4.29
2018-04-11,1698.61,1699.99,1694.3,1695.54,194179,96.6,1.46,4.4
2018-04-12,1705.24,1713.42,1699.52,1702.03,144711,96.38,1.62,4.13
2018-04-13,1698.79,1710.79,1698.09,1707.29,119374,93.25,1.45,4.2
2018-04-16,1718.2,1721.24,1699.22,1710.25,57919,98.15,1.15,4.13
2018-04-17,1708.62,1708.9,1695.4,1705.99,66746,94.14,1.26,3.94
2018-04-18,1714.3,1714.86,1710.11,1710.45,128409,100.93,0.94,4.34
2018-04-19,1707.65,1724.8,1704.74,1711.54,44290,97.43,1.47,4.27
2018-04-20,1703.23,1708.21,1687.2,1700.06,113038,99.58,1.15,4.26
2018-04-23,1712.89,1718.73,1705.51,1707.12,57961,99.48,1.61,4.36
2018-04-24,1707.47,1709.11,1694.15,1707.98,69757,102.28,1.46,4.01
2018-04-25,1725.75,1727.27,1712.18,1715.45,56138,97.49,1.79,3.97
2018-04-26,1710.75,1713.7,1697.44,1710.53,108928,96.09,1.41,4.36
2018-04-27,1700.27,1705.56,1691.04,1694.47,154283,96.24,1.41,4.17
2018-04-30,1700.31,1701.06,1694.99,1698.82,113460,100.88,1.26,4.21
2018-05-01,1704.35,1705.86,1697.88,1701.36,118555,93.82,1.21,3.95
2018-05-02,1684.81,1694.39,1680.92,1693.3,105575,94.98,1.24,4.39
2018-05-03,1690.94,1691.07,1677.63,1689.06,129712,97.8,1.56,4.27
2018-05-04,1701.01,1724.81,1700.03,1704.77,118994,96.72,0.97,4.08
2018-05-07,1701.66,1710.54,1699.35,1705.99,33321,99.51,1.32,4.48
2018-05-08,1719.87,1724.51,1709.22,1710.91,141849,93.71,0.89,3.96
2018-05-09,1707.3,1713.14,1696.24,1708.4,136006,96.91,1.4,4.12
2018-05-10,1693.05,1702.21,1687.26,1698.16,85397,96.68,1.19,4.31
2018-05-11,1696.4,1700.21,1686.58,1698.23,44815,94.46,1.43,4.34
2018-05-14,1693.04,1707.05,1690.91,1699.67,108769,99.33,1.12,3.94
2018-05-15,1705.81,1709.17,1698.24,1698.51,112495,96.91,1.24,4.12
2018-05-16,1695.33,1702.3,1692.45,1698.88,82768,96.81,1.46,4.27
2018-05-17,1703.97,1706.12,1693.99,1701.27,106370,95.06,1.34,4.38
2018-05-18,1708.37,1713.26,1699.77,1701.45,151559,96.2,1.69,4.37
2018-05-21,1694.99,1710.16,1685.71,1697.54,257560,94.6,1.19,4.26
2018-05-22,1703.84,1708.65,1698.63,1701.12,104690,99.29,1.16,4.17
2018-05-23,1686.46,1692.83,1670.22,1691.68,112821,99.77,1.62,4.13
2018-05-24,1694.1,1702.05,1675.82,1681.76,71003,101.46,1.21,4.23
2018-05-25,1691.4,1703.23,1678.07,1686.66,80776,98.31,1.2,4.37
2018-05-28,1691.22,1694.28,1685.41,1692.2,93487,96.34,1.4,4.12
2018-05-29,1688.94,1697.57,1682.85,1692.87,158116,96.01,1.26,4.11
2018-05-30,1685.84,1695.06,1683.61,1686.41,136979,98.45,1.23,4.32
2018-05-31,1681.91,1687.32,1678.26,1683.63,213574,97.74,1.13,4.3
2018-06-01,1693.07,1698.04,1675.81,1683.21,54388,96.81,1.65,4.07
2018-06-04,1671.42,1681.86,1668.1,1677.58,58134,96.63,1.27,3.94
2018-06-05,1675.33,1683.49,1669.34,1674.65,153404,100.23,1.16,3.88
2018-06-06,1678.97,1681.42,1671.16,1679.06,176229,96.19,1.23,4.16
2018-06-07,1687.01,1699.74,1675.13,1687.6,100032,100.58,1.39,3.97
2018-06-08,1685.8,1686.82,1678.34,1686.35,16543,97.68,1.67,4.27
2018-06-11,1692.63,1700.08,1689.86,1693.22,73319,96.26,1.26,3.88
2018-06-12,1688.42,1693.31,1677.53,1684.01,112893,95.28,1.09,4.38
2018-06-13,1691.57,1693.61,1681.7,1688.49,68887,96.82,1.78,4.08
2018-06-14,1687.31,1689.59,1682.77,1685.19,106303,98.49,1.34,4.01
2018-06-15,1672.43,1688.75,1671.91,1687.79,210959,96.27,1.28,4.05
2018-06-18,1690.83,1695.59,1681.58,1689.31,174634,99.33,1.32,4.0
2018-06-19,1688.9,1699.83,1686.56,1697.33,136428,96.08,0.99,4.36
2018-06-20,1696.93,1699.61,1692.73,1693.64,96203,96.86,1.29,4.23
2018-06-21,1705.48,1705.59,1696.54,1697.97,80994,93.93,1.49,4.14
2018-06-22,1692.74,1703.81,1686.91,1697.46,133666,98.55,1.61,3.94
2018-06-25,1698.13,1700.75,1693.22,1699.47,99723,96.47,1.21,4.11
2018-06-26,1696.41,1700.0,1688.83,1699.46,101101,101.08,1.35,4.01
2018-06-27,1702.21,1704.76,1692.2,1695.92,53077,98.92,1.61,3.73
2018-06-28,1697.31,1698.41,1688.8,1696.82,74175,97.37,1.31,4.02
2018-06-29,1706.27,1711.62,1693.35,1697.47,133351,100.21,1.48,4.21
2018-07-02,1703.73,1709.74,1691.08,1701.62,63549,98.14,1.41,4.05
2018-07-03,1704.29,1709.58,1699.44,1703.05,109785,99.63,1.14,4.09
2018-07-04,1708.67,1716.08,1704.75,1708.32,116424,94.92,1.07,4.27
2018-07-05,1718.5,1720.69,1711.39,1714.29,119175,98.19,1.57,4.24
2018-07-06,1700.7,1716.56,1699.74,1709.61,123513,98.33,0.63,4.41
2018-07-09,1717.62,1720.04,1710.72,1717.18,126891,93.16,1.14,3.78
2018-07-10,1711.4,1717.44,1702.19,1711.76,76917,100.82,0.95,3.98
2018-07-11,1719.66,1723.73,1715.23,1715.93,54881,94.13,1.57,4.24
2018-07-12,1719.3,1727.51,1713.23,1720.27,69604,93.75,1.64,4.17
2018-07-13,1705.6,1721.85,1702.48,1710.93,132186,89.94,1.12,4.12
2018-07-16,1714.35,1723.35,1709.22,1714.31,61062,98.22,1.99,4.01
2018-07-17,1707.21,1720.56,1700.73,1712.77,65104,92.94,1.65,4.14
2018-07-18,1699.8,1714.78,1697.24,1709.67,64961,95.78,1.35,4.13
2018-07-19,1721.7,1728.59,1713.38,1717.95,47174,99.11,1.68,3.82
2018-07-20,1718.39,1727.45,1709.15,1715.41,62392,97.51,1.14,4.13
2018-07-23,1716.34,1731.49,1708.41,1713.94,147290,95.48,1.23,4.02
2018-07-24,1722.04,1733.66,1714.55,1715.34,74109,93.06,1.42,4.22
2018-07-25,1716.6,1727.5,1708.01,1720.04,49041,96.73,1.13,4.15
2018-07-26,1712.88,1725.58,1707.02,1720.26,80446,99.14,0.98,4.39
2018-07-27,1727.23,1731.14,1715.29,1727.59,121081,98.7,1.07,4.09
2018-07-30,1731.59,1738.78,1730.56,1733.39,47462,101.38,1.25,3.93
2018-07-31,1718.18,1726.49,1705.43,1722.53,144541,95.35,1.42,3.72
2018-08-01,1720.24,1734.34,1716.59,1720.66,55470,93.71,1.22,3.95
2018-08-02,1715.45,1719.42,1693.39,1718.61,84272,97.79,0.89,4.14
2018-08-03,1712.71,1730.58,1710.44,1722.2,83842,97.52,1.42,4.18
2018-08-06,1708.62,1712.62,1707.01,1710.89,78859,97.05,1.62,3.99
2018-08-07,1719.79,1733.99,1704.97,1725.68,96189,95.1,1.14,4.02
2018-08-08,1730.77,1741.78,1726.6,1729.56,134783,90.31,1.72,4.09
2018-08-09,1727.97,1735.95,1726.8,1731.38,97117,94.41,1.52,4.14
2018-08-10,1744.63,1748.07,1736.0,1738.83,77476,98.27,1.04,4.23
2018-08-13,1763.11,1766.43,1753.71,1754.67,118532,97.49,1.14,3.99
2018-08-14,1764.09,1768.43,1760.02,1760.5,107248,99.15,1.22,3.97
2018-08-15,1758.57,1780.29,1757.3,1766.79,75523,97.56,1.26,4.38
2018-08-16,1776.52,1780.77,1753.76,1768.54,100400,98.53,0.69,4.34
2018-08-17,1777.13,1786.37,1766.15,1768.77,73061,98.6,1.11,3.99
2018-08-20,1769.19,1775.67,1767.89,1769.09,69822,96.74,1.16,4.24
2018-08-21,1772.52,1783.48,1762.66,1765.51,136260,96.78,1.77,4.4
2018-08-22,1759.8,1768.38,1754.28,1762.71,118040,89.45,1.36,4.27
2018-08-23,1746.41,1767.81,1745.18,1756.24,134343,95.13,1.1,3.95
2018-08-24,1752.83,1765.41,1750.87,1756.84,127268,95.23,1.19,4.08
2018-08-27,1759.56,1765.93,1736.99,1750.48,69224,96.53,1.41,3.8
2018-08-28,1744.7,1760.28,1743.01,1752.54,147342,94.47,1.21,3.92
2018-08-29,1753.35,1755.1,1751.18,1753.35,87636,99.13,1.15,4.06
2018-08-30,1755.36,1762.65,1754.75,1755.18,143155,94.57,1.16,4.1
2018-08-31,1750.61,1758.27,1742.33,1753.31,93896,99.54,1.42,3.96
2018-09-03,1771.0,1775.87,1760.85,1773.36,111889,94.26,0.96,3.65
2018-09-04,1782.39,1799.71,1775.9,1782.0,113242,95.09,1.03,4.09
2018-09-05,1773.06,1787.72,1762.91,1776.06,136663,94.94,1.07,4.17
2018-09-06,1770.8,1778.7,1762.67,1778.38,51337,95.39,1.02,4.17
2018-09-07,1777.15,1786.34,1771.8,1776.01,52545,99.59,1.09,4.02
2018-09-10,1779.03,1786.27,1765.22,1773.32,129144,95.84,1.52,4.03
2018-09-11,1771.48,1778.5,1753.84,1766.87,113839,95.95,1.56,4.09
2018-09-12,1766.0,1774.55,1759.44,1770.3,72384,94.82,1.37,4.11
2018-09-13,1760.89,1777.33,1759.0,1767.52,114201,96.05,1.35,4.04
2018-09-14,1772.43,1778.79,1767.42,1773.94,56208,97.2,1.13,3.7
2018-09-17,1790.88,1793.0,1777.1,1782.5,364293,96.06,0.78,4.26
2018-09-18,1794.73,1797.79,1787.16,1791.26,166812,96.17,1.34,3.98
2018-09-19,1791.26,1796.25,1784.63,1787.49,126616,99.11,1.37,3.86
2018-09-20,1795.98,1804.08,1786.85,1791.2,101747,97.23,1.13,3.98
2018-09-21,1798.08,1803.24,1777.6,1795.81,77073,93.64,1.03,4.06
2018-09-24,1796.8,1797.62,1795.86,1796.15,58449,96.3,0.98,3.95
2018-09-25,1796.38,1800.77,1791.66,1792.82,94322,95.19,1.34,3.96
2018-09-26,1800.02,1803.35,1794.88,1802.97,69989,97.77,1.32,3.99
2018-09-27,1797.65,1810.35,1795.89,1805.31,71641,96.71,1.6,4.09
2018-09-28,1813.9,1825.9,1808.54,1809.97,56010,99.25,1.1,3.92
2018-10-01,1815.04,1823.1,1808.21,1808.33,109083,94.59,1.23,4.08
2018-10-02,1796.39,1810.65,1793.65,1802.43,84897,95.99,1.3,3.83
2018-10-03,1804.68,1806.9,1787.54,1800.24,122275,93.83,1.16,4.33
2018-10-04,1809.66,1818.66,1796.29,1800.58,118520,96.38,1.51,4.19
2018-10-05,1795.58,1797.95,1795.27,1795.59,108205,92.68,1.61,3.99
2018-10-08,1794.14,1801.0,1789.49,1798.55,286008,97.3,1.02,4.08
2018-10-09,1790.71,1799.16,1787.94,1790.05,137239,96.41,1.19,3.85
2018-10-10,1781.82,1792.23,1777.77,1784.77,59621,96.97,1.63,4.11
2018-10-11,1786.27,1796.32,1782.52,1789.58,118597,98.53,1.38,4.15
2018-10-12,1796.35,1800.59,1783.55,1794.02,96605,97.09,1.33,4.06
2018-10-15,1786.19,1798.38,1785.49,1794.82,57721,93.33,1.39,4.16
2018-10-16,1782.36,1797.01,1779.29,1790.11,55901,95.16,1.46,4.02
2018-10-17,1785.46,1792.96,1772.07,1785.36,118335,96.38,1.4,4.0
2018-10-18,1784.17,1786.21,1780.82,1784.29,130485,95.77,1.35,3.92
2018-10-19,1790.79,1791.1,1785.73,1788.95,64958,96.04,1.3,4.1
2018-10-22,1807.31,1807.33,1787.43,1797.2,145519,100.56,1.64,3.89
2018-10-23,1795.99,1799.72,1786.66,1795.43,110632,96.77,1.23,4.08
2018-10-24,1793.16,1797.32,1780.68,1789.95,159268,97.51,1.3,4.06
2018-10-25,1787.25,1800.23,1773.83,1792.5,152641,91.52,1.69,4.21
2018-10-26,1793.01,1796.47,1786.83,1788.89,92653,98.43,1.38,4.1
2018-10-29,1786.15,1793.75,1781.98,1788.97,189897,103.69,1.28,3.74
2018-10-30,1797.88,1804.84,1790.59,1797.49,62966,99.87,1.46,3.91
2018-10-31,1802.63,1804.84,1796.46,1803.22,256816,95.37,1.36,3.9
2018-11-01,1810.76,1818.42,1800.76,1805.16,69458,102.16,1.12,3.89
2018-11-02,1791.91,1800.69,1782.48,1798.98,96838,96.57,1.36,4.15
2018-11-05,1790.86,1806.17,1790.64,1803.21,78678,97.24,1.1,3.67
2018-11-06,1809.14,1817.61,1798.67,1810.3,84904,95.76,1.76,4.21
2018-11-07,1811.75,1814.42,1792.48,1809.2,317877,95.7,1.36,4.15
2018-11-08,1818.8,1820.81,1809.68,1817.97,82035,90.76,1.07,4.03
2018-11-09,1833.19,1843.54,1822.12,1826.44,138751,98.3,1.2,4.05
2018-11-12,1841.54,1845.28,1829.49,1839.13,89844,95.51,1.49,4.01
2018-11-13,1838.84,1854.21,1835.79,1841.96,143576,95.76,1.03,4.02
2018-11-14,1833.55,1855.73,1830.11,1846.43,79406,96.89,1.98,4.16
2018-11-15,1854.43,1862.33,1845.29,1855.75,109365,95.11,0.94,3.96
2018-11-16,1865.17,1872.56,1852.25,1859.44,126941,96.78,1.53,4.08
2018-11-19,1857.44,1870.97,1850.71,1859.63,73959,99.13,1.18,3.86
2018-11-20,1858.23,1869.63,1858.02,1858.07,297476,97.15,1.1,4.07
2018-11-21,1862.9,1870.26,1859.12,1860.55,129621,95.73,1.43,3.95
2018-11-22,1848.42,1861.24,1847.32,1854.07,90184,95.85,1.19,4.05
2018-11-23,1857.77,1860.02,1854.01,1854.3,74690,96.66,1.7,3.85
2018-11-26,1873.0,1879.27,1856.01,1863.85,102404,94.02,0.95,4.05
2018-11-27,1851.13,1854.7,1848.96,1852.09,60694,96.69,1.44,3.97
2018-11-28,1855.84,1874.54,1846.33,1862.14,201373,97.82,1.23,4.21
2018-11-29,1869.44,1879.86,1868.23,1869.82,117301,96.28,1.37,4.02
2018-11-30,1855.72,1870.31,1854.37,1868.19,95301,95.01,1.43,4.05
2018-12-03,1876.43,1886.12,1873.91,1874.54,150000,95.32,0.87,3.91
2018-12-04,1878.18,1887.43,1867.25,1875.64,73968,97.66,1.36,4.02
2018-12-05,1893.48,1901.68,1877.26,1884.01,62169,93.23,1.57,4.04
2018-12-06,1889.84,1894.68,1878.87,1890.94,93708,93.89,1.42,3.92
2018-12-07,1886.01,1895.7,1880.53,1883.7,103882,91.96,1.21,3.91
2018-12-10,1885.48,1902.67,1885.27,1890.37,122055,96.02,0.95,3.85
2018-12-11,1888.21,1898.61,1879.05,1890.23,54692,98.09,1.43,3.96
2018-12-12,1883.16,1893.42,1874.26,1891.82,82246,99.26,1.77,3.87
2018-12-13,1887.47,1888.83,1883.53,1888.57,28756,99.82,1.47,4.01
2018-12-14,1898.36,1903.44,1895.09,1900.1,61516,94.16,1.59,3.85
2018-12-17,1911.25,1912.74,1902.39,1909.54,131413,96.45,1.53,3.94
2018-12-18,1902.63,1912.24,1899.12,1906.2,144988,94.84,1.2,3.82
2018-12-19,1899.77,1902.9,1897.14,1899.29,62517,100.01,1.32,4.13
2018-12-20,1896.19,1912.97,1894.83,1898.08,86695,99.15,1.52,3.96
2018-12-21,1899.89,1922.11,1893.33,1901.78,99732,96.29,0.91,3.96
2018-12-24,1906.88,1918.8,1902.06,1906.42,151940,94.3,1.46,4.05
2018-12-25,1915.3,1918.96,1913.0,1915.07,181977,87.17,1.62,4.22
2018-12-26,1925.33,1927.93,1919.94,1920.95,104949,92.17,1.29,3.97
2018-12-27,1927.24,1934.09,1922.5,1927.94,88943,91.09,1.5,3.73
2018-12-28,1929.01,1936.69,1925.13,1931.04,55410,92.08,1.16,4.13
2018-12-31,1924.79,1930.1,1923.19,1925.84,103076,100.43,1.31,3.75
2019-01-01,1921.63,1942.33,1910.31,1925.76,226379,92.49,1.23,3.87
2019-01-02,1931.23,1947.29,1917.32,1933.32,165392,93.03,1.42,4.13
2019-01-03,1945.91,1951.72,1928.02,1934.12,105867,93.38,1.27,3.9
2019-01-04,1933.0,1945.76,1923.56,1938.31,111452,102.15,0.88,3.86
2019-01-07,1938.0,1946.55,1935.83,1939.62,74951,95.49,1.12,3.99
2019-01-08,1932.2,1936.3,1931.78,1934.45,85574,98.17,1.79,3.94
2019-01-09,1933.38,1951.48,1930.53,1934.82,104719,96.12,1.44,3.84
2019-01-10,1935.9,1940.05,1920.74,1937.82,104846,90.7,0.78,4.07
2019-01-11,1936.56,1943.08,1933.55,1934.94,147901,99.51,1.6,4.12
2019-01-14,1926.82,1943.02,1920.99,1936.76,145049,96.67,1.01,4.15
2019-01-15,1938.16,1940.1,1929.95,1932.15,121567,95.39,1.52,4.02
2019-01-16,1943.77,1947.65,1938.29,1940.09,66193,100.05,1.62,3.83
2019-01-17,1932.18,1939.68,1932.03,1939.41,67200,94.78,1.33,3.75
2019-01-18,1936.16,1950.07,1924.87,1949.43,69206,95.23,1.05,3.59
2019-01-21,1956.39,1976.86,1947.87,1962.14,108467,94.66,1.12,4.09
2019-01-22,1961.34,1974.7,1946.03,1962.77,43891,98.21,1.46,3.96
2019-01-23,1972.83,1980.59,1955.94,1957.67,98468,97.58,1.02,3.87
2019-01-24,1949.15,1956.57,1939.15,1945.98,173417,96.31,1.16,3.64
2019-01-25,1927.58,1940.64,1924.19,1938.09,128892,93.03,1.43,3.75
2019-01-28,1928.97,1933.81,1919.8,1932.97,85794,94.76,1.14,3.66
2019-01-29,1942.19,1953.84,1936.23,1942.5,74659,93.0,1.66,4.14
2019-01-30,1945.81,1947.91,1939.77,1944.33,136255,98.52,1.04,4.02
2019-01-31,1940.16,1952.26,1916.45,1947.84,111571,91.67,0.48,3.73
2019-02-01,1934.6,1937.51,1915.53,1935.38,89449,99.66,1.11,4.17
2019-02-04,1927.18,1933.12,1922.78,1931.34,77994,98.92,1.38,3.81
2019-02-05,1931.44,1940.26,1926.99,1937.86,101778,93.36,1.52,3.97
2019-02-06,1942.24,1957.26,1927.75,1940.73,87446,94.6,1.2,3.97
2019-02-07,1945.46,1947.4,1931.57,1940.95,135097,93.86,1.23,3.9
2019-02-08,1950.44,1959.51,1936.69,1945.53,162180,96.69,1.29,3.87
2019-02-11,1962.25,1993.19,1954.27,1958.87,57130,99.07,1.74,3.92
2019-02-12,1955.71,1968.07,1945.36,1958.64,60456,98.5,1.4,3.87
2019-02-13,1964.4,1967.72,1946.82,1960.2,169265,94.45,1.18,3.95
2019-02-14,1964.34,1968.82,1955.27,1962.52,105485,98.65,1.82,3.95
2019-02-15,1979.3,1995.51,1971.22,1978.5,62776,98.36,1.3,3.83
2019-02-18,1965.16,1979.43,1962.27,1968.77,146283,95.01,0.78,4.07
2019-02-19,1971.21,1979.08,1966.48,1974.15,113173,95.43,0.96,3.78
2019-02-20,1975.01,1986.13,1964.84,1974.58,238303,99.3,1.44,3.96
2019-02-21,1993.73,1996.27,1978.36,1979.25,89848,98.07,0.86,3.85
2019-02-22,1978.08,1978.35,1968.95,1976.29,153811,98.5,1.43,3.77
2019-02-25,1975.68,1987.78,1964.71,1979.31,55296,101.89,1.11,3.86
2019-02-26,1979.94,1993.45,1976.69,1984.9,172544,96.76,1.6,3.8
2019-02-27,2002.65,2010.94,1993.38,2005.61,144013,96.09,1.34,4.0
2019-02-28,2025.03,2025.18,2008.8,2011.89,187538,98.63,0.89,3.88
2019-03-01,2005.27,2009.87,2003.57,2007.68,153926,100.23,1.53,4.1
2019-03-04,2013.83,2021.55,1999.23,2008.37,94881,93.73,1.64,3.75
2019-03-05,2004.4,2016.96,2004.34,2006.66,61793,94.76,0.98,3.56
2019-03-06,1998.06,2004.54,1990.43,1996.5,77588,92.78,1.1,3.95
2019-03-07,2000.31,2004.87,1989.26,1995.57,48802,96.19,1.43,4.15
2019-03-08,1997.91,2010.11,1993.55,2001.34,68298,97.52,1.47,3.96
2019-03-11,1992.84,1999.35,1987.91,1996.68,117048,92.95,1.89,3.74
2019-03-12,2014.41,2016.1,1999.23,2004.44,96848,98.11,1.53,3.73
2019-03-13,2014.61,2019.37,2002.29,2008.68,90270,94.12,1.9,4.19
2019-03-14,2009.95,2016.57,1998.68,2005.2,71880,93.94,1.31,3.83
2019-03-15,2010.2,2020.34,2004.08,2005.46,48583,98.1,1.4,3.73
2019-03-18,2021.76,2026.06,2015.53,2018.97,106173,93.64,1.16,4.06
2019-03-19,2037.07,2046.3,2015.36,2024.81,114882,91.66,1.17,3.86
2019-03-20,2026.3,2031.93,2023.12,2026.04,66394,97.02,1.34,3.57
2019-03-21,2029.2,2040.95,2019.65,2025.69,79747,94.83,1.16,4.19
2019-03-22,2018.52,2037.94,2017.42,2027.35,182929,98.15,0.66,3.96
2019-03-25,2022.47,2036.1,2013.99,2027.49,156968,97.23,1.14,3.65
2019-03-26,2007.99,2018.6,1995.04,2015.25,54514,90.85,1.57,4.08
2019-03-27,2037.19,2048.07,2028.45,2029.43,95429,98.43,1.32,3.71
2019-03-28,2016.04,2047.35,2010.31,2031.59,176660,99.88,1.32,3.7
2019-03-29,2032.86,2044.56,2021.55,2035.32,90529,97.69,1.11,3.74
2019-04-01,2020.06,2043.61,2009.64,2038.37,88647,97.78,1.39,4.16
2019-04-02,2029.75,2045.18,2026.73,2034.83,152832,94.49,1.72,4.17
2019-04-03,2031.82,2037.58,2016.17,2034.81,146506,93.92,1.65,3.78
2019-04-04,2034.17,2050.01,2021.02,2025.76,143504,95.69,1.4,4.12
2019-04-05,2043.95,2044.35,2029.7,2041.52,88894,97.37,1.09,3.52
2019-04-08,2031.92,2039.8,2030.86,2037.01,128689,97.34,1.75,4.0
2019-04-09,2038.07,2045.78,2021.98,2031.57,179494,94.03,1.57,4.06
2019-04-10,2030.04,2047.61,2026.09,2029.93,96765,93.79,0.93,4.08
2019-04-11,2039.59,2044.01,2028.91,2039.36,84005,91.36,0.87,3.87
2019-04-12,2033.27,2042.49,2026.31,2040.63,161462,96.7,0.95,3.94
2019-04-15,2030.07,2046.85,2022.88,2036.12,223725,94.13,1.18,3.75
2019-04-16,2040.3,2046.85,2024.76,2045.36,230038,94.3,1.53,3.86
2019-04-17,2051.55,2051.94,2038.85,2051.26,84982,99.34,1.53,3.83
2019-04-18,2056.41,2058.73,2054.19,2055.93,88466,96.49,1.39,3.82
2019-04-19,2071.31,2073.59,2056.1,2061.76,65403,95.77,1.27,4.02
2019-04-22,2083.27,2086.35,2079.02,2080.86,103489,96.93,1.9,3.88
2019-04-23,2079.41,2101.08,2072.47,2096.44,64238,98.33,1.31,4.1
2019-04-24,2094.77,2100.16,2070.76,2093.12,79965,90.75,1.28,3.88
2019-04-25,2095.91,2111.52,2071.13,2105.07,130672,93.31,1.18,4.17
2019-04-26,2102.72,2113.97,2101.12,2108.83,115380,94.13,1.86,4.03
2019-04-29,2110.55,2127.56,2105.57,2115.7,47844,92.23,1.49,3.83
2019-04-30,2101.48,2119.06,2085.22,2105.67,185001,94.06,1.05,3.87
2019-05-01,2097.07,2108.26,2084.53,2105.75,63908,90.85,1.02,3.71
2019-05-02,2102.86,2110.76,2087.67,2101.58,67213,97.05,0.89,3.86
2019-05-03,2099.36,2115.63,2086.75,2108.29,60140,93.42,1.28,3.69
2019-05-06,2121.24,2141.45,2112.58,2118.97,75772,95.16,0.93,4.03
2019-05-07,2120.52,2122.6,2096.99,2106.38,68959,94.85,1.02,3.78
2019-05-08,2099.05,2116.74,2086.37,2107.45,69635,96.11,1.57,3.89
2019-05-09,2114.33,2117.35,2110.53,2116.14,36838,88.52,1.53,3.49
2019-05-10,2100.09,2119.65,2094.59,2116.11,103981,95.8,1.68,3.79
2019-05-13,2122.63,2129.57,2118.84,2124.54,108317,93.94,0.94,3.77
2019-05-14,2132.23,2132.39,2115.3,2128.12,242259,95.62,1.06,3.97
2019-05-15,2136.25,2152.46,2121.43,2131.65,119914,91.64,1.15,3.91
2019-05-16,2131.55,2139.8,2126.71,2131.06,80931,95.63,1.72,3.98
2019-05-17,2129.8,2129.85,2118.66,2124.13,61066,97.87,1.32,3.89
2019-05-20,2136.39,2137.16,2108.49,2120.2,94986,95.12,1.76,4.01
2019-05-21,2137.09,2149.11,2124.68,2126.17,118123,92.82,1.46,3.88
2019-05-22,2124.19,2140.6,2122.69,2127.53,80713,92.93,1.28,3.61
2019-05-23,2118.56,2128.31,2111.85,2127.83,101154,96.05,1.45,3.81
2019-05-24,2123.62,2138.15,2117.89,2126.21,210858,96.04,0.88,3.81
2019-05-27,2121.7,2141.95,2113.13,2127.74,84656,95.5,0.8,3.33
2019-05-28,2138.9,2142.71,2123.64,2136.0,46410,94.47,1.37,3.66
2019-05-29,2127.42,2139.15,2117.52,2134.98,139999,95.08,1.31,4.12
2019-05-30,2126.75,2134.68,2117.45,2127.21,111941,94.45,1.79,3.77
2019-05-31,2138.79,2144.81,2128.74,2133.43,49831,93.63,0.96,3.8
2019-06-03,2134.99,2135.76,2133.59,2135.64,117132,96.46,1.4,3.48
2019-06-04,2131.02,2143.24,2129.09,2137.08,66227,95.33,1.48,3.61
2019-06-05,2156.75,2157.36,2147.47,2149.17,117774,97.72,1.4,3.88
2019-06-06,2138.15,2153.55,2132.39,2150.28,211695,97.28,1.58,3.74
2019-06-07,2151.36,2154.92,2147.99,2153.48,91969,95.17,1.15,3.64
2019-06-10,2148.84,2156.65,2142.1,2149.1,152254,95.98,1.52,4.0
2019-06-11,2148.96,2156.17,2144.86,2148.86,60391,92.1,1.45,3.7
2019-06-12,2155.4,2166.5,2143.33,2154.23,53757,94.28,1.6,3.61
2019-06-13,2148.87,2156.07,2142.62,2144.94,221227,95.37,1.18,3.81
2019-06-14,2147.31,2149.59,2142.47,2147.54,111650,90.55,1.01,3.68
2019-06-17,2149.46,2155.56,2139.92,2151.83,127346,95.56,1.15,3.67
2019-06-18,2150.72,2156.69,2148.23,2153.35,156499,92.08,1.04,3.79
2019-06-19,2157.68,2169.24,2156.1,2161.65,79927,92.31,1.17,3.7
2019-06-20,2170.29,2170.33,2163.01,2165.18,137316,93.09,1.23,3.54
2019-06-21,2172.32,2182.61,2163.14,2176.54,129238,94.28,1.08,3.88
2019-06-24,2178.91,2185.23,2162.02,2173.38,58810,91.05,1.31,3.92
2019-06-25,2175.69,2176.02,2172.64,2175.57,180808,96.5,1.02,3.75
2019-06-26,2174.0,2183.31,2169.5,2177.41,166498,94.79,1.29,3.88
2019-06-27,2175.37,2177.19,2170.51,2171.34,59072,99.19,1.19,3.73
2019-06-28,2174.39,2183.93,2167.72,2179.15,106949,95.09,1.28,3.5
2019-07-01,2203.06,2209.58,2194.57,2198.85,90000,95.67,1.41,3.92
2019-07-02,2201.41,2207.4,2199.53,2200.01,174089,92.1,1.21,3.77
2019-07-03,2200.84,2209.22,2181.89,2204.78,56148,91.25,1.12,3.8
2019-07-04,2210.14,2211.0,2201.82,2206.64,417051,95.75,1.15,3.77
2019-07-05,2206.57,2210.35,2190.14,2202.96,92060,91.48,1.57,3.75
2019-07-08,2201.66,2203.96,2182.16,2194.04,132637,95.87,1.63,3.8
2019-07-09,2196.78,2200.43,2183.31,2190.43,171956,98.55,1.18,3.8
2019-07-10,2185.33,2195.17,2169.57,2182.11,91272,96.69,1.27,3.97
2019-07-11,2187.7,2203.67,2171.01,2195.12,94279,95.68,0.89,3.84
2019-07-12,2211.72,2213.38,2194.37,2195.59,80730,94.93,1.27,3.95
2019-07-15,2187.64,2209.24,2181.38,2196.89,69273,93.29,0.95,4.0
2019-07-16,2210.6,2213.67,2202.1,2204.32,110055,93.92,1.19,3.53
2019-07-17,2200.66,2215.45,2194.49,2197.82,93516,92.83,1.58,3.96
2019-07-18,2186.05,2200.33,2184.86,2193.78,80519,90.98,0.94,3.87
2019-07-19,2194.7,2202.25,2185.09,2195.52,82422,94.34,1.09,3.84
2019-07-22,2205.83,2213.27,2184.93,2206.35,124304,96.97,1.09,3.91
2019-07-23,2219.78,2220.03,2206.66,2211.12,71752,90.95,0.9,3.72
2019-07-24,2209.39,2221.92,2205.55,2214.12,89430,97.66,1.53,3.85
2019-07-25,2214.21,2223.04,2208.48,2215.95,141416,97.19,1.38,3.6
2019-07-26,2204.47,2233.61,2184.4,2220.02,108976,95.12,1.77,3.55
2019-07-29,2236.75,2249.6,2216.94,2225.17,64872,95.12,1.07,3.84
2019-07-30,2212.12,2220.33,2199.31,2219.24,97777,93.67,0.87,3.75
2019-07-31,2223.03,2227.61,2211.15,2220.85,117572,94.23,1.55,3.76
2019-08-01,2213.95,2226.75,2208.58,2214.63,146636,93.0,1.22,3.64
2019-08-02,2215.82,2222.63,2211.26,2216.47,72973,94.23,1.2,3.81
2019-08-05,2222.23,2224.26,2207.4,2216.84,78951,94.5,1.69,3.69
2019-08-06,2247.14,2259.3,2235.09,2235.93,74752,98.75,1.36,3.74
2019-08-07,2238.63,2246.12,2230.53,2236.94,76251,95.46,1.54,3.68
2019-08-08,2232.74,2240.14,2219.51,2228.36,116076,93.57,1.16,3.63
2019-08-09,2230.9,2235.55,2226.01,2228.7,125216,93.84,1.13,3.72
2019-08-12,2242.93,2243.29,2230.99,2236.11,150295,92.27,1.23,3.92
2019-08-13,2246.1,2258.16,2238.46,2249.22,95180,92.61,1.48,3.67
2019-08-14,2253.59,2260.12,2246.27,2246.35,56267,96.27,1.33,3.73
2019-08-15,2243.92,2246.52,2236.27,2236.47,129028,92.81,1.43,3.7
2019-08-16,2250.81,2263.62,2230.4,2243.52,105204,92.47,0.67,3.65
2019-08-19,2233.11,2238.71,2232.48,2237.54,101112,92.56,0.85,3.92
2019-08-20,2234.63,2240.6,2231.76,2235.76,59079,92.23,0.78,3.53
2019-08-21,2236.85,2245.66,2223.32,2235.24,91278,96.87,1.22,3.73
2019-08-22,2226.84,2248.55,2220.15,2236.04,61238,94.41,0.97,3.61
2019-08-23,2252.92,2264.78,2221.76,2242.19,119705,93.31,1.74,3.82
2019-08-26,2241.05,2256.33,2236.06,2241.13,83120,94.1,1.31,3.75
2019-08-27,2242.4,2246.08,2226.88,2240.49,80192,94.57,1.37,3.91
2019-08-28,2237.81,2250.99,2230.24,2241.69,53377,92.15,1.05,3.84
2019-08-29,2235.11,2246.98,2222.4,2244.04,148871,90.54,1.04,3.74
2019-08-30,2241.96,2246.45,2230.81,2246.03,89016,97.35,1.71,3.84
2019-09-02,2254.38,2256.82,2252.73,2252.9,102210,96.44,1.76,3.85
2019-09-03,2264.76,2264.96,2258.84,2260.2,73556,94.87,1.42,3.59
2019-09-04,2265.4,2267.95,2253.75,2264.3,51009,96.21,0.81,3.84
2019-09-05,2271.21,2272.03,2256.85,2268.85,79805,98.67,1.21,3.77
2019-09-06,2256.59,2261.27,2247.67,2258.87,85083,92.6,1.4,3.8
2019-09-09,2266.4,2270.57,2255.38,2263.03,110979,91.11,1.26,3.66
2019-09-10,2277.85,2280.93,2255.49,2267.76,85646,95.55,0.79,3.59
2019-09-11,2279.09,2284.34,2273.85,2274.28,74062,90.19,1.78,3.56
2019-09-12,2276.15,2293.61,2261.85,2270.64,54104,93.97,1.11,3.21
2019-09-13,2269.24,2282.53,2250.48,2267.24,100647,93.15,0.99,3.61
2019-09-16,2256.73,2271.98,2254.31,2266.95,71781,95.58,1.31,4.08
2019-09-17,2264.97,2284.14,2263.38,2272.09,167430,92.66,1.62,3.84
2019-09-18,2283.93,2291.23,2280.21,2280.82,104826,96.83,1.45,3.76
2019-09-19,2279.14,2280.86,2272.36,2279.21,123604,91.97,0.99,3.86
2019-09-20,2290.08,2303.87,2280.06,2287.06,89365,95.56,0.95,3.67
2019-09-23,2303.32,2305.74,2287.74,2291.8,106992,92.11,0.77,3.65
2019-09-24,2297.22,2300.29,2290.72,2292.22,69127,95.14,1.25,3.66
2019-09-25,2300.68,2311.1,2289.02,2292.02,61618,91.24,1.2,3.6
2019-09-26,2299.4,2313.06,2285.04,2298.74,99315,93.68,1.45,3.61
2019-09-27,2296.85,2306.97,2296.0,2302.43,124014,97.03,1.15,3.7
2019-09-30,2322.49,2325.91,2312.92,2322.9,45327,93.91,1.57,3.71
2019-10-01,2312.41,2328.83,2302.06,2318.01,80850,96.6,1.49,3.9
2019-10-02,2333.99,2340.96,2322.98,2323.13,206250,93.55,1.14,3.85
2019-10-03,2326.11,2336.91,2303.39,2320.6,119574,92.37,1.42,3.48
2019-10-04,2319.21,2327.35,2303.5,2315.59,182600,94.09,1.66,3.65
2019-10-07,2328.01,2329.6,2311.91,2319.41,76602,95.18,1.08,3.53
2019-10-08,2307.68,2323.51,2304.83,2321.75,82194,88.86,1.27,3.3
2019-10-09,2348.68,2353.44,2327.46,2344.55,145319,94.82,1.27,3.71
2019-10-10,2335.32,2352.57,2331.28,2344.54,126678,91.17,1.23,3.78
2019-10-11,2337.51,2338.4,2332.54,2337.56,95058,90.58,1.52,3.7
2019-10-14,2341.31,2345.08,2331.23,2343.5,59575,94.87,1.54,3.75
2019-10-15,2334.21,2336.35,2325.99,2329.58,156802,96.94,1.43,3.64
2019-10-16,2331.85,2332.58,2323.42,2330.25,269437,94.13,1.41,3.53
2019-10-17,2341.12,2344.35,2321.78,2331.71,52641,90.19,1.18,3.63
2019-10-18,2334.68,2359.41,2328.48,2338.91,173069,91.87,1.41,3.89
2019-10-21,2355.04,2379.16,2341.91,2350.04,81852,92.44,1.0,3.74
2019-10-22,2348.81,2354.82,2343.92,2347.67,86388,93.99,1.95,3.45
2019-10-23,2336.39,2369.68,2328.65,2347.91,109958,93.32,1.66,3.7
2019-10-24,2337.14,2349.18,2334.05,2343.6,60948,94.76,1.57,3.87
2019-10-25,2335.59,2338.38,2317.72,2336.64,97260,96.05,1.43,3.79
2019-10-28,2350.67,2360.65,2330.45,2342.85,51818,94.39,1.43,3.87
2019-10-29,2338.07,2340.73,2322.7,2334.82,119423,95.81,0.9,3.45
2019-10-30,2324.95,2333.67,2314.53,2333.12,241225,92.9,1.01,3.69
2019-10-31,2326.18,2337.67,2325.11,2327.16,76434,101.84,1.04,3.62
2019-11-01,2346.66,2358.57,2330.63,2332.54,92272,94.96,1.34,3.76
2019-11-04,2350.54,2363.58,2349.07,2349.76,94108,95.2,1.26,3.54
2019-11-05,2339.2,2349.14,2328.81,2341.5,146471,97.93,1.53,3.54
2019-11-06,2332.65,2333.63,2318.65,2329.21,116102,93.81,1.09,3.67
2019-11-07,2334.98,2335.9,2313.93,2329.64,142648,91.97,1.58,3.53
2019-11-08,2327.91,2333.21,2314.1,2331.1,80620,96.85,1.12,3.71
2019-11-11,2340.15,2344.22,2335.63,2336.63,117410,96.97,1.22,3.36
2019-11-12,2332.39,2344.0,2320.6,2334.69,25664,93.95,1.55,3.84
2019-11-13,2339.6,2355.73,2323.15,2334.57,128924,97.96,1.46,3.24
2019-11-14,2339.81,2345.23,2327.6,2338.62,60650,93.34,1.02,3.8
2019-11-15,2351.05,2359.06,2333.03,2347.65,86591,95.83,1.6,3.57
2019-11-18,2331.84,2338.54,2322.19,2337.16,132999,97.34,1.35,3.44
2019-11-19,2330.04,2336.5,2318.53,2335.8,53399,93.8,0.79,3.68
2019-11-20,2345.35,2350.18,2321.07,2338.72,152630,94.69,1.12,3.79
2019-11-21,2332.76,2336.94,2332.0,2333.31,93927,96.14,1.23,3.83
2019-11-22,2349.43,2368.7,2337.92,2347.43,176530,92.59,1.04,3.82
2019-11-25,2344.52,2351.01,2343.55,2346.67,68793,91.47,1.67,3.52
2019-11-26,2354.05,2357.68,2342.4,2347.72,47804,96.83,1.24,3.68
2019-11-27,2348.91,2375.36,2342.24,2353.2,97579,94.24,1.45,3.38
2019-11-28,2349.22,2355.68,2347.8,2350.17,124845,92.23,1.38,3.66
2019-11-29,2343.41,2344.77,2334.98,2337.89,129104,93.78,1.51,3.7
2019-12-02,2346.89,2355.76,2331.63,2338.66,62680,94.82,1.75,3.59
2019-12-03,2343.93,2348.39,2341.63,2347.62,51541,89.58,1.5,3.37
2019-12-04,2360.27,2367.64,2341.33,2346.48,87122,95.3,1.77,3.55
2019-12-05,2343.78,2353.6,2332.63,2341.58,121367,94.55,1.51,3.93
2019-12-06,2342.43,2351.16,2327.41,2349.78,118932,97.63,1.37,3.7
2019-12-09,2353.88,2362.69,2348.43,2351.28,185136,92.94,1.41,3.57
2019-12-10,2346.16,2356.76,2344.83,2348.86,85017,96.94,0.68,3.61
2019-12-11,2354.38,2356.07,2340.2,2351.32,47194,93.37,1.22,3.69
2019-12-12,2358.09,2367.39,2356.97,2358.4,159319,93.8,1.3,3.4
2019-12-13,2378.06,2388.98,2376.12,2377.53,106732,94.06,1.44,3.41
2019-12-16,2381.21,2391.26,2376.27,2387.74,110511,98.54,1.33,3.52
2019-12-17,2404.99,2412.43,2397.13,2397.87,134166,90.17,1.42,3.55
2019-12-18,2387.12,2399.49,2378.71,2395.43,163645,94.51,1.0,3.9
2019-12-19,2381.13,2401.11,2361.97,2389.08,97810,93.41,0.94,3.64
2019-12-20,2393.56,2393.96,2383.0,2390.93,158042,93.22,1.04,3.55
2019-12-23,2407.28,2419.1,2390.46,2395.76,123112,94.73,1.73,3.63
2019-12-24,2386.48,2399.77,2376.89,2389.01,75945,96.07,1.02,3.32
2019-12-25,2394.1,2398.2,2386.73,2389.07,89922,94.63,1.14,3.49
2019-12-26,2401.17,2413.49,2381.15,2393.46,126335,96.37,1.36,3.51
2019-12-27,2403.42,2407.57,2397.02,2397.56,74344,92.64,0.94,3.47
2019-12-30,2403.17,2409.92,2403.15,2405.41,140727,93.11,1.12,3.8
2019-12-31,2401.12,2413.31,2395.02,2409.01,105163,90.71,1.51,3.72
2020-01-01,2390.62,2407.56,2375.54,2406.55,114995,98.18,1.23,3.44
2020-01-02,2402.15,2411.29,2387.62,2404.05,175641,92.77,1.76,3.43
2020-01-03,2404.84,2415.46,2390.69,2396.37,113848,92.53,0.91,3.43
2020-01-06,2405.79,2415.29,2400.82,2413.93,101576,94.71,1.25,3.59
2020-01-07,2420.5,2424.72,2408.7,2415.43,95507,95.95,1.23,3.64
2020-01-08,2408.23,2431.78,2398.73,2415.11,93539,91.45,1.34,3.67
2020-01-09,2410.21,2433.59,2396.93,2409.45,111850,96.18,1.03,3.46
2020-01-10,2438.4,2452.42,2430.93,2433.24,170302,92.34,1.19,3.58
2020-01-13,2424.29,2433.77,2411.51,2429.1,77287,96.69,1.54,3.6
2020-01-14,2428.46,2434.06,2423.89,2427.22,74983,91.77,1.27,3.79
2020-01-15,2428.78,2454.59,2422.46,2431.81,165052,94.94,1.07,3.72
2020-01-16,2442.97,2458.54,2424.34,2437.82,78711,93.18,1.86,3.39
2020-01-17,2448.32,2449.99,2439.28,2446.6,107628,90.22,1.35,3.32
2020-01-20,2465.12,2478.54,2455.67,2464.7,77907,89.41,1.49,3.58
2020-01-21,2481.61,2490.4,2466.21,2470.06,50423,91.07,1.53,3.5
2020-01-22,2468.18,2473.15,2448.52,2463.28,106861,95.44,1.32,3.46
2020-01-23,2457.61,2463.55,2450.77,2462.71,154209,88.11,1.14,3.48
2020-01-24,2465.89,2474.59,2464.64,2466.52,96295,93.78,1.39,3.68
2020-01-27,2486.25,2489.14,2475.3,2486.82,54575,93.47,1.17,3.37
2020-01-28,2477.92,2482.61,2451.68,2477.32,103117,88.69,1.44,3.87
2020-01-29,2507.01,2518.06,2476.53,2488.16,72956,90.86,1.3,3.49
2020-01-30,2493.78,2500.28,2483.0,2491.01,34620,90.84,1.6,3.69
2020-01-31,2483.77,2501.46,2457.09,2499.03,95573,92.93,1.06,3.49
2020-02-03,2498.36,2521.33,2494.09,2502.43,121427,96.45,1.52,3.36
2020-02-04,2482.77,2504.26,2480.87,2497.24,158115,95.49,1.5,3.57
2020-02-05,2502.12,2524.18,2500.97,2504.6,199334,91.87,1.28,3.4
2020-02-06,2496.25,2523.72,2484.18,2511.22,128075,90.67,1.53,0.61
2020-02-07,2513.78,2521.3,2487.53,2520.38,143404,88.81,1.45,0.58
2020-02-10,2512.99,2533.4,2506.3,2524.51,59052,91.74,1.51,0.48
2020-02-11,2524.1,2524.42,2520.22,2521.2,188854,90.45,1.5,0.6
2020-02-12,2510.3,2511.96,2506.78,2510.3,163888,92.66,1.36,0.74
2020-02-13,2520.53,2524.47,2510.86,2518.24,85233,92.72,1.2,0.56
2020-02-14,2522.27,2527.38,2509.93,2523.06,129659,91.5,1.19,0.47
2020-02-17,2509.09,2520.5,2492.82,2519.62,124545,91.57,1.29,0.64
2020-02-18,2520.68,2521.1,2509.09,2516.81,177741,90.98,1.56,0.64
2020-02-19,2529.06,2541.01,2489.22,2514.56,92925,91.45,1.51,0.53
2020-02-20,2507.36,2508.02,2498.53,2504.29,73240,96.36,1.6,0.78
2020-02-21,2496.09,2514.97,2487.76,2499.29,81145,94.09,1.62,0.53
2020-02-24,2483.88,2498.75,2469.28,2494.56,141310,94.15,1.29,0.79
2020-02-25,2485.97,2505.1,2484.75,2492.76,45800,95.36,1.84,0.47
2020-02-26,2491.79,2493.3,2474.71,2488.41,29767,95.16,1.32,0.7
2020-02-27,2485.09,2492.19,2473.98,2477.12,141167,96.46,1.23,0.53
2020-02-28,2496.34,2509.7,2491.84,2494.39,110185,94.29,1.43,0.61
2020-03-02,2514.48,2515.88,2501.98,2508.46,99447,93.27,1.47,0.26
2020-03-03,2509.07,2516.2,2493.59,2503.76,58558,91.3,1.17,0.89
2020-03-04,2511.16,2517.44,2505.27,2507.35,49813,90.7,1.31,0.61
2020-03-05,2507.14,2513.64,2496.46,2512.1,76587,94.95,1.24,0.71
2020-03-06,2524.32,2539.8,2516.59,2523.0,114082,92.41,1.39,0.35
2020-03-09,2514.32,2538.3,2494.77,2520.74,78096,89.3,1.55,0.58
2020-03-10,2531.02,2537.81,2529.97,2530.88,141497,87.42,1.29,0.53
2020-03-11,2530.49,2550.03,2522.72,2527.98,67398,98.04,1.5,0.4
2020-03-12,2531.5,2541.39,2517.9,2518.82,80198,90.25,1.01,0.75
2020-03-13,2516.1,2544.21,2505.1,2526.03,130781,90.96,1.58,0.58
2020-03-16,2544.25,2549.2,2526.66,2540.58,84900,95.68,1.24,0.54
2020-03-17,2574.25,2578.65,2555.67,2562.86,86600,89.49,1.24,0.64
2020-03-18,2560.48,2561.63,2551.29,2554.66,76313,93.88,1.45,0.42
2020-03-19,2568.18,2592.75,2554.47,2561.77,70857,97.07,1.47,0.57
2020-03-20,2564.46,2575.61,2557.71,2559.95,113740,97.81,1.33,0.56
2020-03-23,2580.6,2590.21,2548.55,2570.59,119788,91.36,1.13,0.56
2020-03-24,2551.83,2572.44,2543.61,2560.18,108105,92.5,1.24,0.7
2020-03-25,2540.89,2579.12,2526.71,2551.49,77151,91.57,1.38,0.48
2020-03-26,2546.69,2557.56,2528.46,2546.74,91071,92.54,1.48,0.46
2020-03-27,2532.31,2554.85,2517.82,2548.84,186908,95.82,1.15,0.45
2020-03-30,2557.38,2558.15,2541.01,2547.98,55913,89.08,1.2,0.44
2020-03-31,2564.1,2566.91,2544.74,2554.75,209893,94.17,1.42,0.7
2020-04-01,2561.17,2579.71,2539.97,2564.5,102732,92.02,1.34,0.53
2020-04-02,2567.98,2572.45,2564.13,2570.83,91853,95.9,1.39,0.69
2020-04-03,2584.91,2586.21,2575.61,2585.47,144545,95.7,0.7,0.58
2020-04-06,2593.62,2603.0,2580.54,2593.21,43178,91.36,1.29,0.4
2020-04-07,2585.77,2591.34,2578.83,2584.78,171463,92.14,1.57,0.31
2020-04-08,2601.76,2617.52,2589.48,2597.41,207542,94.6,1.21,0.31
2020-04-09,2592.61,2595.26,2579.43,2593.96,152541,94.84,1.48,0.4
2020-04-10,2610.27,2631.9,2600.54,2602.91,42577,86.16,1.06,0.68
2020-04-13,2623.75,2642.02,2603.71,2620.24,134009,94.49,0.97,0.72
2020-04-14,2620.75,2631.01,2613.93,2625.53,190689,96.36,1.47,0.54
2020-04-15,2625.17,2641.41,2611.96,2614.69,182974,92.93,1.35,0.66
2020-04-16,2598.02,2621.27,2593.7,2608.65,56205,94.69,1.28,0.44
2020-04-17,2620.33,2629.74,2613.15,2621.05,148233,95.46,1.57,0.43
2020-04-20,2631.67,2634.99,2612.37,2624.06,202445,92.8,1.29,0.64
2020-04-21,2620.54,2629.04,2608.87,2626.24,99886,94.28,1.21,0.54
2020-04-22,2636.49,2643.65,2632.77,2634.04,55211,92.24,1.18,0.63
2020-04-23,2645.65,2669.23,2638.91,2641.35,137511,92.05,1.13,0.52
2020-04-24,2638.37,2660.83,2627.83,2645.2,150473,90.51,1.48,0.46
2020-04-27,2647.33,2650.93,2633.01,2647.9,93369,92.58,1.29,0.48
2020-04-28,2645.58,2658.64,2641.6,2646.83,61310,96.87,1.65,0.56
2020-04-29,2651.12,2658.44,2650.2,2655.52,146202,89.86,0.63,0.55
2020-04-30,2680.07,2682.26,2650.38,2661.69,72582,93.63,1.6,0.37
2020-05-01,2654.98,2664.5,2645.18,2661.07,115721,92.89,1.46,0.49
2020-05-04,2682.71,2684.3,2672.67,2674.65,184105,95.72,1.35,0.28
2020-05-05,2671.95,2687.46,2659.23,2675.1,50842,96.19,1.05,0.45
2020-05-06,2660.78,2677.59,2650.73,2669.48,141932,89.75,0.95,0.37
2020-05-07,2665.46,2676.09,2653.16,2664.64,90886,90.64,1.56,0.05
2020-05-08,2663.15,2669.6,2649.57,2657.97,91834,90.81,1.43,0.84
2020-05-11,2667.5,2674.43,2646.97,2660.16,121264,90.89,1.43,0.39
2020-05-12,2684.58,2697.51,2671.92,2672.06,72507,91.05,1.34,0.36
2020-05-13,2690.39,2707.46,2645.51,2666.83,61697,92.94,1.58,0.74
2020-05-14,2671.96,2683.25,2662.16,2669.95,48354,89.93,1.22,0.32
2020-05-15,2660.67,2669.43,2652.06,2665.98,161571,90.29,1.29,0.28
2020-05-18,2671.9,2688.37,2663.4,2668.27,85078,90.09,1.33,0.46
2020-05-19,2655.02,2672.08,2651.08,2657.14,123992,93.34,1.32,0.42
2020-05-20,2664.21,2678.82,2655.13,2656.83,81306,91.95,1.71,0.4
2020-05-21,2646.4,2663.88,2626.03,2656.74,62025,91.51,1.06,0.35
2020-05-22,2681.72,2691.61,2637.62,2662.81,128145,89.98,0.89,0.46
2020-05-25,2676.01,2679.57,2655.26,2669.16,112553,88.05,1.01,0.73
2020-05-26,2644.73,2674.12,2636.01,2658.16,89791,96.18,1.55,0.25
2020-05-27,2660.63,2671.79,2640.88,2666.3,111386,91.35,1.35,0.61
2020-05-28,2673.65,2694.81,2652.5,2667.12,67225,98.84,0.98,0.72
2020-05-29,2677.25,2685.67,2651.11,2667.83,150879,94.0,1.4,0.39
2020-06-01,2654.6,2683.93,2647.7,2664.77,165538,96.65,1.3,0.54
2020-06-02,2665.17,2670.11,2642.37,2659.48,133749,94.58,1.52,0.46
2020-06-03,2644.82,2664.67,2633.32,2660.36,85067,92.49,1.58,0.22
2020-06-04,2662.68,2673.72,2657.93,2663.4,101087,90.59,2.01,0.66
2020-06-05,2656.67,2665.64,2622.7,2647.84,184893,89.71,1.08,0.48
2020-06-08,2636.02,2649.89,2631.01,2640.39,164796,94.98,0.92,0.4
2020-06-09,2625.41,2662.62,2623.29,2637.33,219157,92.86,1.53,0.25
2020-06-10,2639.68,2644.77,2624.86,2638.52,72243,93.73,1.63,0.55
2020-06-11,2642.71,2655.18,2631.71,2647.52,69697,94.19,1.06,0.5
2020-06-12,2645.13,2650.11,2637.82,2640.15,104166,93.07,1.06,0.56
2020-06-15,2626.06,2638.76,2622.32,2633.06,116164,91.03,1.47,0.55
2020-06-16,2621.78,2631.87,2612.44,2627.87,93254,94.76,1.81,0.35
2020-06-17,2604.43,2621.53,2601.38,2620.31,84467,91.77,1.17,0.0
2020-06-18,2617.85,2619.68,2615.09,2616.52,163891,92.51,1.41,0.45
2020-06-19,2620.68,2625.64,2620.19,2621.95,95197,94.05,0.91,0.44
2020-06-22,2601.02,2610.99,2594.24,2610.33,60713,92.16,1.34,0.49
2020-06-23,2614.44,2618.36,2598.98,2612.92,63584,87.75,1.36,0.69
2020-06-24,2606.03,2609.99,2580.39,2598.02,108969,94.96,1.76,0.46
2020-06-25,2590.83,2603.68,2584.3,2592.51,328095,95.52,1.21,0.57
2020-06-26,2590.98,2592.8,2578.48,2588.9,66810,87.82,1.56,0.52
2020-06-29,2601.81,2605.42,2598.81,2599.68,87033,89.75,1.2,0.25
2020-06-30,2587.13,2611.64,2585.43,2596.51,258311,97.43,1.41,0.26
2020-07-01,2593.55,2597.94,2572.59,2577.65,81331,93.03,1.91,0.63
2020-07-02,2556.94,2565.99,2538.17,2560.56,118442,92.53,1.84,0.32
2020-07-03,2564.96,2569.04,2548.5,2559.92,209057,91.46,1.88,0.51
2020-07-06,2567.91,2589.33,2553.83,2562.0,67467,89.94,1.49,0.3
2020-07-07,2563.05,2587.6,2558.39,2564.12,87229,92.02,1.34,0.56
2020-07-08,2569.23,2577.29,2555.54,2564.56,81328,94.94,1.47,0.49
2020-07-09,2574.95,2582.29,2569.63,2573.05,53789,92.43,1.51,0.4
2020-07-10,2556.85,2573.33,2556.01,2567.77,184932,94.02,1.49,0.55
2020-07-13,2569.57,2573.95,2555.25,2572.13,78107,96.89,1.22,0.48
2020-07-14,2553.33,2563.67,2528.07,2558.03,69529,91.09,1.21,0.34
2020-07-15,2546.31,2558.7,2533.45,2549.84,82638,93.33,1.25,0.45
2020-07-16,2524.55,2541.83,2523.06,2534.47,143133,95.15,1.67,0.54
2020-07-17,2539.93,2542.97,2529.9,2531.37,103275,90.32,1.7,0.61
2020-07-20,2540.32,2542.18,2528.03,2528.17,71921,93.11,2.2,0.42
2020-07-21,2535.6,2546.69,2517.21,2528.18,116268,97.35,1.51,0.71
2020-07-22,2537.41,2544.68,2518.5,2527.77,136630,91.82,1.21,0.33
2020-07-23,2516.89,2525.19,2514.47,2519.5,97781,95.38,1.28,0.2
2020-07-24,2512.29,2532.17,2502.79,2517.09,89867,92.36,1.37,0.22
2020-07-27,2496.6,2507.84,2495.01,2502.44,148204,97.28,1.78,0.43
2020-07-28,2517.17,2525.22,2509.85,2512.32,91888,88.63,1.59,0.43
2020-07-29,2510.73,2521.06,2507.6,2509.02,187826,92.92,1.07,0.45
2020-07-30,2503.69,2505.8,2494.14,2504.27,72907,89.08,1.39,0.33
2020-07-31,2525.71,2539.68,2514.35,2515.94,72231,90.97,1.04,0.76
2020-08-03,2506.35,2513.03,2494.49,2503.31,68767,91.01,1.56,0.65
2020-08-04,2487.29,2502.28,2485.69,2493.56,89721,92.16,1.24,0.25
2020-08-05,2479.0,2512.29,2465.72,2484.08,98814,89.9,1.26,0.41
2020-08-06,2487.74,2491.29,2480.07,2482.66,58089,92.69,0.94,0.43
2020-08-07,2492.92,2501.52,2481.96,2485.16,102611,94.01,1.6,0.53
2020-08-10,2492.28,2499.2,2480.03,2488.17,123765,89.02,1.72,0.19
2020-08-11,2521.78,2536.13,2493.43,2507.51,54929,91.17,1.24,0.16
2020-08-12,2501.13,2506.99,2471.81,2488.92,80140,99.2,1.38,0.24
2020-08-13,2496.11,2499.17,2482.29,2492.81,123870,93.65,1.3,0.64
2020-08-14,2481.3,2490.14,2472.56,2487.55,63846,88.31,1.36,0.32
2020-08-17,2470.44,2488.95,2463.06,2480.18,86995,89.38,1.22,0.54
2020-08-18,2471.59,2481.33,2462.67,2474.46,152553,93.47,1.15,0.5
2020-08-19,2472.09,2481.7,2456.56,2466.51,202414,93.2,1.76,0.39
2020-08-20,2492.34,2513.61,2473.82,2478.75,117708,91.42,0.76,0.54
2020-08-21,2487.56,2488.7,2465.67,2484.45,92253,98.35,1.55,0.23
2020-08-24,2490.56,2502.74,2479.93,2481.85,80776,99.42,1.5,0.34
2020-08-25,2489.72,2496.67,2488.64,2491.55,142102,92.17,1.84,0.08
2020-08-26,2483.46,2486.22,2473.72,2478.83,155338,95.07,1.37,0.42
2020-08-27,2473.67,2497.54,2450.37,2467.58,62157,95.25,1.34,0.29
2020-08-28,2435.28,2458.5,2432.18,2449.83,142083,95.66,1.23,0.73
2020-08-31,2438.68,2442.84,2435.99,2441.71,77434,91.46,1.52,0.41
2020-09-01,2449.04,2454.31,2439.52,2442.08,69994,97.91,1.26,0.52
2020-09-02,2444.01,2448.89,2428.1,2442.0,92831,92.89,1.15,0.5
2020-09-03,2433.51,2447.38,2431.19,2442.28,146773,94.11,1.25,0.39
2020-09-04,2412.86,2441.66,2407.3,2430.58,111721,93.12,1.2,0.55
2020-09-07,2431.34,2435.91,2424.77,2434.01,110517,92.75,1.19,0.4
2020-09-08,2434.46,2437.9,2416.35,2434.98,113661,93.79,1.46,0.47
2020-09-09,2433.27,2445.52,2426.4,2439.74,119021,90.1,1.39,0.75
2020-09-10,2425.42,2430.65,2421.99,2424.38,94309,88.21,1.58,0.42
2020-09-11,2429.58,2441.09,2424.1,2425.89,127103,92.6,1.48,0.31
2020-09-14,2418.99,2422.08,2391.3,2414.13,75820,90.99,1.15,0.28
2020-09-15,2393.22,2421.18,2378.92,2410.25,128079,94.57,0.92,0.38
2020-09-16,2403.94,2417.91,2402.24,2413.45,139078,94.28,1.18,0.41
2020-09-17,2411.08,2413.81,2396.31,2413.28,130568,93.23,1.64,0.4
2020-09-18,2410.09,2422.98,2402.35,2405.96,133307,96.93,1.64,0.15
2020-09-21,2406.84,2422.5,2400.01,2403.32,118889,93.22,1.7,0.05
2020-09-22,2394.28,2402.59,2379.21,2390.9,157846,89.65,1.66,0.24
2020-09-23,2395.96,2412.45,2393.0,2398.72,39789,92.7,1.73,0.39
2020-09-24,2393.96,2400.08,2393.85,2396.32,138898,96.2,1.56,0.39
2020-09-25,2398.67,2424.05,2392.5,2403.92,217549,88.52,1.91,0.45
2020-09-28,2402.78,2417.53,2391.52,2397.25,76975,93.03,1.53,0.43
2020-09-29,2385.84,2400.71,2378.36,2392.45,73607,94.73,1.96,0.3
2020-09-30,2391.93,2399.41,2377.32,2385.85,165136,99.95,1.31,0.22
2020-10-01,2393.08,2394.58,2390.94,2391.59,68138,96.31,1.3,0.45
2020-10-02,2385.08,2398.55,2373.38,2385.4,75607,93.65,1.42,0.41
2020-10-05,2382.87,2397.63,2367.6,2387.57,105659,94.61,1.46,0.21
2020-10-06,2374.16,2392.49,2355.85,2383.85,71712,88.59,1.39,0.47
2020-10-07,2363.61,2371.17,2359.32,2368.21,140085,90.78,1.61,0.51
2020-10-08,2360.78,2366.22,2347.69,2363.12,71946,95.06,1.45,0.49
2020-10-09,2336.8,2356.78,2333.65,2353.52,114034,93.88,1.32,0.51
2020-10-12,2349.75,2352.36,2345.22,2351.14,110613,94.21,1.38,0.25
2020-10-13,2348.0,2356.35,2330.5,2341.51,192058,93.62,1.78,0.49
2020-10-14,2351.5,2359.31,2340.12,2347.51,157333,93.49,1.56,0.34
2020-10-15,2342.51,2351.55,2337.41,2346.0,79872,93.77,1.06,0.67
2020-10-16,2344.18,2367.87,2342.79,2343.85,59528,90.88,1.86,0.5
2020-10-19,2342.16,2347.27,2335.82,2346.07,138024,92.94,1.6,0.42
2020-10-20,2353.42,2354.44,2350.11,2352.37,76011,90.37,1.65,0.62
2020-10-21,2362.25,2363.83,2343.12,2351.38,86312,91.93,1.72,0.28
2020-10-22,2351.65,2358.75,2344.03,2344.84,64606,96.51,1.74,0.44
2020-10-23,2334.59,2346.96,2330.04,2330.95,129521,93.13,1.26,0.69
2020-10-26,2319.87,2327.61,2311.78,2323.31,76221,95.11,1.23,0.48
2020-10-27,2323.19,2326.5,2307.36,2317.97,97341,93.93,2.1,0.38
2020-10-28,2306.2,2323.26,2296.56,2317.93,97948,92.68,1.33,0.31
2020-10-29,2312.83,2320.8,2309.03,2314.58,106236,91.14,1.6,0.21
2020-10-30,2322.84,2336.0,2317.63,2318.78,128624,92.64,1.91,0.31
2020-11-02,2316.85,2326.13,2298.64,2311.72,89578,94.13,1.4,0.23
2020-11-03,2315.12,2317.87,2300.0,2310.48,73381,95.13,1.42,0.31
2020-11-04,2320.34,2322.32,2312.68,2318.29,46919,93.95,1.74,0.33
2020-11-05,2318.59,2327.87,2313.41,2319.96,102852,95.26,1.57,0.49
2020-11-06,2322.43,2326.08,2302.2,2318.69,92707,89.84,1.64,0.28
2020-11-09,2305.1,2313.92,2304.52,2311.71,74295,95.84,1.5,0.25
2020-11-10,2300.44,2315.9,2288.84,2306.28,101216,90.88,1.39,0.47
2020-11-11,2299.72,2312.84,2292.29,2299.29,139022,96.19,1.44,0.45
2020-11-12,2295.75,2307.25,2283.1,2294.56,154007,95.02,1.83,0.3
2020-11-13,2286.62,2308.87,2284.47,2299.21,53420,89.06,1.46,0.43
2020-11-16,2298.16,2305.34,2292.62,2295.03,85447,95.6,1.64,0.3
2020-11-17,2289.77,2303.54,2279.81,2284.48,144988,96.3,1.29,0.3
2020-11-18,2295.89,2297.0,2288.92,2296.42,186916,96.89,2.05,0.57
2020-11-19,2314.29,2319.84,2295.99,2297.92,71189,91.82,1.62,0.31
2020-11-20,2282.26,2287.14,2263.25,2286.94,171326,94.25,1.63,0.27
2020-11-23,2278.73,2286.08,2273.69,2281.2,57524,95.56,1.78,0.33
2020-11-24,2278.48,2291.47,2270.44,2281.19,156265,95.67,1.43,0.03
2020-11-25,2292.13,2293.94,2288.81,2292.65,88194,94.79,1.85,0.3
2020-11-26,2281.6,2286.98,2267.42,2283.85,184449,92.75,1.18,0.37
2020-11-27,2280.4,2300.64,2264.23,2290.07,81992,96.25,1.4,0.62
2020-11-30,2293.84,2298.74,2288.56,2297.61,87207,96.23,1.36,0.34
2020-12-01,2291.58,2311.14,2286.28,2292.25,93586,93.38,1.09,0.39
2020-12-02,2297.87,2301.99,2284.37,2289.43,53379,91.83,1.43,0.37
2020-12-03,2296.23,2314.58,2278.54,2281.16,48776,92.01,1.56,0.66
2020-12-04,2288.01,2296.94,2273.36,2278.88,121062,97.25,1.3,0.47
2020-12-07,2270.78,2280.78,2255.11,2276.07,146588,96.23,1.27,0.1
2020-12-08,2275.23,2285.85,2274.37,2279.99,125873,93.78,1.59,0.5
2020-12-09,2285.93,2297.26,2283.29,2287.02,59779,93.3,1.56,0.17
2020-12-10,2293.04,2297.42,2274.7,2280.83,119620,89.41,1.52,0.22
2020-12-11,2264.8,2268.56,2254.95,2265.93,66430,93.69,1.27,0.12
2020-12-14,2254.23,2269.13,2250.3,2263.24,116199,90.94,1.5,0.59
2020-12-15,2261.12,2273.02,2255.36,2264.53,155207,94.3,1.43,0.49
2020-12-16,2270.65,2276.6,2260.73,2265.5,114346,96.87,1.62,0.5
2020-12-17,2267.05,2282.31,2248.4,2262.36,177622,91.47,1.46,0.46
2020-12-18,2261.09,2271.46,2252.89,2262.45,92967,94.51,1.59,0.41
2020-12-21,2275.39,2287.63,2267.08,2270.73,90521,96.37,1.28,0.26
2020-12-22,2257.15,2281.3,2248.22,2272.65,101411,94.42,1.27,0.34
2020-12-23,2269.88,2275.25,2257.48,2269.17,57696,92.57,1.76,0.23
2020-12-24,2270.64,2270.71,2258.99,2264.79,84020,93.93,1.81,0.18
2020-12-25,2257.12,2265.69,2249.79,2262.78,87024,96.31,1.52,0.21
2020-12-28,2266.23,2283.85,2254.89,2271.93,88115,94.53,1.64,0.65
2020-12-29,2257.1,2270.51,2244.15,2269.81,109898,93.87,1.52,0.24
2020-12-30,2279.68,2291.21,2258.85,2268.86,54604,96.78,1.91,0.45
2020-12-31,2259.71,2273.69,2258.49,2264.61,62427,95.19,1.59,0.61
2021-01-01,2274.16,2276.27,2267.07,2272.52,155255,90.86,1.51,0.41
2021-01-04,2288.17,2298.35,2282.82,2284.03,44227,95.39,1.89,0.18
2021-01-05,2296.83,2306.57,2276.58,2286.46,126316,96.17,1.46,0.18
2021-01-06,2285.19,2289.22,2278.07,2286.24,85014,90.71,1.69,0.31
2021-01-07,2281.99,2289.31,2277.99,2285.69,105245,88.13,1.39,0.63
2021-01-08,2268.96,2270.14,2262.0,2267.78,184100,91.29,1.83,0.51
2021-01-11,2279.31,2281.57,2268.93,2270.57,93669,93.62,1.87,0.37
2021-01-12,2269.56,2281.62,2266.82,2270.72,126773,96.4,1.35,0.26
2021-01-13,2266.46,2291.9,2264.46,2272.98,101055,91.64,1.31,0.34
2021-01-14,2256.6,2274.5,2256.6,2267.08,94490,95.28,1.75,0.31
2021-01-15,2255.24,2265.73,2248.44,2263.53,89924,86.68,2.17,0.31
2021-01-18,2263.93,2272.09,2254.81,2258.07,130669,94.39,1.91,0.15
2021-01-19,2262.36,2268.5,2254.39,2264.54,73670,92.89,1.64,0.15
2021-01-20,2256.92,2267.48,2252.14,2261.04,62767,99.17,1.48,0.33
2021-01-21,2270.22,2275.17,2267.98,2275.11,101700,89.12,1.4,0.11
2021-01-22,2277.97,2285.75,2271.82,2277.39,106629,93.81,1.88,0.19
2021-01-25,2264.09,2267.81,2263.14,2265.71,47588,89.16,1.95,0.28
2021-01-26,2262.14,2271.25,2254.79,2263.99,98302,92.54,1.56,0.33
2021-01-27,2267.69,2276.81,2257.99,2258.54,60430,89.68,1.66,0.44
2021-01-28,2252.53,2253.99,2235.7,2242.19,126847,99.77,1.74,0.09
2021-01-29,2241.83,2253.34,2237.74,2252.71,47979,93.08,2.18,0.09
2021-02-01,2257.39,2268.47,2251.69,2255.18,213209,93.43,1.76,0.47
2021-02-02,2252.9,2260.04,2247.48,2258.17,86225,93.83,1.5,0.52
2021-02-03,2256.86,2274.31,2253.86,2258.54,69843,91.11,1.46,0.11
2021-02-04,2250.01,2262.14,2228.09,2247.93,88151,96.63,1.52,0.14
2021-02-05,2242.27,2244.87,2237.19,2243.71,123316,95.61,2.07,0.35
2021-02-08,2248.7,2250.31,2246.92,2247.14,140953,96.29,1.89,0.27
2021-02-09,2243.44,2249.0,2231.58,2238.92,88457,90.99,1.68,0.27
2021-02-10,2222.3,2229.53,2216.07,2220.34,55521,96.97,1.04,0.15
2021-02-11,2213.66,2232.91,2205.49,2217.96,60783,96.69,1.56,0.37
2021-02-12,2212.0,2216.3,2204.08,2216.19,110697,93.57,1.87,0.23
2021-02-15,2205.08,2224.28,2194.03,2214.65,146521,96.4,1.88,0.22
2021-02-16,2213.26,2219.09,2209.36,2218.95,154351,94.82,1.88,0.09
2021-02-17,2235.7,2238.5,2211.75,2222.62,105581,90.13,1.47,0.38
2021-02-18,2218.35,2248.39,2212.94,2223.64,145352,93.66,1.85,0.2
2021-02-19,2223.24,2240.6,2220.74,2231.23,212126,92.87,1.57,0.25
2021-02-22,2220.23,2220.67,2203.3,2218.1,158917,94.35,1.82,0.43
2021-02-23,2220.1,2221.83,2200.61,2220.83,142745,96.68,1.64,0.1
2021-02-24,2223.12,2232.89,2220.06,2224.43,71494,90.01,2.1,0.24
2021-02-25,2224.33,2233.22,2214.89,2214.97,145081,93.05,1.92,0.02
2021-02-26,2207.36,2233.06,2200.64,2203.73,118716,92.16,1.81,0.17
2021-03-01,2192.6,2201.74,2185.37,2196.09,128060,92.31,2.2,0.44
2021-03-02,2187.95,2190.99,2168.8,2190.74,163479,92.22,1.77,0.02
2021-03-03,2191.85,2206.68,2176.2,2195.16,113939,94.43,1.51,0.28
2021-03-04,2195.89,2203.62,2180.17,2190.14,94748,95.59,2.13,0.49
2021-03-05,2181.44,2203.08,2171.64,2183.46,64347,95.19,1.94,0.33
2021-03-08,2165.11,2181.67,2157.9,2176.82,87675,94.82,1.81,0.15
2021-03-09,2183.41,2193.34,2183.0,2183.73,107488,95.87,1.73,0.07
2021-03-10,2172.97,2198.79,2166.57,2183.04,110309,100.27,2.02,0.0
2021-03-11,2195.32,2202.61,2180.85,2181.03,108830,94.67,2.11,0.47
2021-03-12,2173.18,2195.69,2169.51,2179.5,144900,96.89,1.72,0.17
2021-03-15,2184.87,2191.68,2172.17,2185.94,139545,96.72,2.06,0.0
2021-03-16,2181.7,2183.86,2178.67,2180.01,96294,98.78,1.99,0.08
2021-03-17,2186.38,2200.31,2179.16,2188.28,70339,95.69,1.72,0.07
2021-03-18,2187.05,2189.64,2178.18,2188.95,115075,92.18,1.94,0.16
2021-03-19,2189.83,2196.21,2182.26,2187.07,242446,95.06,1.81,0.59
2021-03-22,2211.98,2213.3,2199.01,2201.9,112251,94.85,2.27,0.37
2021-03-23,2198.86,2205.78,2187.66,2193.81,87695,96.3,1.8,0.3
2021-03-24,2200.3,2202.27,2176.58,2190.58,122312,92.1,2.35,0.41
2021-03-25,2174.47,2181.49,2159.68,2181.32,125278,97.49,2.01,0.5
2021-03-26,2189.18,2206.07,2182.93,2187.09,124724,94.31,1.54,0.31
2021-03-29,2197.32,2198.58,2185.08,2196.3,170954,96.35,1.45,0.44
2021-03-30,2209.42,2221.3,2202.6,2207.1,115201,94.97,1.95,0.13
2021-03-31,2223.98,2229.84,2213.01,2214.83,167739,94.46,2.34,0.09
2021-04-01,2211.2,2226.48,2208.94,2212.67,108238,94.75,2.32,0.07
2021-04-02,2206.65,2218.29,2204.63,2209.34,180773,95.87,2.06,0.26
2021-04-05,2198.79,2202.39,2193.94,2195.28,159962,99.15,1.85,0.0
2021-04-06,2196.83,2213.41,2191.19,2208.61,142731,89.15,1.94,0.42
2021-04-07,2209.52,2213.7,2208.07,2211.09,135357,95.53,2.1,0.14
2021-04-08,2205.99,2214.53,2205.71,2206.88,247856,94.31,2.33,0.34
2021-04-09,2209.23,2217.81,2207.5,2215.34,151849,93.71,2.2,0.01
2021-04-12,2213.09,2219.57,2205.51,2206.09,70282,88.29,2.32,0.38
2021-04-13,2201.1,2213.05,2194.67,2208.13,108919,95.64,2.24,0.42
2021-04-14,2205.25,2209.73,2204.43,2206.15,88797,93.89,2.32,0.23
2021-04-15,2211.75,2221.82,2208.02,2209.8,225435,92.1,1.53,0.29
2021-04-16,2217.54,2228.76,2205.19,2208.58,162848,94.3,1.88,0.05
2021-04-19,2195.97,2198.22,2186.73,2196.04,222521,93.52,1.85,0.21
2021-04-20,2201.95,2202.19,2194.43,2195.78,72838,89.9,1.83,0.35
2021-04-21,2206.9,2208.38,2191.63,2202.27,153379,94.44,2.14,0.16
2021-04-22,2202.09,2204.98,2197.37,2201.28,57193,95.68,1.78,0.43
2021-04-23,2198.67,2206.38,2191.48,2205.88,52216,92.83,1.91,0.0
2021-04-26,2186.71,2201.5,2179.58,2196.16,84222,94.91,2.14,0.15
2021-04-27,2195.9,2196.75,2192.26,2195.2,180764,94.53,1.77,0.0
2021-04-28,2186.54,2207.69,2180.29,2190.1,66366,96.9,2.06,0.25
2021-04-29,2200.53,2215.92,2191.24,2194.48,98054,94.0,2.35,0.17
2021-04-30,2198.83,2215.78,2190.82,2193.92,158821,96.27,1.89,0.17
2021-05-03,2195.01,2196.23,2190.46,2196.23,138491,93.47,2.41,0.31
2021-05-04,2195.33,2211.36,2191.0,2202.98,239539,99.14,2.02,0.15
2021-05-05,2210.38,2213.44,2193.18,2207.0,98849,93.1,2.3,0.61
2021-05-06,2201.37,2208.63,2196.86,2208.12,82730,92.48,1.96,0.31
2021-05-07,2195.39,2204.39,2192.14,2200.4,63717,93.98,2.36,0.2
2021-05-10,2191.46,2219.6,2187.72,2197.92,85203,92.42,2.19,0.09
2021-05-11,2192.54,2195.67,2190.12,2193.45,63485,91.14,2.39,0.05
2021-05-12,2197.98,2202.68,2183.61,2190.29,48118,96.1,2.14,0.25
2021-05-13,2186.9,2201.38,2178.45,2186.93,216502,86.64,2.42,0.11
2021-05-14,2176.52,2196.62,2167.87,2179.41,100665,92.54,2.5,0.33
2021-05-17,2153.69,2165.01,2146.9,2163.59,278336,91.07,2.35,0.17
2021-05-18,2161.85,2168.29,2153.68,2158.28,70564,94.8,2.2,0.17
2021-05-19,2153.77,2166.21,2146.23,2158.82,83156,88.97,2.27,0.2
2021-05-20,2149.67,2153.65,2144.87,2148.91,72392,95.87,2.02,0.16
2021-05-21,2145.97,2154.03,2143.42,2148.25,76396,96.14,2.4,0.22
2021-05-24,2164.16,2169.39,2154.12,2158.73,140006,90.36,2.52,0.49
2021-05-25,2163.9,2173.5,2150.83,2164.92,123813,94.89,2.77,0.26
2021-05-26,2175.0,2185.52,2165.53,2175.39,140107,95.65,2.71,0.24
2021-05-27,2180.47,2181.85,2168.67,2177.29,168874,96.7,2.15,0.29
2021-05-28,2198.35,2202.9,2168.84,2184.54,153728,90.64,2.45,0.16
2021-05-31,2182.92,2186.51,2167.67,2177.12,65946,90.33,2.39,0.03
2021-06-01,2171.36,2177.48,2154.09,2171.93,80055,98.13,2.74,0.0
2021-06-02,2152.53,2165.93,2149.55,2152.51,103631,92.42,2.26,0.0
2021-06-03,2156.39,2164.85,2149.39,2159.8,438508,93.12,2.67,0.28
2021-06-04,2163.34,2172.34,2160.8,2169.53,134451,95.97,2.21,0.22
2021-06-07,2159.74,2170.52,2153.96,2163.33,103019,91.5,2.45,0.14
2021-06-08,2155.82,2164.53,2153.81,2160.83,129224,93.77,2.27,0.52
2021-06-09,2159.16,2169.41,2154.92,2154.93,77555,96.69,2.01,0.16
2021-06-10,2149.83,2168.37,2141.2,2156.76,109641,90.9,2.28,0.0
2021-06-11,2172.3,2175.25,2140.9,2163.65,144619,93.17,2.45,0.27
2021-06-14,2154.25,2156.76,2141.5,2149.4,97577,91.68,2.9,0.33
2021-06-15,2151.54,2155.37,2146.57,2151.4,72938,92.55,2.28,0.27
2021-06-16,2148.77,2154.11,2148.33,2148.76,95688,97.46,2.41,0.33
2021-06-17,2145.17,2156.31,2138.72,2148.77,86870,98.01,2.21,0.0
2021-06-18,2152.85,2168.53,2148.85,2151.11,57362,95.13,2.86,0.17
2021-06-21,2154.44,2162.42,2146.27,2147.43,78541,95.84,2.49,0.03
2021-06-22,2141.44,2154.14,2138.85,2145.96,56549,95.77,2.52,0.23
2021-06-23,2133.89,2154.07,2114.05,2143.75,60191,92.84,2.53,0.38
2021-06-24,2154.09,2158.69,2136.35,2149.55,62543,95.09,2.14,0.1
2021-06-25,2153.72,2162.57,2147.36,2151.62,144549,91.24,2.27,0.25
2021-06-28,2143.48,2151.9,2142.81,2150.71,179093,92.09,2.43,0.02
2021-06-29,2136.64,2155.49,2132.04,2141.35,53400,94.32,2.83,0.14
2021-06-30,2132.53,2141.59,2125.47,2138.04,185734,91.9,2.06,0.07
2021-07-01,2138.68,2144.79,2135.09,2143.34,62903,91.34,2.83,0.42
2021-07-02,2141.21,2143.63,2134.77,2143.29,133086,92.75,2.79,0.0
2021-07-05,2146.38,2158.45,2131.06,2148.1,109471,97.37,2.27,0.16
2021-07-06,2156.03,2164.19,2153.9,2160.24,127304,98.33,2.66,0.35
2021-07-07,2162.55,2169.67,2145.13,2167.48,61926,94.32,3.04,0.0
2021-07-08,2166.79,2168.47,2165.16,2168.27,47813,95.85,2.49,0.2
2021-07-09,2166.03,2181.98,2162.82,2164.94,71599,93.0,2.63,0.16
2021-07-12,2145.92,2150.24,2134.04,2147.96,117095,89.34,3.48,0.03
2021-07-13,2154.44,2175.86,2144.39,2146.97,215941,92.27,2.88,0.32
2021-07-14,2148.2,2153.23,2143.78,2144.93,65389,93.75,2.75,0.39
2021-07-15,2137.47,2155.07,2127.21,2147.72,94889,94.86,2.7,0.23
2021-07-16,2150.21,2154.06,2141.17,2146.84,73157,94.26,2.92,0.09
2021-07-19,2148.92,2154.04,2140.8,2145.03,98037,93.81,3.03,0.0
2021-07-20,2130.41,2133.54,2126.6,2133.19,45601,93.14,2.33,0.16
2021-07-21,2117.5,2136.19,2113.35,2127.04,179731,95.47,2.32,0.11
2021-07-22,2130.44,2130.46,2126.65,2130.39,99669,91.18,2.64,0.11
2021-07-23,2142.04,2167.2,2128.89,2142.09,142467,96.54,2.86,0.05
2021-07-26,2134.59,2157.61,2132.78,2141.79,89959,93.07,2.95,0.04
2021-07-27,2134.83,2144.61,2126.45,2144.16,106537,99.69,2.51,0.13
2021-07-28,2150.19,2152.14,2139.48,2150.76,155057,93.7,2.9,0.0
2021-07-29,2143.93,2153.84,2142.45,2145.43,104056,93.31,2.94,0.28
2021-07-30,2145.38,2154.95,2139.96,2148.07,105565,93.09,2.76,0.01
2021-08-02,2142.88,2146.52,2139.42,2143.42,71856,93.35,2.87,0.14
2021-08-03,2142.31,2153.93,2128.13,2149.42,79716,96.01,2.83,0.07
2021-08-04,2147.8,2158.38,2133.62,2150.6,65832,94.38,3.14,0.21
2021-08-05,2156.23,2169.76,2146.19,2152.78,73481,96.94,3.03,0.21
2021-08-06,2145.38,2150.49,2141.28,2147.64,162834,95.66,2.76,0.19
2021-08-09,2141.99,2153.66,2137.46,2152.78,203504,94.56,3.31,0.0
2021-08-10,2164.05,2181.69,2154.43,2167.12,59939,95.33,2.74,0.08
2021-08-11,2153.48,2166.87,2146.98,2160.41,115620,97.43,2.66,0.35
2021-08-12,2159.99,2169.87,2156.61,2158.26,86935,96.09,3.04,0.06
2021-08-13,2162.06,2165.67,2157.24,2159.99,172609,95.14,3.05,0.27
2021-08-16,2154.93,2174.02,2153.98,2165.71,104187,95.47,3.16,0.11
2021-08-17,2166.97,2175.9,2160.58,2162.05,98421,91.55,2.86,0.06
2021-08-18,2135.85,2147.0,2118.75,2143.0,73283,100.96,3.39,0.13
2021-08-19,2162.42,2165.95,2148.12,2152.35,53492,95.8,3.6,0.0
2021-08-20,2157.35,2163.7,2149.62,2157.67,133836,96.02,3.18,0.24
2021-08-23,2138.19,2156.49,2125.3,2146.21,113685,94.44,3.3,0.0
2021-08-24,2134.92,2147.7,2125.62,2142.26,114803,88.79,2.7,0.18
2021-08-25,2155.28,2169.18,2149.35,2153.03,77673,93.81,3.13,0.26
2021-08-26,2160.49,2168.94,2154.22,2163.03,93124,94.61,3.08,0.16
2021-08-27,2168.96,2173.01,2168.72,2169.59,135459,92.33,3.05,0.01
2021-08-30,2179.24,2184.13,2159.26,2168.75,146216,92.31,3.13,0.12
2021-08-31,2164.92,2177.75,2161.56,2169.47,61611,93.54,3.16,0.0
2021-09-01,2169.12,2179.49,2168.32,2168.73,76623,96.32,2.95,0.06
2021-09-02,2185.88,2186.35,2170.96,2176.61,56615,97.49,3.2,0.02
2021-09-03,2172.54,2173.09,2159.97,2170.77,106991,94.81,3.08,0.0
2021-09-06,2155.19,2166.91,2152.94,2165.63,140608,92.99,3.57,0.19
2021-09-07,2175.99,2178.51,2156.28,2172.69,88301,93.47,3.46,0.24
2021-09-08,2164.97,2187.41,2163.37,2172.55,75724,94.62,3.47,0.25
2021-09-09,2191.37,2195.1,2174.92,2182.16,86325,94.87,3.65,0.12
2021-09-10,2172.33,2194.87,2155.55,2177.71,248332,95.43,3.21,0.31
2021-09-13,2197.09,2208.25,2176.48,2177.69,159017,93.25,3.51,0.0
2021-09-14,2181.09,2195.95,2159.6,2171.53,132243,95.7,3.72,0.28
2021-09-15,2166.55,2181.07,2165.76,2171.74,112198,95.5,3.24,0.22
2021-09-16,2161.94,2167.07,2156.52,2161.81,98213,93.44,2.97,0.09
2021-09-17,2163.53,2167.26,2156.28,2158.65,68689,90.15,3.32,0.11
2021-09-20,2154.31,2168.65,2132.19,2149.26,64558,92.28,3.76,0.23
2021-09-21,2156.98,2169.88,2143.58,2154.12,78655,98.39,3.29,0.18
2021-09-22,2167.25,2169.8,2156.55,2159.14,67405,90.21,3.43,0.12
2021-09-23,2146.77,2156.63,2139.23,2147.56,77410,97.8,3.36,0.01
2021-09-24,2154.39,2160.34,2151.74,2156.76,94773,90.13,3.52,0.0
2021-09-27,2171.9,2181.08,2165.42,2174.16,97721,92.43,3.34,0.09
2021-09-28,2180.23,2186.28,2171.86,2174.63,77022,93.43,3.24,0.0
2021-09-29,2172.78,2174.7,2168.45,2170.4,120340,98.84,3.51,0.18
2021-09-30,2191.87,2207.04,2184.26,2189.96,91527,94.35,3.56,0.0
2021-10-01,2186.24,2192.06,2178.28,2181.03,107568,93.8,3.92,0.12
2021-10-04,2168.11,2196.01,2153.3,2181.54,73288,91.99,3.69,0.03
2021-10-05,2184.96,2192.38,2175.06,2182.93,130241,95.63,3.39,0.0
2021-10-06,2193.79,2197.27,2175.59,2192.36,79702,92.99,3.52,0.02
2021-10-07,2205.99,2212.59,2184.47,2195.0,187854,93.69,3.89,0.0
2021-10-08,2181.67,2191.84,2169.72,2191.72,90219,93.38,3.61,0.0
2021-10-11,2195.73,2207.03,2182.83,2185.52,95046,96.11,3.48,0.0
2021-10-12,2183.82,2188.78,2173.1,2183.33,125170,96.22,3.79,0.0
2021-10-13,2179.77,2194.28,2167.79,2176.57,136590,92.13,3.58,0.53
2021-10-14,2188.01,2190.6,2171.24,2177.06,142605,92.78,3.91,0.0
2021-10-15,2177.01,2183.83,2166.69,2173.35,200834,92.56,3.89,0.12
2021-10-18,2166.11,2168.61,2160.95,2163.51,128637,94.88,3.54,0.0
2021-10-19,2173.81,2174.91,2170.95,2172.24,96105,96.64,4.29,0.0
2021-10-20,2165.84,2174.31,2144.16,2168.99,79868,94.88,3.82,0.0
2021-10-21,2160.32,2172.41,2156.55,2160.5,93570,88.96,3.2,0.22
2021-10-22,2154.88,2172.9,2144.76,2159.51,178725,96.34,3.97,0.23
2021-10-25,2160.05,2173.62,2155.78,2160.34,56682,91.06,3.26,0.0
2021-10-26,2133.58,2154.39,2131.95,2148.64,71139,92.71,4.18,0.19
2021-10-27,2153.81,2175.27,2145.64,2151.04,90436,94.98,3.94,0.0
2021-10-28,2143.33,2149.83,2120.67,2144.12,70761,94.31,3.9,0.0
2021-10-29,2153.68,2162.46,2144.74,2155.86,83825,96.64,3.93,0.15
2021-11-01,2161.2,2163.64,2150.66,2159.78,203311,92.91,4.11,0.0
2021-11-02,2147.94,2173.24,2129.02,2157.22,87619,92.04,3.85,0.0
2021-11-03,2164.77,2168.27,2145.41,2152.32,116385,93.7,3.98,0.05
2021-11-04,2151.1,2162.72,2144.46,2151.76,50854,96.92,4.02,0.05
2021-11-05,2155.13,2165.84,2147.48,2156.08,63514,96.03,3.28,0.0
2021-11-08,2150.02,2161.62,2141.72,2156.26,143354,94.68,4.18,0.37
2021-11-09,2155.1,2155.92,2137.19,2154.94,192376,97.78,4.24,0.0
2021-11-10,2164.46,2164.5,2154.82,2155.5,107857,97.32,4.17,0.18
2021-11-11,2158.24,2160.35,2132.87,2151.56,87342,96.45,4.16,0.13
2021-11-12,2154.9,2155.22,2148.54,2149.39,120386,91.55,4.48,0.0
2021-11-15,2139.17,2142.82,2128.37,2135.67,34927,96.52,4.1,0.1
2021-11-16,2140.08,2145.32,2137.69,2142.38,108190,94.03,4.12,0.0
2021-11-17,2135.23,2148.55,2127.21,2144.56,64961,93.53,3.97,0.04
2021-11-18,2138.2,2146.04,2121.4,2139.49,135623,92.84,3.66,0.16
2021-11-19,2150.96,2156.15,2149.73,2152.48,41071,94.05,4.27,0.0
2021-11-22,2160.21,2170.51,2129.25,2153.43,76776,92.91,4.05,0.09
2021-11-23,2148.56,2154.63,2144.75,2146.57,97110,94.93,3.71,0.0
2021-11-24,2162.94,2171.01,2144.36,2152.53,72786,94.05,4.18,0.05
2021-11-25,2163.13,2164.62,2150.12,2155.39,84948,95.01,4.19,0.04
2021-11-26,2155.27,2166.3,2141.31,2158.22,141743,95.83,4.17,0.0
2021-11-29,2144.08,2162.67,2135.15,2155.69,97753,93.73,4.29,0.0
2021-11-30,2167.88,2170.65,2146.2,2158.91,68034,92.6,3.87,0.14
2021-12-01,2166.08,2174.25,2156.81,2157.28,143797,89.44,4.52,0.32
2021-12-02,2152.36,2185.31,2141.56,2161.22,109140,96.36,4.39,0.04
2021-12-03,2158.18,2166.65,2144.49,2148.45,110967,94.7,4.61,0.0
2021-12-06,2148.33,2158.39,2131.31,2145.87,69078,94.07,4.19,0.05
2021-12-07,2158.74,2165.37,2154.8,2157.7,35630,97.38,4.44,0.19
2021-12-08,2163.08,2182.79,2151.0,2152.65,68702,91.26,3.88,0.21
2021-12-09,2157.38,2159.23,2128.28,2148.72,65963,94.64,4.15,0.15
2021-12-10,2150.03,2150.44,2143.11,2145.84,77240,92.1,4.02,0.08
2021-12-13,2141.04,2149.26,2136.81,2138.0,70492,96.19,4.46,0.11
2021-12-14,2127.26,2140.58,2122.8,2123.34,103267,89.07,4.13,0.03
2021-12-15,2119.4,2126.19,2108.02,2121.95,140414,96.65,4.3,0.0
2021-12-16,2122.66,2129.59,2121.93,2123.01,151822,96.54,4.42,0.0
2021-12-17,2117.07,2131.25,2116.2,2122.81,137982,92.33,4.33,0.0
2021-12-20,2120.08,2124.81,2111.86,2122.2,68937,94.8,4.13,0.05
2021-12-21,2120.3,2123.01,2110.24,2122.64,101069,92.38,4.88,0.0
2021-12-22,2125.59,2136.73,2121.49,2129.64,184622,95.67,4.5,0.08
2021-12-23,2129.39,2134.05,2127.97,2128.52,52370,96.65,4.9,0.0
2021-12-24,2122.77,2127.08,2118.88,2124.83,169277,92.11,4.24,0.06
2021-12-27,2126.5,2131.13,2114.38,2123.3,66274,91.39,4.43,0.18
2021-12-28,2116.98,2128.7,2114.53,2127.34,111024,97.35,4.55,0.13
2021-12-29,2136.25,2141.68,2131.64,2136.97,116437,99.41,4.92,0.0
2021-12-30,2133.75,2134.86,2131.87,2132.91,106506,95.82,4.96,0.09
2021-12-31,2131.74,2133.87,2126.94,2133.72,240719,96.0,4.45,0.1
2022-01-03,2135.25,2144.03,2130.17,2136.36,87523,93.73,4.4,0.25
2022-01-04,2119.71,2135.21,2118.1,2129.84,51236,95.05,4.59,0.05
2022-01-05,2132.41,2135.57,2120.0,2130.13,113843,95.47,4.9,0.15
2022-01-06,2124.59,2131.75,2111.69,2120.48,92224,94.19,4.64,0.0
2022-01-07,2111.97,2114.94,2105.86,2108.84,123243,98.08,4.7,0.0
2022-01-10,2118.21,2120.27,2110.63,2111.63,140482,95.14,4.94,0.12
2022-01-11,2110.51,2111.21,2095.98,2109.24,97394,95.47,4.91,0.12
2022-01-12,2113.76,2117.33,2104.44,2110.73,117538,94.29,4.92,0.0
2022-01-13,2111.76,2119.34,2093.72,2110.77,104578,94.55,4.84,0.0
2022-01-14,2108.78,2119.79,2091.74,2104.44,202147,97.78,5.03,0.0
2022-01-17,2094.53,2106.89,2092.42,2104.49,85116,95.1,4.41,0.0
2022-01-18,2090.86,2105.45,2090.73,2096.48,74994,95.2,5.29,0.02
2022-01-19,2115.87,2118.14,2103.14,2105.84,140405,95.18,5.0,0.12
2022-01-20,2081.54,2105.44,2069.07,2097.02,68072,93.86,4.7,0.14
2022-01-21,2095.0,2110.1,2093.54,2095.88,115481,91.26,5.03,0.0
2022-01-24,2096.7,2113.37,2075.26,2089.35,92241,98.74,4.68,0.0
2022-01-25,2092.68,2098.71,2091.86,2093.26,94794,97.46,4.9,0.0
2022-01-26,2088.69,2098.41,2083.24,2091.23,261691,97.93,4.93,0.0
2022-01-27,2088.78,2090.88,2080.74,2087.97,161722,92.14,5.01,0.0
2022-01-28,2091.52,2096.81,2084.54,2093.74,148543,98.4,4.68,0.0
2022-01-31,2094.48,2107.86,2092.31,2094.28,122055,99.7,5.04,0.0
2022-02-01,2093.55,2098.47,2089.58,2097.85,74861,97.38,4.72,0.0
2022-02-02,2098.48,2105.88,2087.28,2091.52,109600,98.92,5.02,0.0
2022-02-03,2091.33,2093.69,2071.86,2082.44,124658,96.85,4.83,0.02
2022-02-04,2082.46,2083.79,2072.4,2083.3,106894,92.73,4.39,0.24
2022-02-07,2072.89,2097.76,2065.27,2081.55,102528,96.12,4.68,0.0
2022-02-08,2082.54,2093.46,2082.4,2085.81,84205,92.28,5.08,0.0
2022-02-09,2084.29,2087.81,2081.14,2085.44,110126,93.34,4.8,0.01
2022-02-10,2090.1,2092.34,2077.35,2086.94,79999,95.62,5.19,0.0
2022-02-11,2070.17,2090.37,2065.14,2076.45,130792,95.34,4.59,0.0
2022-02-14,2084.36,2089.43,2076.67,2089.18,44076,95.97,5.08,0.0
2022-02-15,2091.45,2094.23,2083.93,2088.25,169990,90.34,4.9,0.0
2022-02-16,2098.89,2099.25,2076.86,2093.0,58415,94.41,4.86,0.0
2022-02-17,2083.75,2091.02,2075.58,2087.64,64414,96.19,4.63,0.0
2022-02-18,2081.46,2090.13,2069.88,2089.82,116255,96.68,4.98,0.0
2022-02-21,2102.12,2118.62,2075.62,2081.61,122513,96.89,4.69,0.15
2022-02-22,2089.63,2102.56,2078.37,2084.73,226683,95.47,4.79,0.02
2022-02-23,2080.88,2085.46,2071.35,2082.54,111136,93.9,4.92,0.1
2022-02-24,2088.32,2101.42,2080.94,2082.89,97131,96.1,4.87,0.0
2022-02-25,2086.84,2090.53,2072.31,2087.62,106565,94.07,5.22,0.0
2022-02-28,2085.29,2091.3,2074.82,2079.88,186501,97.12,4.33,0.01
2022-03-01,2076.54,2088.53,2066.32,2075.55,260344,95.96,4.94,0.2
2022-03-02,2079.26,2085.79,2070.25,2078.69,91681,94.72,4.9,0.0
2022-03-03,2091.92,2097.38,2082.92,2092.63,122652,92.87,4.99,0.0
2022-03-04,2082.79,2097.25,2072.23,2091.87,95821,97.6,4.86,0.0
2022-03-07,2108.31,2111.59,2091.72,2096.12,95062,96.17,5.27,0.0
2022-03-08,2089.65,2099.57,2088.34,2095.56,209320,100.04,4.95,0.2
2022-03-09,2099.98,2108.86,2090.83,2108.58,68166,96.03,5.05,0.03
2022-03-10,2095.82,2100.38,2081.94,2097.16,38804,96.3,5.25,0.0
2022-03-11,2091.88,2098.94,2088.81,2097.93,112081,91.1,5.04,0.0
2022-03-14,2087.24,2092.87,2085.35,2087.57,159596,95.6,4.72,2.92
2022-03-15,2075.57,2083.57,2054.81,2071.3,107791,94.12,4.94,3.58
2022-03-16,2079.58,2099.42,2066.05,2073.39,120678,96.97,5.02,3.86
2022-03-17,2079.52,2081.03,2059.27,2074.45,133379,95.73,4.64,3.78
2022-03-18,2070.84,2085.34,2064.83,2072.74,103193,97.37,4.88,3.95
2022-03-21,2072.7,2078.76,2067.84,2072.4,123318,100.24,5.05,3.73
2022-03-22,2095.43,2097.34,2091.24,2092.87,122497,92.8,5.57,3.97
2022-03-23,2080.29,2097.46,2078.89,2091.32,45096,97.17,5.16,3.95
2022-03-24,2098.42,2106.8,2086.13,2094.84,103315,96.49,5.11,3.89
2022-03-25,2081.57,2091.71,2072.24,2090.71,52621,99.75,5.5,4.06
2022-03-28,2105.81,2119.08,2092.85,2093.0,97219,96.56,5.23,3.59
2022-03-29,2089.05,2099.79,2088.77,2091.59,80974,96.3,5.27,3.94
2022-03-30,2087.88,2095.3,2080.02,2089.03,149283,96.94,4.98,3.87
2022-03-31,2096.34,2108.31,2088.03,2101.19,108854,97.05,4.77,3.87
2022-04-01,2105.16,2121.65,2103.24,2109.15,119285,98.34,5.16,3.73
2022-04-04,2124.81,2132.77,2106.83,2110.41,91438,92.65,5.55,3.67
2022-04-05,2101.21,2102.08,2090.73,2095.3,150372,93.8,5.48,4.02
2022-04-06,2083.34,2099.03,2077.91,2093.07,52107,99.13,5.26,4.01
2022-04-07,2120.65,2153.36,2107.09,2111.12,68995,89.8,4.93,4.16
2022-04-08,2117.29,2126.39,2108.89,2109.74,165135,94.49,4.72,4.19
2022-04-11,2115.65,2131.7,2114.53,2117.44,82929,95.04,4.9,3.67
2022-04-12,2129.19,2134.21,2122.78,2127.23,41842,94.17,5.16,3.88
2022-04-13,2128.76,2129.12,2122.04,2128.85,176496,98.55,4.99,3.94
2022-04-14,2135.94,2154.03,2122.84,2123.37,151869,95.82,5.36,4.05
2022-04-15,2102.26,2115.7,2092.84,2107.3,131188,93.75,4.74,4.12
2022-04-18,2113.12,2117.38,2106.63,2112.19,102514,93.1,5.08,3.76
2022-04-19,2104.23,2112.85,2089.17,2106.93,191817,95.42,4.92,3.83
2022-04-20,2099.19,2120.93,2087.4,2108.26,163316,97.63,5.36,4.12
2022-04-21,2113.93,2126.41,2090.19,2100.12,183348,95.1,5.25,3.66
2022-04-22,2091.08,2100.13,2089.02,2098.52,130378,94.43,4.91,3.76
2022-04-25,2100.48,2101.58,2097.72,2099.1,103685,93.02,5.33,3.99
2022-04-26,2090.05,2103.91,2080.53,2101.02,84148,95.69,4.71,4.23
2022-04-27,2091.3,2096.77,2091.25,2093.81,59422,95.59,4.67,3.67
2022-04-28,2104.53,2106.13,2101.56,2101.87,120670,92.94,4.89,3.94
2022-04-29,2092.89,2101.92,2085.61,2098.08,124759,97.33,4.62,4.01
2022-05-02,2091.06,2092.22,2084.3,2087.39,85826,99.09,5.09,4.15
2022-05-03,2085.14,2090.31,2080.25,2086.82,126180,94.95,5.09,4.0
2022-05-04,2094.46,2095.25,2082.38,2087.2,86433,95.58,5.01,3.66
2022-05-05,2096.94,2102.47,2080.71,2088.41,139660,92.06,5.25,3.75
2022-05-06,2093.85,2097.57,2071.85,2097.54,69366,96.61,4.93,4.15
2022-05-09,2096.81,2102.8,2095.55,2096.33,64728,95.94,4.78,4.01
2022-05-10,2096.84,2103.39,2089.96,2095.69,89658,93.96,4.91,3.78
2022-05-11,2092.45,2095.27,2082.67,2088.57,137518,92.96,4.8,4.02
2022-05-12,2094.22,2095.22,2093.7,2094.13,62099,99.41,4.95,4.0
2022-05-13,2096.69,2096.99,2086.4,2095.5,150222,95.74,5.25,3.58
2022-05-16,2091.55,2100.75,2087.5,2093.07,51172,92.5,4.66,3.64
2022-05-17,2081.42,2085.57,2073.61,2080.71,89438,97.0,5.01,4.01
2022-05-18,2098.49,2100.14,2077.16,2090.35,56093,95.38,5.33,4.27
2022-05-19,2086.47,2087.45,2078.31,2082.43,34753,95.0,5.36,4.0
2022-05-20,2083.08,2088.15,2076.4,2078.71,114299,97.32,4.92,3.6
2022-05-23,2085.91,2086.53,2080.49,2081.4,91938,88.32,5.63,3.73
2022-05-24,2072.76,2082.04,2065.27,2073.72,56452,90.38,4.82,4.06
2022-05-25,2066.11,2067.65,2062.6,2064.14,80286,98.4,5.02,4.08
2022-05-26,2043.85,2052.38,2026.5,2050.52,117798,94.7,4.78,3.94
2022-05-27,2063.16,2068.98,2045.99,2055.33,85198,93.93,5.18,3.9
2022-05-30,2035.01,2068.31,2031.05,2052.15,91174,91.67,5.76,4.1
2022-05-31,2070.77,2076.68,2063.01,2071.31,84171,95.4,5.52,4.15
2022-06-01,2072.05,2085.87,2063.77,2064.98,78204,95.74,5.27,4.09
2022-06-02,2050.72,2066.23,2046.79,2059.15,77797,98.58,4.9,3.84
2022-06-03,2058.1,2059.04,2048.86,2055.63,76889,95.93,5.01,4.12
2022-06-06,2053.35,2060.04,2042.72,2057.55,73038,94.23,5.32,3.94
2022-06-07,2052.38,2059.14,2044.38,2054.65,65714,96.02,5.22,3.9
2022-06-08,2064.61,2080.07,2053.52,2058.77,84805,97.75,5.05,3.9
2022-06-09,2053.8,2056.71,2047.96,2052.58,76422,97.24,5.06,4.0
2022-06-10,2031.34,2048.31,2025.3,2043.82,64300,96.61,5.29,4.08
2022-06-13,2026.66,2033.93,2020.13,2032.61,134108,95.81,5.34,3.7
2022-06-14,2024.48,2026.66,2004.04,2018.57,161628,93.75,4.63,3.89
2022-06-15,2018.14,2029.43,2006.65,2015.42,98711,92.64,5.06,3.94
2022-06-16,2024.22,2026.25,2010.08,2013.66,101375,92.25,5.14,4.16
2022-06-17,2019.95,2031.72,2001.22,2009.81,74830,96.23,4.86,3.88
2022-06-20,2015.96,2025.04,2009.87,2018.03,151268,96.45,5.3,3.96
2022-06-21,2041.21,2045.27,2012.08,2026.0,197851,97.9,4.91,4.14
2022-06-22,2024.16,2025.03,2018.69,2024.01,92455,96.58,5.3,4.02
2022-06-23,2006.94,2016.54,2005.95,2012.75,80131,97.86,4.88,4.25
2022-06-24,2005.49,2012.29,2001.9,2009.31,113163,94.93,5.03,4.0
2022-06-27,1992.27,2006.01,1982.44,2005.85,103940,97.2,5.01,4.31
2022-06-28,2011.5,2012.55,1995.9,2001.84,80816,92.79,5.36,4.34
2022-06-29,2007.15,2011.9,1987.2,1997.59,119190,95.17,5.12,4.1
2022-06-30,1987.56,2003.11,1979.96,1993.63,143668,90.76,4.82,4.09
2022-07-01,1989.99,2002.6,1989.19,1991.35,72090,95.43,4.86,4.11
2022-07-04,1988.27,2007.04,1967.96,1987.7,272887,98.44,4.84,4.16
2022-07-05,1983.42,1996.13,1977.79,1989.15,53467,95.54,4.91,4.05
2022-07-06,1981.07,2005.72,1974.26,1991.55,70215,97.16,4.66,4.21
2022-07-07,1984.74,1987.77,1972.56,1985.99,108400,96.07,4.87,4.11
2022-07-08,1992.18,1995.45,1983.75,1994.1,242498,93.91,5.23,4.25
2022-07-11,1985.97,1991.4,1982.91,1988.29,78823,94.9,5.2,3.83
2022-07-12,1979.65,1987.48,1969.51,1978.32,64453,98.38,4.47,4.08
2022-07-13,1989.34,1989.59,1967.02,1980.84,122970,97.21,4.43,4.2
2022-07-14,1974.1,1976.85,1973.53,1975.89,89371,93.9,4.7,3.88
2022-07-15,1979.05,1984.89,1974.63,1978.04,128811,91.96,4.4,4.12
2022-07-18,1967.72,1974.63,1954.47,1963.44,95960,96.03,4.51,4.15
2022-07-19,1975.5,1982.76,1972.04,1972.22,70061,94.01,4.91,4.32
2022-07-20,1972.9,1989.96,1963.7,1976.54,252596,94.99,4.8,4.01
2022-07-21,1967.93,1971.7,1967.05,1967.37,30280,91.85,4.37,4.09
2022-07-22,1961.58,1967.84,1952.24,1958.36,204453,98.14,5.09,3.98
2022-07-25,1962.37,1970.76,1938.75,1969.04,143387,95.24,4.67,4.04
2022-07-26,1972.06,1972.47,1957.68,1964.61,73259,95.64,4.64,4.31
2022-07-27,1968.01,1977.17,1955.46,1959.6,208765,93.45,5.02,4.06
2022-07-28,1941.58,1951.29,1932.61,1945.8,57035,94.92,4.86,3.96
2022-07-29,1944.92,1949.6,1939.32,1943.79,147745,95.93,4.74,4.04
2022-08-01,1946.46,1950.32,1936.68,1942.72,42913,94.1,4.6,4.0
2022-08-02,1944.06,1956.32,1940.34,1947.25,62420,95.07,4.86,4.01
2022-08-03,1941.63,1951.66,1929.26,1938.82,62358,99.12,4.6,4.0
2022-08-04,1930.65,1941.43,1922.68,1929.7,73111,91.33,4.65,4.0
2022-08-05,1924.07,1940.36,1914.25,1932.59,99174,96.15,4.4,3.9
2022-08-08,1941.72,1948.08,1920.88,1939.05,70941,93.69,4.96,4.09
2022-08-09,1923.25,1941.6,1913.73,1929.61,43714,99.05,5.05,3.94
2022-08-10,1941.8,1944.79,1929.71,1936.34,118821,95.22,4.71,4.26
2022-08-11,1932.81,1937.05,1919.23,1936.71,100667,93.05,4.53,4.04
2022-08-12,1942.58,1952.43,1938.19,1943.52,116258,95.09,4.87,4.15
2022-08-15,1951.42,1956.87,1937.27,1943.42,105743,96.5,4.76,4.15
2022-08-16,1931.05,1948.39,1920.11,1928.18,144595,102.66,4.5,3.82
2022-08-17,1921.15,1934.78,1920.29,1927.39,95779,90.45,4.89,4.06
2022-08-18,1928.09,1935.17,1927.14,1933.98,148006,92.68,4.49,4.35
2022-08-19,1925.22,1937.74,1915.35,1928.68,72382,98.98,4.26,3.98
2022-08-22,1928.93,1933.41,1925.79,1926.65,74052,91.95,4.54,4.44
2022-08-23,1927.79,1938.86,1920.11,1925.72,171170,95.75,4.82,4.18
2022-08-24,1903.52,1909.99,1899.06,1908.35,169781,94.62,4.57,4.18
2022-08-25,1911.85,1925.67,1895.68,1918.56,124181,94.17,4.24,4.14
2022-08-26,1914.88,1914.91,1903.16,1913.26,69172,95.37,4.42,4.26
2022-08-29,1915.59,1924.46,1905.32,1916.63,66979,94.95,4.8,4.28
2022-08-30,1928.65,1931.25,1907.06,1916.25,167917,98.43,4.56,4.11
2022-08-31,1924.2,1927.31,1915.07,1923.99,164237,99.06,4.48,4.05
2022-09-01,1937.08,1937.76,1925.95,1926.6,96236,96.79,4.44,3.9
2022-09-02,1918.55,1928.95,1917.73,1925.31,251891,95.14,4.73,4.24
2022-09-05,1911.16,1921.29,1901.76,1920.22,118605,96.41,4.69,4.13
2022-09-06,1918.72,1926.35,1905.31,1925.19,63393,97.75,4.08,3.99
2022-09-07,1920.83,1926.74,1910.29,1914.0,88410,98.3,4.65,4.03
2022-09-08,1928.14,1931.48,1915.43,1918.04,98932,96.7,4.54,4.11
2022-09-09,1907.06,1928.82,1905.13,1911.55,102186,99.63,4.8,3.98
2022-09-12,1916.77,1928.86,1906.5,1919.42,162755,94.23,4.35,4.13
2022-09-13,1913.8,1931.86,1900.45,1920.54,67338,98.61,4.65,3.88
2022-09-14,1914.12,1942.8,1914.08,1924.58,57953,97.5,4.47,4.05
2022-09-15,1929.37,1929.95,1921.72,1925.22,125609,94.21,4.06,3.95
2022-09-16,1916.04,1922.89,1914.07,1914.76,80596,96.38,4.59,4.16
2022-09-19,1909.95,1913.92,1901.75,1909.89,260251,96.58,4.51,3.99
2022-09-20,1906.04,1921.9,1904.33,1914.08,143959,95.44,4.13,4.05
2022-09-21,1924.65,1925.11,1909.41,1915.22,80004,95.41,4.36,4.47
2022-09-22,1919.6,1923.76,1916.18,1922.5,160354,91.94,4.8,4.27
2022-09-23,1928.17,1934.0,1922.65,1925.09,132212,94.01,4.15,4.23
2022-09-26,1911.18,1923.64,1903.52,1919.55,127195,95.17,4.42,4.34
2022-09-27,1913.79,1917.08,1911.76,1914.88,94004,94.36,3.96,4.22
2022-09-28,1917.32,1922.46,1915.0,1915.64,116795,93.65,4.08,3.93
2022-09-29,1903.73,1903.97,1894.91,1901.87,42566,98.52,4.41,3.95
2022-09-30,1912.95,1927.55,1910.91,1912.06,167181,95.55,4.26,3.74
2022-10-03,1917.88,1923.2,1912.76,1915.04,24973,101.21,4.12,4.18
2022-10-04,1916.08,1927.43,1914.32,1922.6,82714,96.31,4.59,3.99
2022-10-05,1914.32,1914.7,1906.16,1913.19,52141,98.4,3.92,4.06
2022-10-06,1921.5,1928.22,1909.72,1920.84,80794,95.24,4.1,4.1
2022-10-07,1935.88,1938.37,1925.71,1934.53,95832,94.03,4.25,4.06
2022-10-10,1927.24,1929.41,1917.47,1926.82,61162,96.38,3.88,4.15
2022-10-11,1924.27,1938.73,1918.08,1931.65,32539,98.94,4.22,4.11
2022-10-12,1924.16,1939.83,1909.96,1931.79,107240,95.47,4.35,4.1
2022-10-13,1909.79,1924.79,1902.26,1922.56,227425,96.87,4.04,3.92
2022-10-14,1930.41,1945.72,1920.32,1925.69,85775,96.37,3.89,4.19
2022-10-17,1935.87,1954.39,1928.29,1931.07,144890,95.45,3.95,4.49
2022-10-18,1932.44,1938.34,1912.68,1927.56,180187,95.6,3.35,4.2
2022-10-19,1936.57,1937.1,1925.51,1934.79,46165,93.18,4.26,4.5
2022-10-20,1913.6,1933.21,1910.01,1925.92,82214,95.7,4.07,4.08
2022-10-21,1912.23,1925.08,1906.87,1918.14,59245,97.41,3.95,4.12
2022-10-24,1923.64,1925.25,1916.19,1922.65,71502,96.49,3.54,4.16
2022-10-25,1924.85,1929.0,1913.33,1924.07,195009,96.2,4.23,4.14
2022-10-26,1919.71,1934.29,1902.73,1921.0,107955,97.57,3.83,4.34
2022-10-27,1929.3,1935.66,1919.94,1927.17,135337,96.21,4.07,3.84
2022-10-28,1931.73,1938.87,1923.23,1931.66,96997,95.73,3.92,4.1
2022-10-31,1941.32,1943.15,1926.92,1940.61,60826,97.48,3.49,4.42
2022-11-01,1937.42,1947.51,1925.31,1941.14,129475,95.98,4.2,4.1
2022-11-02,1951.84,1956.17,1943.73,1946.1,162922,95.02,4.14,4.31
2022-11-03,1942.14,1951.62,1941.71,1944.65,112077,96.79,4.05,4.26
2022-11-04,1950.74,1964.49,1935.73,1958.56,120048,95.45,3.93,4.16
2022-11-07,1952.78,1966.71,1945.65,1957.31,60239,94.84,3.52,4.22
2022-11-08,1969.57,1978.24,1965.91,1971.63,130972,95.85,4.03,4.16
2022-11-09,1979.03,1979.94,1965.68,1973.14,169127,95.87,4.35,3.86
2022-11-10,1965.65,1970.26,1957.77,1965.9,116056,92.74,3.82,4.25
2022-11-11,1974.59,1982.72,1970.38,1975.69,48111,96.28,3.81,4.08
2022-11-14,1972.86,1982.54,1971.15,1980.28,189899,100.03,3.47,3.97
2022-11-15,1991.58,2005.64,1976.01,1986.9,67647,92.93,3.22,4.24
2022-11-16,1991.98,1997.86,1987.44,1995.88,115279,94.07,3.64,4.23
2022-11-17,1998.72,2000.3,1994.82,1999.32,144522,102.26,4.09,4.33
2022-11-18,2005.78,2015.49,1986.99,1996.91,152032,93.27,4.05,4.14
2022-11-21,2009.97,2010.7,1998.63,2006.91,48049,98.48,3.66,4.31
2022-11-22,1998.42,2020.23,1993.99,2008.23,103454,94.69,3.78,4.19
2022-11-23,2003.21,2018.26,1997.28,2013.9,100751,95.38,3.35,4.24
2022-11-24,2001.21,2020.43,1998.18,2001.6,175538,94.97,3.68,4.25
2022-11-25,1998.44,2015.18,1997.01,2005.74,118597,96.34,3.51,3.98
2022-11-28,2009.46,2016.79,2005.04,2005.55,176177,91.32,3.62,4.24
2022-11-29,2017.61,2025.28,2016.16,2017.35,122512,95.67,3.53,4.2
2022-11-30,2023.65,2039.12,2021.26,2022.64,95830,94.17,3.52,4.15
2022-12-01,2021.21,2030.88,2011.05,2025.5,106675,90.5,3.83,4.2
2022-12-02,2040.55,2045.35,2021.21,2029.94,181577,97.94,4.06,4.57
2022-12-05,2044.75,2051.63,2017.87,2027.46,58760,89.88,3.5,3.9
2022-12-06,2037.49,2053.4,2029.46,2039.19,141829,100.46,3.88,4.17
2022-12-07,2055.55,2055.64,2043.59,2053.37,76799,96.55,3.21,4.31
2022-12-08,2057.87,2058.17,2056.02,2057.27,70474,91.58,3.49,4.0
2022-12-09,2067.35,2073.53,2063.14,2068.96,148653,98.27,3.18,4.25
2022-12-12,2064.06,2073.94,2059.98,2069.22,69339,93.05,3.39,4.24
2022-12-13,2058.67,2092.94,2051.67,2065.39,114786,93.18,3.64,3.95
2022-12-14,2059.98,2072.36,2056.83,2067.02,81179,90.43,3.73,4.1
2022-12-15,2073.73,2085.45,2064.99,2071.21,38454,92.75,3.25,4.46
2022-12-16,2066.78,2073.32,2062.68,2070.0,119501,93.05,3.55,3.95
2022-12-19,2061.43,2079.9,2053.39,2077.5,103831,96.92,3.71,4.13
2022-12-20,2083.65,2083.78,2070.01,2080.87,45980,97.78,3.67,4.17
2022-12-21,2075.47,2092.96,2065.97,2075.7,74649,91.79,3.45,4.19
2022-12-22,2088.87,2091.46,2063.99,2080.47,47915,95.54,3.23,4.13
2022-12-23,2089.84,2099.16,2086.75,2087.5,132279,90.22,3.19,4.21
2022-12-26,2083.36,2104.45,2081.89,2092.65,171990,95.48,3.13,4.19
2022-12-27,2087.58,2107.68,2084.91,2101.64,138662,100.15,3.32,4.3
2022-12-28,2090.45,2106.16,2089.95,2094.97,146627,90.33,3.11,4.32
2022-12-29,2095.51,2110.02,2090.96,2099.44,80247,92.22,3.48,4.26
2022-12-30,2099.02,2105.1,2078.77,2093.09,122856,96.61,3.36,4.23
2023-01-02,2089.72,2090.75,2088.0,2089.77,98358,96.92,3.32,3.96
2023-01-03,2094.09,2111.05,2075.49,2086.99,106311,92.47,2.8,4.21
2023-01-04,2073.9,2090.12,2065.92,2082.18,144780,98.54,3.26,4.36
2023-01-05,2085.98,2090.92,2073.86,2079.95,157975,92.83,3.13,3.95
2023-01-06,2084.42,2087.3,2078.26,2079.92,84465,99.05,3.78,4.0
2023-01-09,2076.77,2089.99,2070.97,2089.42,56215,95.98,2.89,4.42
2023-01-10,2096.97,2109.87,2086.83,2088.68,91586,97.99,3.15,3.97
2023-01-11,2080.22,2081.27,2070.44,2079.64,90426,95.79,3.28,4.18
2023-01-12,2090.95,2091.08,2086.5,2088.49,110618,96.46,2.94,4.11
2023-01-13,2078.96,2097.53,2062.7,2084.36,137750,96.62,3.65,4.41
2023-01-16,2095.97,2101.49,2086.1,2087.98,45897,97.68,3.63,4.24
2023-01-17,2084.86,2099.11,2066.77,2092.3,75480,94.72,2.92,4.31
2023-01-18,2100.22,2101.89,2082.82,2094.99,67133,92.53,2.98,4.2
2023-01-19,2108.79,2117.24,2096.18,2103.61,162812,94.54,3.65,4.49
2023-01-20,2102.01,2108.18,2093.54,2108.17,90821,93.04,3.46,4.08
2023-01-23,2119.03,2124.9,2101.91,2106.5,80406,93.22,2.99,4.25
2023-01-24,2123.87,2135.37,2113.55,2122.4,122433,98.77,3.18,4.38
2023-01-25,2129.26,2141.82,2113.14,2125.1,77870,96.18,2.72,4.42
2023-01-26,2115.77,2128.01,2102.72,2125.51,98117,96.06,3.6,4.15
2023-01-27,2146.93,2155.4,2127.58,2133.37,203949,97.26,3.06,3.89
2023-01-30,2131.29,2141.88,2112.28,2139.15,201695,96.09,3.17,4.14
2023-01-31,2149.84,2160.0,2140.16,2143.25,83871,99.19,2.78,4.45
2023-02-01,2155.11,2163.45,2145.42,2161.57,91771,89.19,2.72,4.08
2023-02-02,2157.1,2164.07,2149.46,2161.11,77063,91.94,3.11,4.24
2023-02-03,2165.48,2171.78,2154.23,2160.37,45690,92.69,3.47,4.15
2023-02-06,2171.99,2191.16,2161.44,2165.32,149413,90.97,2.83,4.18
2023-02-07,2165.78,2180.45,2155.79,2174.07,260025,94.65,2.71,4.39
2023-02-08,2172.28,2178.59,2161.33,2165.2,82670,94.81,3.02,4.23
2023-02-09,2160.0,2170.26,2143.35,2153.25,71202,99.41,3.35,4.5
2023-02-10,2144.63,2160.27,2140.03,2150.68,88509,96.75,2.77,4.34
2023-02-13,2154.04,2155.99,2122.72,2143.76,102131,93.26,2.84,4.21
2023-02-14,2132.93,2143.4,2123.42,2142.3,62679,95.77,3.11,4.17
2023-02-15,2143.08,2156.06,2142.67,2147.1,82175,89.94,3.13,4.24
2023-02-16,2145.57,2150.69,2140.4,2142.49,148146,94.89,2.81,4.0
2023-02-17,2128.82,2135.32,2126.04,2134.29,103875,94.8,3.15,4.03
2023-02-20,2140.55,2145.3,2130.45,2138.86,164087,92.29,2.98,4.3
2023-02-21,2147.64,2163.55,2134.02,2146.09,114222,94.01,2.85,4.32
2023-02-22,2134.87,2138.18,2117.72,2136.07,63859,92.83,3.06,3.99
2023-02-23,2148.35,2152.91,2142.77,2143.0,78401,92.2,3.02,4.31
2023-02-24,2148.46,2163.48,2142.95,2149.94,109028,96.18,2.56,4.16
2023-02-27,2162.05,2172.72,2160.5,2160.55,63004,97.02,3.17,4.06
2023-02-28,2177.75,2179.95,2169.89,2170.29,59818,95.66,2.88,4.13
2023-03-01,2192.02,2194.99,2186.29,2186.83,61274,93.2,3.13,4.31
2023-03-02,2190.97,2199.65,2176.02,2185.82,121336,92.65,2.79,4.27
2023-03-03,2180.47,2193.03,2167.26,2188.01,85263,93.28,2.83,4.23
2023-03-06,2192.79,2208.9,2185.96,2189.34,158415,93.74,2.85,4.24
2023-03-07,2185.02,2202.86,2183.38,2190.79,68970,92.1,2.88,4.01
2023-03-08,2194.38,2214.3,2186.14,2202.85,36939,96.85,3.11,4.26
2023-03-09,2194.5,2199.74,2188.05,2194.98,93687,93.75,2.84,4.11
2023-03-10,2184.53,2190.78,2177.46,2190.47,190807,96.19,2.71,4.48
2023-03-13,2209.45,2220.85,2194.24,2204.22,100090,90.71,2.95,4.12
2023-03-14,2218.18,2225.21,2206.0,2212.77,57020,92.45,2.8,4.51
2023-03-15,2199.07,2212.24,2192.99,2211.69,51549,96.32,3.42,4.15
2023-03-16,2213.6,2234.19,2193.68,2219.11,159398,96.32,2.75,4.16
2023-03-17,2213.23,2240.2,2195.13,2222.96,71469,91.11,2.98,4.13
2023-03-20,2234.68,2243.12,2228.51,2237.78,182904,94.8,2.87,3.98
2023-03-21,2242.84,2258.85,2234.72,2239.78,128237,94.85,2.13,4.37
2023-03-22,2246.87,2250.56,2237.15,2248.51,72560,92.22,2.45,4.18
2023-03-23,2264.77,2277.97,2259.48,2268.79,157448,94.78,2.52,4.26
2023-03-24,2283.43,2290.25,2269.38,2274.56,68216,89.91,2.25,4.41
2023-03-27,2263.53,2285.35,2257.43,2279.29,55329,91.52,2.5,4.14
2023-03-28,2294.47,2309.05,2278.15,2285.98,69793,95.3,2.25,4.15
2023-03-29,2281.13,2289.51,2275.72,2284.86,134254,93.88,2.31,4.18
2023-03-30,2303.08,2315.99,2301.64,2303.62,155622,93.92,2.64,3.97
2023-03-31,2302.8,2312.56,2294.91,2306.45,84253,93.26,3.06,3.89
2023-04-03,2319.58,2327.03,2308.65,2308.89,46754,95.03,2.22,3.93
2023-04-04,2295.83,2309.18,2283.84,2304.34,52960,95.17,2.25,4.34
2023-04-05,2313.92,2319.21,2313.07,2313.84,64404,95.64,2.41,4.11
2023-04-06,2325.37,2336.79,2320.89,2321.69,58829,93.94,2.5,4.27
2023-04-07,2308.37,2331.08,2305.33,2319.58,109773,92.67,2.15,4.12
2023-04-10,2321.84,2342.22,2317.57,2328.26,214324,92.2,2.34,3.91
2023-04-11,2317.72,2340.45,2314.65,2318.75,135714,91.0,2.31,4.28
2023-04-12,2315.45,2323.27,2312.21,2321.63,62862,92.62,2.58,4.02
2023-04-13,2320.78,2328.82,2311.04,2326.47,74775,92.09,2.61,4.24
2023-04-14,2338.1,2347.03,2330.62,2340.55,80844,97.54,2.46,4.29
2023-04-17,2343.93,2348.52,2333.09,2339.37,115345,90.92,2.38,4.14
2023-04-18,2329.1,2340.45,2324.72,2331.5,185072,96.17,2.29,4.21
2023-04-19,2333.99,2336.79,2324.97,2326.46,81882,92.93,2.48,3.93
2023-04-20,2311.27,2334.35,2310.03,2318.21,182683,93.13,2.22,4.58
2023-04-21,2320.77,2332.57,2314.36,2329.52,229019,94.59,2.84,4.21
2023-04-24,2358.97,2361.45,2341.86,2345.41,85822,89.97,2.06,4.25
2023-04-25,2344.69,2351.5,2341.97,2349.32,84943,91.49,2.27,4.28
2023-04-26,2350.65,2364.32,2340.92,2359.93,85455,90.34,2.65,4.11
2023-04-27,2350.13,2364.63,2342.43,2362.48,101214,92.48,2.32,4.14
2023-04-28,2370.95,2383.13,2349.46,2363.32,85539,91.15,2.59,4.29
2023-05-01,2362.96,2368.34,2361.63,2365.38,140599,96.71,2.83,4.07
2023-05-02,2362.83,2368.17,2354.68,2364.63,53128,91.96,2.61,4.19
2023-05-03,2353.55,2360.15,2348.89,2354.67,79710,87.52,2.09,4.2
2023-05-04,2365.35,2365.66,2356.98,2358.18,112608,92.62,2.1,4.01
2023-05-05,2358.16,2368.51,2348.32,2359.44,139809,95.46,2.34,4.19
2023-05-08,2386.19,2397.03,2360.72,2369.53,237545,97.47,2.48,3.87
2023-05-09,2372.74,2397.56,2371.27,2371.78,58946,92.81,2.66,4.26
2023-05-10,2379.68,2396.32,2360.12,2372.13,76052,92.09,2.16,4.35
2023-05-11,2372.9,2378.18,2348.13,2367.18,39872,93.37,2.23,4.25
2023-05-12,2369.02,2370.39,2351.23,2369.28,63326,94.44,2.29,4.34
2023-05-15,2375.17,2385.71,2368.59,2379.36,48651,90.53,2.27,4.0
2023-05-16,2374.73,2402.05,2371.39,2372.37,80136,92.77,2.7,4.08
2023-05-17,2378.21,2385.14,2366.11,2374.58,90098,93.25,2.3,4.13
2023-05-18,2373.8,2384.69,2369.64,2377.89,119107,93.47,2.36,4.13
2023-05-19,2375.26,2384.21,2368.29,2374.07,87602,93.01,2.55,4.04
2023-05-22,2383.04,2389.16,2368.23,2374.24,119130,91.04,2.7,3.96
2023-05-23,2392.29,2393.8,2371.17,2377.52,103324,94.21,2.29,4.36
2023-05-24,2376.69,2389.08,2363.7,2370.61,65294,93.28,2.61,3.97
2023-05-25,2388.06,2391.19,2365.95,2374.78,50286,93.26,2.75,4.34
2023-05-26,2365.18,2379.94,2363.33,2369.65,124675,90.69,2.26,4.17
2023-05-29,2387.19,2390.86,2374.84,2382.17,190727,94.94,2.13,4.12
2023-05-30,2411.0,2419.5,2401.33,2401.36,272162,90.88,2.82,4.17
2023-05-31,2389.99,2406.07,2375.82,2396.43,143513,97.31,2.55,4.32
2023-06-01,2398.54,2412.27,2398.23,2402.04,176840,90.3,2.27,3.69
2023-06-02,2410.63,2416.99,2398.12,2398.13,118727,95.17,2.42,4.14
2023-06-05,2403.58,2417.79,2397.13,2410.63,111391,88.43,1.99,4.1
2023-06-06,2392.95,2412.55,2381.28,2402.62,103197,87.6,2.52,4.11
2023-06-07,2418.88,2425.78,2394.85,2407.84,94624,91.83,1.79,4.22
2023-06-08,2411.44,2414.6,2392.06,2402.81,125848,87.59,2.51,3.98
2023-06-09,2405.94,2415.2,2399.81,2402.82,80158,95.06,2.05,3.9
2023-06-12,2399.31,2404.55,2368.99,2399.63,93062,93.2,1.81,3.86
2023-06-13,2404.27,2414.69,2401.76,2407.44,61624,96.72,1.72,3.93
2023-06-14,2404.71,2405.45,2401.51,2402.68,119368,92.82,2.1,4.17
2023-06-15,2419.86,2421.07,2402.49,2408.45,67262,93.82,2.39,4.14
2023-06-16,2409.14,2418.0,2398.01,2407.42,100057,92.55,1.86,4.19
2023-06-19,2426.85,2437.57,2409.54,2411.18,120595,91.02,1.89,3.99
2023-06-20,2407.38,2420.46,2396.17,2413.89,124786,92.17,2.07,3.99
2023-06-21,2409.54,2429.31,2398.03,2409.68,134403,90.2,2.39,4.3
2023-06-22,2410.17,2416.85,2402.78,2412.87,90642,94.16,2.42,4.2
2023-06-23,2418.22,2438.08,2406.98,2426.12,119901,92.36,2.22,4.16
2023-06-26,2423.72,2429.38,2423.61,2424.83,81255,92.89,2.42,3.77
2023-06-27,2438.45,2447.12,2423.1,2435.4,44875,100.15,2.35,4.34
2023-06-28,2452.38,2461.23,2435.58,2448.53,122042,92.02,2.07,4.03
2023-06-29,2459.76,2469.13,2435.92,2443.85,111234,93.83,2.4,4.06
2023-06-30,2437.67,2441.45,2434.25,2434.27,148053,92.96,1.84,4.1
2023-07-03,2449.7,2463.19,2436.71,2441.27,97722,95.96,2.28,4.06
2023-07-04,2439.15,2442.85,2435.46,2438.67,51986,93.67,1.86,4.0
2023-07-05,2467.04,2483.95,2450.9,2454.68,95163,92.32,2.19,4.05
2023-07-06,2474.24,2490.27,2452.27,2456.56,140734,98.72,2.45,4.12
2023-07-07,2455.88,2459.3,2439.97,2451.98,119421,90.86,2.2,4.15
2023-07-10,2440.54,2450.6,2415.63,2447.83,93088,92.55,2.13,4.2
2023-07-11,2453.82,2467.07,2449.96,2457.86,50745,95.28,2.19,3.85
2023-07-12,2457.13,2462.83,2450.34,2455.06,65486,90.95,2.3,3.93
2023-07-13,2460.38,2475.04,2453.1,2457.01,119478,94.9,2.66,4.14
2023-07-14,2471.21,2477.67,2464.67,2466.04,50712,91.75,2.29,3.78
2023-07-17,2470.42,2490.17,2460.57,2467.01,86916,95.45,1.99,4.03
2023-07-18,2468.33,2483.72,2463.55,2468.28,100244,95.38,2.06,3.89
2023-07-19,2465.06,2472.06,2460.42,2469.77,156369,92.71,1.89,4.08
2023-07-20,2479.7,2501.2,2463.68,2476.72,126221,90.4,1.8,3.87
2023-07-21,2496.79,2504.81,2480.97,2482.97,145092,91.89,1.5,3.94
2023-07-24,2493.62,2498.09,2482.19,2486.02,111384,92.82,1.99,3.95
2023-07-25,2492.14,2497.99,2463.83,2488.15,70392,95.07,1.75,4.03
2023-07-26,2494.55,2505.0,2485.72,2486.87,77229,93.66,2.12,4.13
2023-07-27,2474.2,2482.13,2471.67,2476.95,67977,94.24,1.97,4.14
2023-07-28,2476.81,2481.3,2475.07,2480.59,125030,93.76,1.82,4.01
2023-07-31,2494.61,2513.61,2493.32,2500.22,74789,94.91,1.56,3.81
2023-08-01,2493.97,2510.05,2489.5,2494.91,84322,92.32,2.0,4.36
2023-08-02,2487.33,2500.03,2478.92,2490.48,99607,93.25,1.64,3.96
2023-08-03,2494.3,2512.47,2479.36,2485.29,190331,92.93,2.26,4.01
2023-08-04,2489.05,2514.68,2471.55,2492.61,128393,91.73,2.14,4.0
2023-08-07,2494.91,2502.98,2481.95,2500.93,72464,95.32,2.02,4.01
2023-08-08,2515.9,2517.4,2483.06,2501.33,104897,95.27,2.43,3.83
2023-08-09,2492.36,2499.1,2479.84,2495.74,191094,95.83,2.07,4.02
2023-08-10,2499.26,2508.6,2478.53,2498.11,126256,90.89,2.16,4.23
2023-08-11,2490.83,2504.53,2475.21,2487.46,52088,93.73,2.24,3.65
2023-08-14,2484.87,2512.06,2467.57,2493.37,68453,95.56,1.93,3.95
2023-08-15,2511.14,2520.12,2483.94,2501.87,66384,96.54,1.93,3.78
2023-08-16,2498.43,2499.26,2484.13,2493.67,175657,89.05,2.07,4.09
2023-08-17,2494.9,2499.39,2468.81,2483.29,163164,92.86,1.72,4.11
2023-08-18,2492.23,2501.52,2489.5,2497.32,76878,92.33,2.5,3.92
2023-08-21,2498.04,2509.89,2492.95,2497.3,76219,96.78,2.09,3.94
2023-08-22,2508.2,2521.36,2503.08,2507.9,100496,87.24,2.0,3.8
2023-08-23,2510.32,2515.0,2489.71,2508.33,101708,90.14,2.57,3.57
2023-08-24,2497.76,2516.01,2485.78,2508.7,67175,96.34,1.77,3.88
2023-08-25,2514.66,2516.09,2512.79,2513.82,89352,91.56,2.43,3.89
2023-08-28,2500.9,2520.62,2497.52,2511.65,55191,89.49,2.24,3.92
2023-08-29,2517.06,2518.54,2504.49,2514.35,164214,96.51,2.32,3.42
2023-08-30,2496.94,2525.22,2492.08,2512.98,48818,89.16,1.99,3.65
2023-08-31,2490.29,2519.45,2486.31,2504.2,48602,95.33,2.05,3.68
2023-09-01,2514.67,2518.18,2504.75,2508.51,117479,88.86,1.95,3.92
2023-09-04,2507.13,2511.97,2506.05,2511.25,60189,89.14,2.28,3.99
2023-09-05,2504.21,2538.5,2483.67,2511.66,80790,93.24,2.12,3.72
2023-09-06,2513.29,2524.21,2490.67,2503.75,101242,90.66,1.89,3.85
2023-09-07,2520.46,2528.66,2497.13,2517.98,129329,93.39,1.9,3.8
2023-09-08,2533.22,2542.83,2524.82,2526.61,90360,97.18,2.02,4.19
2023-09-11,2537.9,2546.34,2528.78,2539.17,201122,92.23,1.94,3.82
2023-09-12,2558.8,2567.17,2523.1,2538.39,98698,96.69,2.38,3.81
2023-09-13,2521.68,2534.52,2502.61,2526.26,158945,93.49,2.22,3.75
2023-09-14,2556.84,2573.38,2541.81,2543.52,110351,94.99,2.22,3.59
2023-09-15,2544.24,2565.79,2542.01,2544.71,231534,86.71,2.07,3.97
2023-09-18,2530.97,2547.27,2530.16,2543.59,150745,94.19,1.81,3.82
2023-09-19,2552.3,2567.08,2531.54,2548.61,100447,93.78,2.19,3.8
2023-09-20,2562.09,2576.54,2556.7,2559.68,126947,91.63,1.49,3.89
2023-09-21,2553.1,2567.05,2535.58,2561.17,88936,97.26,2.05,3.62
2023-09-22,2566.08,2582.22,2564.35,2573.2,88578,91.24,1.81,4.12
2023-09-25,2586.77,2595.12,2576.01,2586.96,58608,88.39,1.78,3.57
2023-09-26,2582.6,2594.06,2574.77,2579.9,71445,94.4,1.89,4.11
2023-09-27,2557.03,2588.91,2550.2,2576.12,225119,88.9,1.98,3.84
2023-09-28,2593.77,2615.86,2584.91,2585.6,60985,92.61,2.0,3.78
2023-09-29,2561.48,2569.91,2548.48,2565.29,75947,95.85,2.2,3.94
2023-10-02,2558.75,2574.45,2548.14,2569.01,95083,93.73,1.96,3.78
2023-10-03,2566.36,2574.04,2551.59,2559.14,96359,91.91,1.97,3.97
2023-10-04,2556.8,2562.71,2555.62,2556.98,115092,91.66,1.65,3.87
2023-10-05,2565.58,2583.34,2548.32,2556.26,81826,95.71,1.68,3.93
2023-10-06,2558.41,2576.33,2553.83,2555.05,117965,89.5,2.07,3.97
2023-10-09,2555.5,2561.99,2549.3,2555.51,155897,94.48,2.15,3.78
2023-10-10,2547.2,2553.34,2539.22,2548.37,163841,98.06,1.93,3.95
2023-10-11,2572.24,2573.65,2556.57,2568.52,88698,93.85,2.23,3.88
2023-10-12,2582.17,2594.48,2574.08,2585.38,126063,91.82,1.64,4.0
2023-10-13,2571.03,2585.29,2570.81,2577.63,62414,92.05,2.09,3.74
2023-10-16,2600.23,2607.31,2593.98,2595.48,73962,91.17,1.78,4.0
2023-10-17,2592.8,2594.81,2592.71,2593.92,61728,90.75,1.76,3.67
2023-10-18,2596.95,2609.18,2591.63,2596.69,96925,92.66,1.8,3.49
2023-10-19,2606.37,2610.8,2589.57,2597.88,70004,94.06,1.97,3.58
2023-10-20,2593.3,2602.88,2584.35,2594.19,53729,96.41,2.1,3.73
2023-10-23,2607.36,2621.2,2603.56,2607.24,84592,87.43,2.08,3.81
2023-10-24,2605.3,2613.4,2602.56,2609.99,49442,86.21,1.91,3.77
2023-10-25,2611.16,2613.77,2602.7,2607.79,167858,96.39,2.14,3.89
2023-10-26,2601.53,2603.21,2590.06,2598.8,78983,92.5,2.41,3.58
2023-10-27,2600.21,2603.07,2591.64,2593.2,146404,92.66,1.95,4.02
2023-10-30,2580.3,2590.8,2573.09,2584.79,81078,93.67,2.01,3.96
2023-10-31,2583.04,2616.53,2579.06,2586.59,61207,91.94,1.83,3.89
2023-11-01,2584.68,2597.01,2570.62,2578.55,157977,97.38,1.88,3.94
2023-11-02,2580.04,2598.56,2561.48,2578.09,102281,93.68,2.29,3.51
2023-11-03,2583.9,2597.29,2580.23,2590.94,209979,91.27,2.3,3.85
2023-11-06,2615.96,2627.12,2594.59,2605.75,81911,91.43,1.93,3.85
2023-11-07,2593.91,2608.63,2592.17,2607.2,82621,91.96,2.1,3.88
2023-11-08,2614.33,2616.29,2605.35,2608.2,147549,90.37,2.21,3.86
2023-11-09,2615.45,2635.87,2604.08,2625.41,147960,96.47,1.87,3.79
2023-11-10,2646.34,2646.92,2622.06,2631.45,104963,92.53,1.65,3.78
2023-11-13,2621.59,2642.14,2616.97,2633.79,374784,89.28,2.15,3.89
2023-11-14,2632.78,2646.66,2622.34,2623.71,88236,93.26,2.2,3.62
2023-11-15,2628.05,2637.8,2618.54,2628.69,59409,95.83,2.17,3.76
2023-11-16,2634.4,2643.63,2624.5,2637.3,66103,94.84,1.88,3.62
2023-11-17,2635.26,2646.44,2632.87,2633.79,88442,90.31,2.36,3.68
2023-11-20,2646.28,2656.53,2640.71,2641.28,181227,89.4,2.05,3.29
2023-11-21,2632.83,2659.4,2630.01,2639.99,91625,95.75,1.69,3.56
2023-11-22,2633.73,2658.61,2619.33,2640.19,184687,88.12,1.58,3.62
2023-11-23,2626.42,2633.87,2610.11,2621.31,117450,93.19,1.9,3.62
2023-11-24,2607.77,2641.22,2600.54,2621.2,152260,90.84,2.03,3.63
2023-11-27,2629.65,2642.6,2618.31,2634.27,115250,95.49,1.9,3.5
2023-11-28,2654.76,2671.34,2627.87,2630.77,114886,89.58,2.47,3.62
2023-11-29,2625.28,2641.69,2622.95,2632.93,133396,90.22,2.08,3.83
2023-11-30,2637.45,2643.21,2613.48,2628.4,78693,93.77,1.73,3.62
2023-12-01,2628.48,2638.58,2625.97,2633.11,79040,94.2,1.41,3.86
2023-12-04,2640.4,2641.46,2623.16,2636.38,113529,95.6,2.03,3.84
2023-12-05,2635.48,2640.9,2624.31,2630.32,214581,93.41,2.22,3.56
2023-12-06,2652.07,2665.35,2637.93,2643.12,53300,93.04,2.44,3.73
2023-12-07,2651.01,2657.45,2645.91,2652.61,43841,94.75,1.92,3.45
2023-12-08,2665.1,2682.29,2632.68,2649.3,88832,88.72,2.41,3.49
2023-12-11,2653.85,2660.22,2651.61,2658.56,149094,89.9,1.64,3.65
2023-12-12,2666.68,2671.56,2637.49,2664.81,100765,88.86,1.89,3.71
2023-12-13,2673.93,2687.84,2655.25,2671.96,61837,85.33,1.72,3.87
2023-12-14,2650.54,2662.66,2647.38,2659.49,101888,94.2,2.17,3.6
2023-12-15,2667.4,2671.97,2651.67,2669.69,49355,95.63,1.65,3.65
2023-12-18,2671.32,2674.6,2660.78,2670.03,126952,93.44,2.08,3.63
2023-12-19,2665.31,2678.32,2665.18,2668.77,87234,93.01,1.67,3.88
2023-12-20,2712.53,2717.81,2666.43,2692.81,95529,92.17,2.42,3.81
2023-12-21,2690.36,2711.35,2686.27,2697.14,117110,92.08,1.88,3.66
2023-12-22,2705.17,2714.13,2683.08,2695.64,107181,96.18,2.07,3.72
2023-12-25,2689.01,2691.63,2666.04,2682.12,79498,95.88,1.53,3.65
2023-12-26,2695.55,2714.44,2686.9,2695.66,149260,90.48,1.6,3.75
2023-12-27,2679.06,2694.46,2667.6,2686.03,135777,94.76,1.78,3.72
2023-12-28,2673.14,2690.86,2668.12,2679.31,48546,95.09,2.19,3.54
2023-12-29,2674.11,2693.46,2661.32,2678.28,90030,93.65,2.14,3.6
2024-01-01,2680.22,2733.49,2676.31,2694.65,64079,92.92,2.25,3.6
2024-01-02,2694.09,2702.68,2687.67,2702.23,59443,92.8,1.6,3.59
2024-01-03,2689.87,2717.24,2685.42,2701.89,122278,88.22,2.1,3.49
2024-01-04,2716.44,2727.45,2693.53,2705.52,83474,87.98,1.84,3.61
2024-01-05,2706.42,2717.21,2687.48,2701.41,93236,93.88,1.78,3.48
2024-01-08,2711.85,2731.1,2687.66,2705.47,75517,89.15,1.84,3.46
2024-01-09,2711.89,2716.43,2692.71,2707.1,114470,88.43,1.95,3.53
2024-01-10,2717.75,2723.17,2698.65,2716.39,129487,86.67,2.14,3.59
2024-01-11,2737.63,2741.13,2718.16,2725.69,235178,90.63,2.26,3.73
2024-01-12,2725.94,2732.94,2693.87,2730.95,91822,92.74,2.11,3.65
2024-01-15,2731.6,2735.08,2724.32,2730.73,55305,92.94,2.14,3.7
2024-01-16,2744.27,2761.43,2720.72,2738.14,80695,93.9,2.44,3.79
2024-01-17,2727.51,2743.6,2726.86,2738.36,138527,90.79,2.15,3.44
2024-01-18,2755.42,2758.78,2729.53,2730.06,72471,92.07,1.93,3.63
2024-01-19,2727.84,2729.74,2726.99,2727.6,54565,93.93,2.13,3.63
2024-01-22,2732.4,2734.89,2730.79,2731.23,73077,92.96,2.41,3.55
2024-01-23,2750.42,2771.48,2736.01,2740.09,79750,90.3,1.76,3.64
2024-01-24,2747.05,2753.42,2723.57,2739.53,64018,92.51,1.87,3.52
2024-01-25,2730.44,2737.94,2729.31,2730.12,107687,86.84,2.34,3.6
2024-01-26,2732.69,2748.41,2720.49,2731.63,95644,91.8,1.91,3.28
2024-01-29,2723.17,2748.14,2703.41,2735.51,135385,90.24,2.17,3.49
2024-01-30,2733.56,2750.82,2730.95,2738.13,82591,95.57,2.31,3.59
2024-01-31,2751.36,2751.69,2745.67,2747.09,123404,89.29,1.67,3.64
2024-02-01,2760.62,2783.54,2751.43,2756.95,81071,91.99,1.88,3.35
2024-02-02,2762.9,2767.82,2736.37,2752.82,62827,90.64,2.29,3.46
2024-02-05,2749.41,2769.5,2744.06,2750.4,79442,90.32,1.95,3.31
2024-02-06,2731.01,2757.44,2723.44,2742.42,51673,92.7,1.48,3.41
2024-02-07,2758.2,2766.69,2740.44,2749.49,201851,90.68,1.86,3.51
2024-02-08,2774.99,2793.34,2759.44,2763.09,104506,96.3,2.19,3.61
2024-02-09,2768.81,2781.15,2750.65,2761.37,71814,86.74,2.31,3.59
2024-02-12,2760.85,2769.35,2746.6,2762.21,84875,93.25,2.0,3.48
2024-02-13,2784.73,2796.67,2770.2,2776.03,37042,91.4,2.11,3.34
2024-02-14,2810.1,2812.28,2770.87,2781.49,175210,91.47,1.9,3.42
2024-02-15,2787.31,2788.48,2779.48,2786.35,168487,92.33,2.22,3.82
2024-02-16,2766.02,2780.79,2754.56,2776.95,103054,94.11,2.35,3.22
2024-02-19,2780.95,2794.5,2771.51,2785.85,112171,92.24,2.18,3.24
2024-02-20,2783.95,2792.26,2774.95,2778.74,59452,94.11,1.96,3.45
2024-02-21,2756.52,2772.8,2732.28,2769.86,61206,91.76,2.1,3.52
2024-02-22,2769.27,2773.04,2766.35,2767.86,50065,89.06,2.23,3.54
2024-02-23,2766.94,2774.82,2730.01,2763.79,92556,91.44,2.0,3.45
2024-02-26,2777.53,2779.58,2761.67,2764.8,150906,94.54,2.19,3.17
2024-02-27,2764.12,2773.15,2748.13,2753.3,84686,90.68,2.09,3.37
2024-02-28,2769.82,2770.46,2753.86,2762.65,113445,88.96,2.35,3.13
2024-02-29,2755.52,2774.46,2750.54,2773.51,146025,93.17,2.17,3.45
2024-03-01,2765.19,2768.09,2745.45,2757.58,51552,92.53,1.87,3.46
2024-03-04,2774.89,2794.49,2762.85,2769.03,206535,89.72,2.35,3.36
2024-03-05,2765.12,2766.58,2751.94,2762.99,156831,91.09,2.11,3.2
2024-03-06,2757.11,2782.63,2755.56,2771.49,121243,91.18,1.96,3.25
2024-03-07,2765.46,2774.47,2756.89,2771.92,142862,91.65,1.66,3.13
2024-03-08,2763.5,2775.85,2761.46,2773.21,145572,93.24,2.06,3.36
2024-03-11,2757.76,2775.86,2749.14,2774.54,110974,90.61,2.46,3.83
2024-03-12,2786.16,2786.84,2785.33,2786.18,174784,93.32,1.32,3.34
2024-03-13,2769.71,2779.46,2766.7,2776.36,82366,90.28,1.33,3.29
2024-03-14,2804.63,2815.39,2781.02,2782.71,118743,95.75,2.19,3.38
2024-03-15,2792.01,2809.79,2769.1,2793.42,167486,95.77,2.06,3.17
2024-03-18,2813.59,2820.95,2798.67,2802.71,33641,89.37,2.17,3.17
2024-03-19,2811.06,2834.5,2789.31,2824.36,117616,88.36,1.87,3.24
2024-03-20,2816.22,2829.11,2804.77,2820.7,131905,93.88,1.47,3.46
2024-03-21,2831.09,2832.85,2818.86,2830.27,49842,92.04,1.8,3.38
2024-03-22,2822.67,2839.06,2800.32,2830.38,110495,92.78,2.39,3.3
2024-03-25,2840.81,2852.53,2832.85,2844.42,71863,89.71,1.89,3.43
2024-03-26,2843.54,2854.37,2838.59,2845.4,115696,91.01,1.9,3.57
2024-03-27,2840.99,2852.76,2835.03,2842.99,95034,90.49,1.35,3.42
2024-03-28,2871.66,2884.26,2855.71,2855.77,67607,92.06,1.56,3.15
2024-03-29,2855.64,2860.08,2852.2,2852.41,153870,88.2,2.29,3.02
2024-04-01,2846.85,2847.05,2832.09,2842.76,83504,91.1,1.94,3.03
2024-04-02,2843.79,2846.54,2811.94,2839.19,109972,88.22,2.26,3.42
2024-04-03,2851.02,2872.42,2822.46,2845.79,166978,90.05,1.82,3.18
2024-04-04,2858.65,2879.05,2847.57,2859.36,68413,91.04,1.64,3.41
2024-04-05,2858.67,2864.56,2856.65,2861.42,99034,92.54,1.95,3.21
2024-04-08,2877.82,2879.81,2874.56,2876.38,80972,92.69,1.87,3.33
2024-04-09,2875.11,2889.42,2854.89,2865.17,88532,93.16,1.81,3.38
2024-04-10,2871.9,2898.84,2860.92,2862.23,233849,87.57,1.81,3.15
2024-04-11,2858.63,2866.55,2856.88,2860.7,118504,94.44,1.98,3.39
2024-04-12,2867.32,2871.76,2830.58,2860.73,111908,89.67,1.89,3.16
2024-04-15,2862.85,2868.38,2853.31,2864.53,121739,89.83,1.78,3.15
2024-04-16,2872.13,2874.12,2863.28,2871.83,117254,91.91,2.47,3.37
2024-04-17,2864.8,2885.48,2857.3,2868.88,47556,90.4,2.13,3.34
2024-04-18,2869.64,2878.94,2858.71,2871.2,247385,92.14,2.06,3.31
2024-04-19,2883.42,2894.47,2853.73,2871.86,54954,92.6,2.0,3.08
2024-04-22,2867.34,2867.88,2865.09,2866.54,197409,89.35,2.19,3.17
2024-04-23,2867.74,2883.8,2833.25,2866.58,126399,90.8,2.15,3.33
2024-04-24,2853.9,2890.19,2840.79,2866.35,106118,90.87,1.76,3.57
2024-04-25,2863.26,2883.45,2843.1,2865.92,87361,93.65,1.64,3.49
2024-04-26,2865.2,2871.4,2848.64,2867.27,279865,90.09,1.45,3.15
2024-04-29,2863.86,2871.37,2858.28,2871.01,125717,89.97,2.47,3.11
2024-04-30,2868.35,2870.76,2864.64,2868.16,99416,88.69,1.91,3.47
2024-05-01,2877.05,2885.0,2854.6,2880.76,79689,88.93,2.17,3.29
2024-05-02,2871.92,2895.03,2862.72,2871.23,75958,87.86,2.08,3.13
2024-05-03,2866.83,2876.26,2862.4,2865.78,100734,89.5,2.25,3.22
2024-05-06,2885.76,2904.8,2877.46,2894.06,68033,95.13,2.01,3.0
2024-05-07,2882.23,2885.71,2878.2,2885.68,129554,92.91,1.7,3.34
2024-05-08,2875.14,2875.84,2859.53,2874.47,76247,94.42,1.77,3.39
2024-05-09,2892.44,2906.06,2875.96,2882.2,147558,88.82,1.94,3.41
2024-05-10,2866.68,2883.45,2860.56,2864.47,146244,86.39,1.63,3.35
2024-05-13,2859.7,2868.14,2851.24,2865.39,96550,92.05,1.82,3.12
2024-05-14,2889.35,2898.59,2869.51,2885.9,124507,95.81,1.73,3.3
2024-05-15,2887.67,2891.87,2863.3,2872.95,127025,90.02,1.95,3.38
2024-05-16,2863.99,2864.07,2847.71,2856.13,54998,91.55,1.91,3.3
2024-05-17,2848.4,2850.73,2843.1,2843.73,197338,87.42,2.06,3.28
2024-05-20,2861.04,2868.91,2850.89,2854.82,89116,91.37,2.25,3.18
2024-05-21,2878.4,2881.93,2862.43,2866.02,130382,90.94,1.98,3.01
2024-05-22,2871.7,2878.37,2854.85,2862.46,131853,86.04,1.66,3.42
2024-05-23,2874.57,2884.94,2857.4,2869.69,36467,88.65,1.53,3.13
2024-05-24,2892.6,2893.7,2876.33,2883.36,75904,88.4,2.08,3.32
2024-05-27,2893.3,2917.79,2889.39,2902.72,138157,87.16,1.87,3.5
2024-05-28,2888.47,2909.94,2881.32,2901.55,101204,89.31,2.0,3.26
2024-05-29,2883.02,2919.91,2868.85,2881.66,130038,92.47,2.12,3.3
2024-05-30,2875.88,2881.57,2867.63,2875.29,102431,89.64,2.4,2.98
2024-05-31,2867.8,2872.92,2865.26,2872.49,161418,94.1,1.6,3.01
2024-06-03,2880.32,2881.89,2871.73,2873.2,103322,90.32,1.79,3.3
2024-06-04,2856.51,2895.32,2847.89,2872.57,174492,92.05,2.02,3.02
2024-06-05,2879.15,2890.41,2874.2,2883.78,66701,92.43,1.76,2.9
2024-06-06,2892.24,2902.6,2883.6,2896.46,93802,94.97,1.67,2.85
2024-06-07,2881.75,2915.0,2877.43,2895.96,77857,89.35,2.37,3.06
2024-06-10,2922.14,2926.4,2907.85,2909.09,115318,92.2,1.79,3.05
2024-06-11,2901.57,2919.13,2890.53,2913.45,88303,88.71,1.72,3.23
2024-06-12,2909.98,2924.3,2901.17,2915.13,90056,95.37,1.76,2.93
2024-06-13,2932.52,2941.9,2913.72,2924.55,74465,88.43,2.32,3.28
2024-06-14,2931.98,2953.18,2926.06,2926.3,82101,91.98,1.88,2.89
2024-06-17,2938.66,2963.51,2938.03,2948.47,98310,94.84,1.71,2.89
2024-06-18,2942.24,2952.53,2933.8,2936.23,43978,87.99,1.84,3.08
2024-06-19,2935.11,2936.78,2927.99,2932.56,39312,92.49,2.04,3.07
2024-06-20,2953.0,2958.98,2922.83,2932.48,101079,88.52,2.28,3.14
2024-06-21,2941.19,2941.25,2918.63,2937.63,32608,96.8,2.26,2.88
2024-06-24,2951.27,2966.31,2934.7,2952.52,91376,86.19,1.86,3.1
2024-06-25,2945.8,2953.44,2940.01,2953.39,84891,87.13,1.92,2.79
2024-06-26,2934.72,2947.64,2933.21,2941.28,122616,88.16,2.58,2.71
2024-06-27,2942.89,2960.19,2941.31,2950.19,75447,88.21,2.31,3.31
2024-06-28,2970.49,2977.84,2945.35,2958.32,184943,92.2,1.99,3.19
2024-07-01,2943.56,2947.73,2920.64,2943.4,138588,95.46,1.49,3.03
2024-07-02,2949.46,2971.78,2942.58,2944.46,53910,93.84,1.95,2.72
2024-07-03,2944.15,2960.99,2929.0,2930.84,88102,91.59,1.73,2.95
2024-07-04,2905.09,2932.62,2892.04,2925.8,181838,91.05,1.85,3.08
2024-07-05,2929.77,2931.54,2901.72,2918.57,74678,89.54,1.82,2.95
2024-07-08,2929.62,2946.04,2908.35,2929.13,96649,91.99,2.01,3.24
2024-07-09,2935.12,2944.45,2921.97,2931.3,173104,90.48,2.08,3.1
2024-07-10,2913.28,2947.33,2888.91,2920.54,79519,91.52,1.88,2.86
2024-07-11,2923.1,2942.08,2910.48,2929.73,154692,89.16,1.75,2.76
2024-07-12,2921.89,2925.84,2912.68,2917.61,68596,88.05,2.02,3.13
2024-07-15,2944.67,2965.72,2920.81,2923.75,31099,91.1,1.94,3.11
2024-07-16,2926.13,2936.64,2904.41,2917.35,161362,91.07,1.59,3.1
2024-07-17,2926.14,2934.33,2902.59,2915.08,117652,89.58,2.22,3.23
2024-07-18,2919.11,2923.79,2909.54,2920.79,120792,89.13,1.89,3.05
2024-07-19,2921.41,2930.05,2898.82,2926.68,63755,92.42,2.0,2.99
2024-07-22,2935.27,2945.56,2926.18,2942.16,65818,92.1,2.02,3.08
2024-07-23,2938.18,2952.2,2928.66,2942.49,156400,95.65,2.07,3.15
2024-07-24,2928.28,2949.55,2928.1,2946.43,108801,94.4,2.11,3.06
2024-07-25,2937.06,2947.99,2925.28,2943.46,94185,87.97,1.75,2.96
2024-07-26,2941.29,2962.14,2925.16,2946.24,107836,90.47,2.15,3.1
2024-07-29,2951.91,2965.56,2951.56,2953.46,180484,87.51,1.99,2.96
2024-07-30,2954.81,2962.75,2949.1,2953.64,131857,86.32,2.35,2.87
2024-07-31,2941.19,2953.98,2927.38,2938.0,81645,96.47,2.28,2.96
2024-08-01,2942.03,2944.67,2922.22,2942.16,56308,94.66,2.41,2.89
2024-08-02,2941.5,2955.68,2939.54,2946.64,124894,89.37,1.84,2.92
2024-08-05,2926.12,2949.65,2925.18,2943.46,68214,94.07,2.4,2.8
2024-08-06,2927.6,2935.69,2922.83,2932.66,61515,94.48,2.1,3.08
2024-08-07,2938.82,2951.27,2924.73,2947.42,167091,86.14,2.25,2.96
2024-08-08,2957.21,2984.56,2950.73,2953.08,139939,93.05,2.25,3.03
2024-08-09,2960.1,2960.99,2943.07,2952.05,115182,89.7,2.2,2.99
2024-08-12,2952.92,2960.21,2940.45,2944.62,60152,91.91,1.81,2.78
2024-08-13,2944.77,2967.65,2935.51,2938.1,201936,98.5,2.32,3.11
2024-08-14,2950.1,2961.44,2939.13,2951.28,148977,94.89,2.17,2.87
2024-08-15,2949.03,2966.5,2944.96,2953.66,87420,90.6,1.72,2.85
2024-08-16,2943.02,2960.89,2931.71,2949.63,80329,94.49,1.97,2.93
2024-08-19,2944.14,2962.43,2932.49,2957.51,101864,86.1,1.79,2.93
2024-08-20,2959.81,2972.07,2949.28,2951.03,81522,92.19,1.73,3.28
2024-08-21,2964.56,2970.21,2953.8,2966.12,239124,92.19,2.3,2.98
2024-08-22,2968.75,2982.59,2949.28,2979.89,84608,92.58,1.72,2.81
2024-08-23,2969.24,2984.13,2948.13,2976.62,64398,89.56,1.76,3.17
2024-08-26,2966.16,2987.14,2965.85,2973.89,186347,91.8,2.59,2.63
2024-08-27,2950.94,2975.39,2944.78,2950.56,78619,93.07,1.98,2.8
2024-08-28,2947.32,2948.92,2934.44,2937.91,135208,85.17,2.26,2.79
2024-08-29,2923.58,2937.63,2911.77,2926.63,129334,90.23,2.38,2.87
2024-08-30,2909.17,2932.99,2901.55,2928.97,96430,88.75,2.29,2.92
2024-09-02,2927.41,2937.92,2915.87,2929.07,66889,92.67,2.13,2.92
2024-09-03,2916.4,2931.36,2904.56,2917.77,96831,94.5,2.09,2.92
2024-09-04,2914.3,2921.96,2910.66,2916.27,61824,89.53,2.23,2.94
2024-09-05,2916.5,2926.62,2904.94,2922.0,97783,88.32,2.04,2.84
2024-09-06,2929.86,2944.07,2926.27,2927.95,134472,91.31,2.27,3.04
2024-09-09,2914.15,2923.69,2895.18,2913.57,196243,88.19,2.04,2.6
2024-09-10,2913.26,2937.17,2901.06,2913.48,63886,90.51,2.07,2.45
2024-09-11,2905.48,2911.27,2893.86,2901.89,89305,90.29,2.57,2.94
2024-09-12,2907.47,2922.99,2903.42,2911.22,80023,92.53,1.98,2.78
2024-09-13,2915.25,2938.01,2913.87,2919.51,110138,91.84,2.11,3.09
2024-09-16,2926.42,2940.2,2901.94,2914.36,53705,91.47,2.21,2.98
2024-09-17,2913.29,2915.11,2894.43,2908.41,68086,95.18,2.23,2.91
2024-09-18,2912.48,2913.83,2900.46,2905.27,50171,91.78,2.18,2.74
2024-09-19,2896.41,2903.3,2879.76,2885.8,55529,90.14,1.8,2.91
2024-09-20,2894.49,2908.71,2885.82,2889.93,75797,90.43,2.15,2.75
2024-09-23,2898.56,2902.33,2881.58,2890.51,192596,89.25,2.17,2.81
2024-09-24,2886.7,2914.3,2869.6,2900.44,113441,88.58,2.4,2.75
2024-09-25,2893.26,2907.07,2891.43,2891.49,101315,87.68,2.3,2.84
2024-09-26,2885.35,2903.99,2875.32,2886.93,169186,94.01,2.41,2.76
2024-09-27,2888.8,2901.13,2853.01,2874.33,115086,89.43,1.86,2.94
2024-09-30,2876.28,2886.06,2867.56,2868.3,119495,92.04,1.87,2.85
2024-10-01,2853.3,2862.97,2839.42,2858.7,81698,90.54,2.2,2.71
2024-10-02,2871.96,2885.11,2861.39,2868.75,76501,91.17,2.4,2.71
2024-10-03,2864.95,2870.65,2834.82,2863.51,58427,94.15,2.07,2.59
2024-10-04,2869.6,2875.86,2849.73,2865.7,77618,91.7,1.93,2.48
2024-10-07,2856.55,2865.38,2852.48,2865.3,88237,88.95,1.72,2.91
2024-10-08,2858.01,2870.8,2845.71,2854.93,113310,89.89,2.21,2.71
2024-10-09,2852.52,2870.87,2848.78,2854.48,97274,93.45,2.09,2.58
2024-10-10,2863.36,2876.91,2849.0,2860.93,85303,92.49,2.01,2.83
2024-10-11,2844.93,2865.45,2831.99,2851.13,68550,93.62,2.35,2.65
2024-10-14,2856.42,2876.38,2839.16,2861.44,115803,90.68,2.1,2.74
2024-10-15,2864.91,2875.21,2834.2,2854.85,80893,87.81,2.12,2.56
2024-10-16,2842.58,2864.17,2835.85,2851.57,113722,92.58,2.35,2.85
2024-10-17,2849.02,2863.81,2836.86,2857.4,45921,91.92,2.67,2.76
2024-10-18,2852.06,2858.72,2848.0,2852.5,112935,92.01,2.01,2.82
2024-10-21,2849.26,2856.0,2833.14,2855.87,133087,87.84,1.91,2.67
2024-10-22,2846.52,2870.13,2835.95,2854.1,126476,89.7,1.88,2.77
2024-10-23,2857.23,2879.03,2838.6,2856.32,91245,88.95,2.25,2.51
2024-10-24,2823.23,2838.98,2807.12,2836.04,142361,92.37,1.86,3.07
2024-10-25,2812.26,2850.79,2786.6,2820.79,59326,92.52,2.04,2.79
2024-10-28,2846.71,2850.09,2822.8,2829.27,95255,91.29,2.06,2.98
2024-10-29,2843.5,2854.13,2821.63,2839.58,91367,93.78,2.52,2.68
2024-10-30,2826.16,2835.05,2822.71,2832.5,149426,95.12,2.43,2.56
2024-10-31,2834.93,2843.17,2822.32,2831.38,43993,92.28,1.75,2.64
2024-11-01,2839.89,2843.94,2819.24,2835.06,64650,93.06,2.53,2.7
2024-11-04,2852.77,2866.85,2828.47,2844.28,198570,89.99,1.83,2.69
2024-11-05,2826.14,2837.24,2819.54,2827.22,37338,89.6,2.18,2.98
2024-11-06,2828.65,2832.28,2810.72,2820.39,136730,93.96,1.93,2.57
2024-11-07,2801.25,2830.49,2800.34,2818.48,74598,89.26,2.04,2.61
2024-11-08,2816.83,2834.44,2802.17,2825.78,109303,93.16,1.89,2.8
2024-11-11,2852.54,2857.74,2848.41,2851.14,173774,95.61,2.56,2.45
2024-11-12,2852.97,2856.43,2840.79,2850.15,110999,92.95,2.11,2.68
2024-11-13,2830.83,2856.61,2818.57,2838.6,175222,91.16,2.2,2.71
2024-11-14,2845.47,2845.94,2836.77,2843.25,81069,88.0,1.87,2.75
2024-11-15,2850.82,2876.22,2830.96,2856.17,85470,91.7,1.79,2.73
2024-11-18,2857.8,2867.58,2841.79,2860.18,135230,93.8,2.03,2.97
2024-11-19,2861.85,2886.33,2850.99,2853.08,82803,90.86,2.28,2.54
2024-11-20,2870.58,2878.75,2862.44,2862.77,125359,93.82,2.12,2.57
2024-11-21,2861.24,2878.87,2848.72,2869.82,158501,92.15,2.39,2.76
2024-11-22,2852.55,2874.01,2842.61,2861.63,139711,92.0,2.18,2.7
2024-11-25,2864.58,2879.05,2855.85,2868.11,52493,90.46,2.15,2.71
2024-11-26,2877.98,2901.27,2872.8,2878.21,86115,87.57,2.28,2.45
2024-11-27,2884.31,2893.8,2871.47,2890.02,110495,90.1,2.17,2.98
2024-11-28,2899.51,2907.19,2873.55,2890.48,89540,90.08,2.39,2.72
2024-11-29,2891.31,2893.14,2881.61,2888.3,101899,92.61,2.29,2.41
2024-12-02,2906.1,2909.79,2898.02,2902.57,111082,91.08,2.38,2.74
2024-12-03,2881.61,2910.74,2872.84,2892.6,79967,93.86,2.33,2.48
2024-12-04,2907.82,2919.62,2882.82,2897.67,91365,91.84,2.49,2.78
2024-12-05,2861.85,2899.9,2852.98,2886.27,61548,89.92,2.36,2.44
2024-12-06,2904.3,2905.71,2887.04,2897.05,81541,89.1,2.59,2.79
2024-12-09,2905.89,2919.92,2873.68,2897.77,53601,89.62,2.02,2.45
2024-12-10,2906.68,2928.88,2903.11,2910.45,103424,91.49,2.37,2.48
2024-12-11,2927.18,2928.17,2904.8,2916.05,91373,90.13,1.81,2.65
2024-12-12,2905.36,2909.57,2891.78,2905.91,68437,88.41,2.4,2.53
2024-12-13,2920.61,2921.39,2918.99,2920.07,201612,93.56,2.17,2.54
2024-12-16,2940.48,2941.6,2931.39,2937.49,89485,91.36,2.4,2.39
2024-12-17,2974.93,2994.65,2941.54,2946.76,110704,91.63,2.58,2.56
2024-12-18,2952.65,2970.99,2936.45,2940.79,76461,88.91,2.36,2.74
2024-12-19,2945.23,2948.13,2932.01,2939.05,83638,88.37,2.06,2.89
2024-12-20,2933.43,2955.17,2931.31,2941.49,112393,90.56,1.89,2.73
2024-12-23,2939.36,2963.67,2920.9,2938.1,86430,85.91,2.3,2.7
2024-12-24,2947.69,2982.41,2941.71,2954.9,98846,92.86,2.09,2.35
2024-12-25,2964.63,2973.77,2953.97,2957.34,136315,89.14,2.33,2.59
2024-12-26,2934.59,2941.85,2916.34,2933.35,80240,90.33,2.04,2.5
2024-12-27,2927.67,2942.93,2911.51,2937.58,57938,92.05,1.94,2.37
2024-12-30,2938.2,2943.93,2931.21,2937.48,53610,90.42,2.11,2.4
2024-12-31,2930.39,2943.94,2914.21,2937.88,175496,88.06,2.3,2.69
2025-01-01,2935.88,2942.29,2924.95,2934.55,143266,94.76,2.2,2.5
2025-01-02,2935.52,2944.23,2928.9,2943.11,128324,87.13,1.97,2.36
2025-01-03,2954.85,2955.84,2947.93,2954.6,82915,85.32,2.62,2.49
2025-01-06,2967.05,2985.71,2956.91,2960.38,57917,93.08,2.14,2.62
2025-01-07,2957.85,2968.02,2946.3,2958.32,88175,87.25,1.61,2.47
2025-01-08,2955.56,2966.17,2942.23,2959.03,95097,94.03,2.41,2.39
2025-01-09,2962.12,2970.2,2947.93,2960.32,62779,91.84,2.17,2.43
2025-01-10,2960.12,2974.39,2946.62,2953.94,54837,91.62,2.13,2.7
2025-01-13,2952.64,2990.28,2952.12,2962.48,49408,89.46,2.13,2.25
2025-01-14,2970.2,2978.0,2956.75,2967.88,128406,88.8,2.13,2.52
2025-01-15,2995.21,3013.1,2980.13,2983.42,60952,89.86,2.6,2.54
2025-01-16,3001.51,3010.16,2987.67,2996.36,111721,88.56,2.3,2.44
2025-01-17,2991.52,2997.91,2976.76,2991.0,84194,93.8,2.25,2.41
2025-01-20,3007.69,3010.1,2998.12,3001.93,124973,88.88,2.12,2.7
2025-01-21,2998.13,3022.27,2985.87,2994.06,112908,92.03,2.62,2.69
2025-01-22,3008.53,3014.83,2996.73,3001.75,89969,93.25,2.39,2.56
2025-01-23,2979.78,3010.44,2971.0,2997.98,104003,88.55,2.43,2.46
2025-01-24,2975.51,3003.0,2951.44,2989.44,94453,91.72,2.25,2.56
2025-01-27,3004.29,3006.91,2995.21,2995.26,77177,88.53,2.44,2.6
2025-01-28,2957.82,2983.16,2955.95,2971.24,146098,90.42,2.29,2.52
2025-01-29,2959.55,2979.37,2947.46,2955.99,83347,89.76,2.1,2.6
2025-01-30,2952.32,2957.99,2937.96,2955.44,95345,89.17,2.28,2.48
2025-01-31,2948.47,2968.8,2935.53,2957.3,56047,91.3,2.71,2.06
2025-02-03,2960.11,2963.64,2949.82,2957.01,110152,87.87,2.24,2.5
2025-02-04,2945.2,2958.63,2921.88,2943.42,77324,93.28,2.51,2.63
2025-02-05,2955.53,2971.01,2933.27,2936.94,81573,88.28,2.49,2.53
2025-02-06,2936.14,2952.34,2923.95,2941.65,70556,87.8,2.33,2.57
2025-02-07,2960.88,2965.0,2918.7,2948.15,93939,90.31,2.61,2.48
2025-02-10,2954.25,2960.39,2937.26,2951.13,44241,90.0,1.65,2.48
2025-02-11,2957.13,2970.15,2953.66,2963.0,129695,91.77,1.74,2.54
2025-02-12,2974.93,2992.65,2943.71,2967.82,97200,91.08,2.63,2.8
2025-02-13,2966.97,2966.97,2954.82,2961.94,81886,86.82,2.04,2.63
2025-02-14,2960.74,2972.89,2956.72,2960.42,53141,93.36,2.23,2.61
2025-02-17,2952.86,2957.6,2938.81,2950.5,117386,90.24,2.64,2.53
2025-02-18,2945.31,2956.25,2945.12,2950.59,76593,91.53,2.25,2.3
2025-02-19,2954.71,2975.94,2945.18,2962.05,166447,96.39,2.62,2.68
2025-02-20,2976.32,2987.84,2944.57,2969.55,119913,94.07,2.1,2.63
2025-02-21,2981.8,3011.72,2966.61,2983.8,182382,91.33,2.36,2.55
2025-02-24,2983.41,2994.09,2979.41,2984.13,104275,87.37,2.22,2.48
2025-02-25,3000.44,3002.39,2997.64,2997.92,151923,87.36,2.58,2.57
2025-02-26,2999.59,3003.39,2996.51,2997.21,118789,93.66,2.14,2.45
2025-02-27,2999.34,3014.77,2988.67,3012.25,82421,89.69,1.96,2.59
2025-02-28,3024.79,3034.0,3007.41,3013.17,106391,90.27,2.09,2.36
2025-03-03,3024.2,3027.25,3014.67,3023.1,70714,87.79,2.1,2.19
2025-03-04,3036.46,3052.14,3019.58,3038.31,225824,91.72,2.05,2.3
2025-03-05,3041.51,3064.5,3035.82,3037.58,94812,93.46,2.04,2.5
2025-03-06,3042.96,3045.63,3037.07,3040.8,99756,94.4,2.49,2.43
2025-03-07,3061.34,3061.6,3036.44,3054.31,115380,89.42,2.56,2.45
2025-03-10,3061.21,3068.2,3054.14,3056.27,63909,92.15,2.31,2.27
2025-03-11,3051.27,3066.93,3036.57,3044.71,167468,90.34,2.05,2.51
2025-03-12,3078.9,3082.47,3056.02,3066.48,65504,92.7,2.07,2.31
2025-03-13,3071.2,3083.36,3056.18,3063.08,59838,90.5,1.7,2.54
2025-03-14,3064.27,3067.45,3054.2,3065.75,92354,88.44,2.31,2.25
2025-03-17,3069.83,3101.95,3065.55,3080.21,59176,93.75,2.05,2.33
2025-03-18,3090.84,3098.89,3071.37,3075.45,184384,90.71,2.59,2.31
2025-03-19,3064.65,3083.64,3049.61,3066.84,90013,89.62,1.87,2.54
2025-03-20,3066.08,3086.09,3063.58,3070.43,27215,90.93,2.07,2.38
2025-03-21,3038.36,3056.13,3029.53,3054.27,106935,88.7,2.2,2.51
2025-03-24,3057.85,3074.67,3048.72,3054.75,123180,91.58,2.34,2.62
2025-03-25,3059.61,3084.11,3054.15,3058.25,83401,90.04,2.67,2.71
2025-03-26,3042.89,3063.29,3027.02,3056.78,57391,88.55,1.88,2.48
2025-03-27,3047.22,3051.14,3038.69,3043.09,94719,96.52,2.15,2.27
2025-03-28,3054.97,3065.06,3053.56,3059.54,81415,88.0,1.87,2.63
2025-03-31,3088.52,3091.77,3047.09,3063.79,66820,91.39,2.42,2.66
2025-04-01,3073.52,3079.58,3064.11,3078.78,64503,90.59,2.06,2.42
2025-04-02,3073.38,3085.55,3069.27,3077.4,105081,87.89,2.2,2.63
2025-04-03,3061.97,3076.36,3048.97,3070.02,141663,89.64,2.18,2.48
2025-04-04,3085.55,3104.44,3057.52,3073.77,118731,87.11,2.26,2.18
2025-04-07,3071.51,3081.11,3061.21,3074.95,49454,95.63,2.19,2.33
2025-04-08,3058.03,3077.21,3048.41,3064.7,126271,89.83,1.99,2.35
2025-04-09,3086.6,3100.61,3077.76,3080.06,134455,89.99,2.25,2.37
2025-04-10,3062.44,3085.84,3062.06,3075.18,172383,95.33,2.03,2.28
2025-04-11,3064.27,3066.76,3040.35,3058.54,67510,88.47,2.44,2.27
2025-04-14,3091.06,3117.51,3046.82,3074.63,96505,93.7,2.25,2.62
2025-04-15,3076.11,3081.51,3068.48,3070.89,123872,91.96,1.97,2.15
2025-04-16,3072.02,3079.93,3052.9,3066.15,79935,85.55,2.84,2.3
2025-04-17,3058.24,3080.24,3026.35,3050.28,123101,89.63,2.65,2.5
2025-04-18,3083.93,3096.01,3053.53,3068.19,97771,91.58,2.85,2.32
2025-04-21,3070.11,3071.09,3058.79,3059.0,70362,90.61,2.15,2.46
2025-04-22,3064.74,3066.5,3051.82,3060.7,72802,90.61,2.03,2.34
2025-04-23,3078.98,3085.38,3059.64,3070.66,162708,88.96,2.44,2.47
2025-04-24,3067.71,3077.62,3065.08,3075.88,66266,88.68,2.52,2.24
2025-04-25,3083.61,3099.21,3072.45,3076.45,61870,89.69,2.29,2.12
2025-04-28,3054.01,3067.19,3050.1,3063.25,113295,95.41,1.72,2.33
2025-04-29,3053.22,3068.6,3052.02,3056.58,97515,88.26,2.0,2.12
2025-04-30,3031.24,3072.54,3026.16,3059.53,58416,89.32,2.35,2.38
2025-05-01,3056.76,3065.76,3042.69,3053.09,80196,90.62,2.08,2.22
2025-05-02,3050.27,3056.54,3038.21,3056.18,71202,86.88,1.9,2.22
2025-05-05,3076.23,3084.02,3058.35,3066.0,76369,91.58,2.18,2.61
2025-05-06,3080.06,3087.61,3071.74,3076.46,271030,87.24,1.44,2.42
2025-05-07,3076.07,3100.93,3060.47,3065.74,87462,87.78,2.1,2.15
2025-05-08,3078.13,3102.25,3074.21,3088.17,69390,87.58,2.14,2.37
2025-05-09,3106.44,3119.12,3085.73,3096.79,221619,86.28,2.33,2.36
2025-05-12,3119.66,3129.84,3090.71,3100.07,140829,93.54,2.39,2.07
2025-05-13,3119.02,3124.26,3105.19,3111.88,131917,91.64,2.35,2.43
2025-05-14,3143.76,3156.32,3134.09,3136.32,70739,92.55,2.48,2.52
2025-05-15,3124.89,3139.87,3117.91,3123.3,158989,92.37,2.21,2.31
2025-05-16,3117.33,3125.9,3112.26,3122.25,136832,89.87,1.89,2.33
2025-05-19,3109.32,3112.45,3099.73,3102.24,104698,90.29,2.27,2.28
2025-05-20,3091.24,3114.03,3076.01,3105.27,49686,92.89,2.04,2.42
2025-05-21,3106.11,3111.11,3105.62,3110.0,97932,94.43,1.92,2.33
2025-05-22,3094.25,3113.3,3083.21,3110.78,197199,87.19,2.4,2.33
2025-05-23,3098.97,3115.54,3088.1,3105.52,107812,96.65,1.91,2.24
2025-05-26,3094.77,3104.65,3084.11,3088.82,84915,87.13,2.43,2.66
2025-05-27,3098.29,3126.82,3080.44,3093.6,90094,89.24,1.94,2.32
2025-05-28,3109.45,3111.35,3085.27,3108.97,92623,90.53,2.19,2.46
2025-05-29,3105.93,3123.13,3100.42,3104.34,71693,90.77,2.12,2.39
2025-05-30,3092.21,3115.26,3083.66,3109.81,97100,95.25,2.55,1.97
2025-06-02,3094.31,3111.89,3066.3,3097.77,175798,92.91,2.41,2.29
2025-06-03,3097.05,3107.19,3081.46,3103.39,168010,91.39,2.06,2.18
2025-06-04,3094.57,3102.87,3093.44,3100.7,73003,92.96,2.23,2.49
2025-06-05,3099.98,3114.07,3081.95,3094.41,164449,91.26,2.6,2.16
2025-06-06,3080.18,3101.73,3055.06,3088.15,133847,88.73,2.64,2.42
2025-06-09,3082.01,3096.57,3074.63,3087.61,127177,91.63,1.93,2.49
2025-06-10,3073.11,3103.39,3061.24,3092.48,117332,90.57,2.6,2.38
2025-06-11,3078.15,3081.19,3077.79,3080.87,68039,88.34,2.58,2.34
2025-06-12,3068.11,3093.27,3055.8,3078.16,83932,93.61,2.32,2.28
2025-06-13,3079.63,3080.17,3072.51,3078.9,137746,90.31,2.25,2.32
2025-06-16,3062.76,3086.97,3059.64,3071.52,60916,87.68,2.14,2.13
2025-06-17,3091.07,3112.62,3082.22,3090.1,65100,88.0,1.96,2.36
2025-06-18,3081.61,3086.85,3073.34,3082.95,111577,91.77,2.36,2.49
2025-06-19,3093.04,3113.57,3068.84,3077.6,71983,93.08,2.23,2.2
2025-06-20,3073.85,3084.18,3069.21,3069.27,137249,91.69,2.38,2.33
2025-06-23,3072.93,3093.4,3050.49,3089.99,73007,91.63,2.39,2.31
2025-06-24,3084.77,3108.2,3063.62,3096.52,108852,88.36,2.91,2.37
2025-06-25,3089.06,3092.53,3085.92,3088.55,112558,90.65,2.58,2.24
2025-06-26,3091.83,3111.44,3058.33,3100.48,81402,89.55,2.42,2.1
2025-06-27,3075.96,3104.32,3067.93,3103.6,89692,89.87,1.75,2.15
2025-06-30,3122.0,3138.34,3106.8,3109.41,75206,90.06,2.38,1.97
2025-07-01,3113.91,3115.77,3101.63,3107.2,97983,88.7,2.68,2.43
2025-07-02,3105.89,3118.75,3075.99,3101.04,67193,92.25,2.18,2.38
2025-07-03,3099.88,3125.27,3087.16,3105.54,90273,87.83,2.83,2.31
2025-07-04,3105.38,3114.98,3069.56,3101.41,133171,87.12,2.42,2.21
2025-07-07,3116.05,3127.77,3090.01,3122.65,62648,88.33,2.36,2.29
2025-07-08,3113.3,3123.51,3107.81,3111.39,81240,92.54,2.04,2.31
2025-07-09,3119.05,3141.71,3117.73,3127.68,121455,91.12,2.66,2.23
2025-07-10,3142.02,3161.55,3116.84,3127.79,42999,85.82,2.08,2.24
2025-07-11,3117.19,3148.7,3090.93,3131.95,207364,91.75,2.15,2.5
2025-07-14,3155.27,3184.69,3138.83,3143.64,149956,90.1,1.82,2.12
2025-07-15,3138.98,3160.65,3111.73,3138.62,53351,89.19,2.51,2.45
2025-07-16,3143.76,3150.16,3141.62,3148.39,42545,89.59,2.44,2.06
2025-07-17,3124.41,3145.01,3117.21,3122.85,99892,86.96,2.29,2.54
2025-07-18,3123.83,3124.53,3112.88,3116.98,63063,90.75,2.48,1.94
2025-07-21,3124.11,3128.94,3096.16,3111.35,145015,87.16,2.46,2.37
2025-07-22,3103.19,3119.01,3095.04,3100.28,115566,89.5,2.2,2.2
2025-07-23,3091.09,3102.98,3080.98,3099.38,103709,89.5,2.1,2.27
2025-07-24,3104.86,3115.09,3089.06,3104.34,78581,92.28,1.87,2.27
2025-07-25,3129.38,3138.33,3108.87,3112.42,187213,90.43,2.25,2.38
2025-07-28,3130.83,3133.38,3110.28,3118.22,133436,92.07,1.97,2.0
2025-07-29,3121.37,3128.55,3111.79,3112.88,125651,87.34,2.34,2.28
2025-07-30,3125.15,3151.13,3113.76,3117.71,159535,90.04,2.26,2.32
2025-07-31,3126.67,3133.37,3106.0,3120.13,65673,91.63,2.2,2.19
2025-08-01,3141.43,3146.97,3119.54,3130.55,165032,93.37,2.56,2.27
2025-08-04,3137.38,3143.51,3115.65,3141.68,88801,87.38,2.06,2.18
2025-08-05,3130.42,3147.63,3113.42,3143.19,112858,88.12,1.84,2.36
2025-08-06,3136.18,3141.56,3123.06,3135.53,92726,91.51,2.25,2.34
2025-08-07,3122.62,3141.33,3110.51,3130.29,46576,94.29,2.12,2.31
2025-08-08,3116.19,3129.41,3111.23,3126.08,144775,90.99,2.34,2.38
2025-08-11,3119.67,3129.24,3115.99,3126.43,47581,87.5,2.08,2.46
2025-08-12,3153.61,3154.35,3119.95,3130.27,67063,87.54,2.41,2.13
2025-08-13,3139.82,3141.56,3135.64,3138.54,82361,90.57,2.07,2.61
2025-08-14,3142.65,3154.11,3104.53,3139.24,45186,91.13,2.06,2.33
2025-08-15,3129.1,3141.38,3105.34,3140.61,63560,89.67,2.46,2.2
2025-08-18,3128.1,3148.54,3124.16,3145.5,108871,87.51,2.3,2.61
2025-08-19,3133.88,3146.66,3128.22,3141.6,85934,92.98,2.02,2.21
2025-08-20,3147.18,3149.45,3094.4,3133.66,88817,89.38,2.07,2.09
2025-08-21,3120.71,3123.62,3104.13,3117.58,68459,91.63,2.22,2.19
2025-08-22,3117.55,3118.26,3111.28,3111.96,100556,85.9,2.03,2.18
2025-08-25,3126.96,3133.88,3119.77,3120.05,86673,93.3,2.24,2.43
2025-08-26,3108.82,3118.25,3108.79,3114.35,51206,88.61,2.25,2.25
2025-08-27,3126.17,3128.94,3091.56,3113.21,91092,93.69,2.09,2.28
2025-08-28,3113.07,3121.24,3106.89,3118.99,60068,91.84,2.48,2.27
2025-08-29,3138.5,3151.06,3113.18,3125.31,141361,86.71,2.06,2.43
2025-09-01,3122.28,3131.14,3100.23,3118.14,84406,90.92,2.63,2.21
2025-09-02,3112.36,3136.63,3094.24,3129.16,270657,94.41,2.27,2.23
2025-09-03,3134.45,3141.92,3133.7,3141.5,145329,88.73,2.16,2.15
2025-09-04,3114.77,3156.86,3087.16,3131.54,93703,94.41,2.46,2.19
2025-09-05,3135.53,3138.25,3097.7,3124.63,124466,91.25,2.33,2.33
2025-09-08,3139.61,3148.57,3129.06,3139.84,42790,93.58,2.51,2.36
2025-09-09,3118.61,3139.79,3109.9,3139.6,145067,90.63,1.82,2.51
2025-09-10,3122.44,3139.78,3100.63,3118.92,71102,90.0,2.45,2.23
2025-09-11,3101.39,3112.86,3100.89,3106.39,102323,94.94,2.2,2.21
2025-09-12,3091.33,3116.09,3075.35,3105.15,73787,92.16,2.34,2.31
2025-09-15,3112.8,3118.19,3092.51,3097.21,76993,89.8,2.31,2.17
2025-09-16,3095.37,3122.86,3086.87,3094.37,91816,91.45,2.67,2.15
2025-09-17,3093.16,3096.27,3084.18,3095.88,101796,88.98,1.86,2.29
2025-09-18,3107.64,3124.97,3097.78,3111.37,97658,90.6,2.73,2.18
2025-09-19,3095.61,3111.36,3073.06,3109.72,98637,93.33,2.51,2.2
2025-09-22,3111.47,3143.07,3107.29,3123.69,51520,89.88,2.37,2.33
2025-09-23,3151.09,3160.79,3135.7,3138.99,250902,88.05,1.98,2.29
2025-09-24,3149.94,3173.81,3140.14,3154.42,108314,87.76,1.92,2.54
2025-09-25,3158.68,3165.77,3155.75,3158.47,117597,90.35,2.19,2.38
2025-09-26,3120.94,3142.0,3095.65,3140.2,86163,88.21,2.49,2.12
2025-09-29,3135.79,3161.39,3133.58,3148.24,69587,86.62,2.34,2.17
2025-09-30,3165.65,3174.31,3147.33,3159.87,104863,87.16,2.48,2.03
2025-10-01,3163.86,3175.59,3156.18,3160.28,110825,93.1,1.97,2.09
2025-10-02,3195.64,3212.34,3167.37,3178.92,166162,89.74,2.35,2.42
2025-10-03,3201.61,3219.11,3179.61,3188.77,226623,90.2,2.61,2.19
2025-10-06,3195.79,3224.77,3194.65,3198.01,178226,87.61,2.7,2.02
2025-10-07,3214.76,3232.38,3199.52,3210.21,48697,88.53,2.03,1.94
2025-10-08,3211.76,3230.84,3207.23,3214.82,82111,88.43,2.25,2.01
2025-10-09,3210.57,3216.99,3180.78,3190.9,112907,89.36,2.26,2.11
2025-10-10,3198.1,3212.36,3173.42,3187.11,84110,85.92,2.19,2.23
2025-10-13,3204.32,3224.6,3191.53,3202.69,97000,92.73,2.57,2.16
2025-10-14,3197.7,3204.72,3187.79,3195.78,41854,89.99,3.06,2.33
2025-10-15,3208.61,3216.63,3178.39,3194.76,142298,90.54,2.07,2.08
2025-10-16,3191.03,3191.07,3180.59,3185.49,46621,92.35,2.45,2.4
2025-10-17,3219.66,3233.1,3189.86,3204.68,52628,92.09,2.42,2.2
2025-10-20,3204.03,3240.07,3198.93,3225.25,65783,88.49,2.43,2.29
2025-10-21,3221.98,3243.69,3206.56,3217.53,94938,91.47,2.68,2.14
2025-10-22,3215.28,3223.18,3204.52,3220.26,51581,91.43,2.44,2.37
2025-10-23,3231.54,3232.95,3211.85,3214.6,64591,90.76,1.82,2.02
2025-10-24,3237.02,3256.56,3203.93,3222.07,156307,92.59,1.99,2.03
2025-10-27,3231.13,3236.49,3208.7,3230.82,94377,91.91,2.09,2.07
2025-10-28,3255.26,3261.91,3214.23,3240.33,117408,91.69,2.17,2.39
2025-10-29,3262.33,3266.96,3240.37,3244.97,60204,93.27,2.32,2.18
2025-10-30,3277.11,3283.76,3264.17,3276.38,96612,89.82,2.3,2.07
2025-10-31,3291.27,3294.88,3258.23,3267.04,93494,89.93,1.9,2.18
2025-11-03,3252.77,3258.9,3227.74,3253.08,71818,91.88,1.96,2.23
2025-11-04,3248.21,3253.92,3239.7,3250.3,96719,89.4,1.83,2.05
2025-11-05,3243.94,3249.43,3197.21,3235.53,46311,91.1,1.97,2.23
2025-11-06,3218.18,3246.95,3200.44,3221.6,117646,88.54,2.61,2.19
2025-11-07,3213.51,3214.47,3195.97,3212.69,84137,84.27,2.29,2.13
2025-11-10,3220.47,3224.98,3195.45,3206.91,89064,91.49,2.12,2.01
2025-11-11,3198.7,3206.0,3196.96,3198.51,138788,86.15,1.88,2.34
2025-11-12,3188.67,3211.12,3175.58,3204.97,117337,88.25,2.11,2.13
2025-11-13,3204.62,3210.4,3191.47,3201.1,86913,92.06,2.52,1.76
2025-11-14,3193.83,3206.65,3185.91,3200.52,63156,92.09,2.48,2.25
2025-11-17,3221.43,3221.51,3197.17,3213.09,167957,92.91,2.3,2.26
2025-11-18,3213.28,3214.94,3192.05,3206.58,57754,84.94,2.3,2.34
2025-11-19,3219.29,3246.34,3200.03,3205.14,126975,90.74,1.93,2.26
2025-11-20,3218.81,3227.22,3206.16,3210.07,52106,89.34,2.17,2.22
2025-11-21,3202.17,3205.88,3178.84,3191.73,142507,92.52,2.51,2.12
2025-11-24,3164.97,3195.86,3153.57,3171.34,147892,93.81,2.2,2.12
2025-11-25,3183.68,3198.86,3166.87,3176.02,45933,86.83,2.78,2.29
2025-11-26,3200.97,3212.07,3174.77,3182.17,118152,90.12,2.67,2.17
2025-11-27,3197.55,3206.77,3187.3,3204.17,114302,92.08,2.26,1.98
2025-11-28,3224.31,3229.64,3188.67,3207.0,130773,89.15,2.31,2.14
2025-12-01,3213.53,3243.96,3207.5,3218.84,114244,94.32,2.93,2.18
2025-12-02,3209.87,3228.77,3208.2,3218.1,67176,88.95,2.59,1.89
2025-12-03,3225.22,3232.84,3214.94,3222.35,90500,89.19,2.39,2.3
2025-12-04,3247.53,3259.84,3237.1,3240.57,192116,87.19,2.42,2.19
2025-12-05,3229.01,3246.7,3216.66,3220.2,63378,90.33,2.42,1.98
2025-12-08,3218.64,3233.82,3195.8,3227.96,112324,82.37,2.38,2.14
2025-12-09,3255.24,3266.95,3239.38,3251.0,156451,89.22,2.11,2.17
2025-12-10,3248.45,3263.09,3245.7,3255.14,66416,93.0,2.28,2.33
2025-12-11,3258.75,3294.42,3248.62,3273.37,56009,86.27,2.02,2.32
2025-12-12,3259.04,3273.59,3222.33,3268.15,59489,85.73,2.56,2.34
2025-12-15,3264.05,3287.92,3263.44,3271.42,115611,92.56,2.35,2.24
2025-12-16,3278.15,3300.14,3261.82,3273.03,59287,92.89,2.58,2.08
2025-12-17,3262.74,3274.77,3231.97,3251.5,93513,86.45,2.07,2.04
2025-12-18,3226.48,3252.97,3218.55,3240.8,170844,94.21,2.74,2.07
2025-12-19,3234.28,3253.99,3227.84,3230.87,96710,90.99,2.71,2.17
2025-12-22,3231.38,3248.33,3225.79,3242.82,72321,92.49,1.99,2.17
2025-12-23,3259.14,3260.07,3247.83,3253.0,103794,87.85,2.26,2.33
2025-12-24,3251.49,3273.77,3239.42,3257.57,96041,93.54,2.29,2.14
2025-12-25,3256.99,3282.62,3255.69,3267.3,118309,89.11,2.03,1.87
2025-12-26,3274.7,3282.17,3259.31,3266.87,188651,89.0,2.33,2.0
2025-12-29,3277.1,3286.8,3247.39,3282.88,115694,90.94,2.53,2.03
2025-12-30,3281.12,3290.91,3261.83,3284.24,222684,88.74,2.28,2.03
2025-12-31,3264.21,3286.91,3250.33,3286.1,118435,85.92,1.97,1.75
2026-01-01,3293.94,3294.75,3265.04,3284.62,72625,90.05,2.59,2.41
2026-01-02,3301.08,3320.13,3281.59,3292.97,246550,88.9,2.2,1.84
2026-01-05,3292.29,3312.87,3289.77,3292.24,93908,87.78,2.23,2.08
2026-01-06,3288.51,3305.52,3272.42,3303.65,64734,92.76,2.82,2.27
2026-01-07,3305.11,3308.25,3288.91,3293.16,250068,95.67,2.5,2.26
2026-01-08,3276.48,3284.12,3276.39,3283.04,73625,87.43,2.2,1.95
2026-01-09,3286.95,3312.65,3283.88,3291.43,72478,90.19,2.1,2.35
2026-01-12,3316.99,3321.46,3270.35,3294.14,79174,88.69,2.64,2.32
2026-01-13,3283.76,3311.76,3273.68,3290.7,105435,95.42,2.63,2.14
2026-01-14,3308.57,3318.49,3296.28,3301.21,143249,90.9,2.28,2.17
2026-01-15,3301.73,3329.66,3281.15,3296.17,34217,92.0,2.09,2.03
2026-01-16,3299.22,3314.69,3288.11,3295.37,143000,92.64,2.5,2.2
2026-01-19,3316.38,3321.71,3313.04,3313.58,79077,89.95,2.55,2.2
2026-01-20,3334.73,3342.21,3309.63,3330.96,83687,89.1,2.31,2.09
2026-01-21,3351.52,3363.82,3329.24,3348.79,196040,93.3,2.13,2.26
2026-01-22,3346.59,3350.66,3331.68,3347.11,107508,91.46,2.41,2.21
2026-01-23,3376.64,3396.11,3352.63,3361.4,118075,87.35,2.52,2.64
2026-01-26,3341.86,3363.32,3336.42,3355.07,96816,87.67,2.29,2.02
2026-01-27,3357.04,3371.29,3326.0,3346.79,133981,88.54,2.48,2.36
2026-01-28,3331.58,3349.93,3312.68,3323.38,188566,92.49,2.5,2.03
2026-01-29,3349.23,3365.28,3330.02,3342.22,36679,93.21,2.7,2.24
2026-01-30,3345.6,3371.04,3320.27,3334.42,152336,94.93,2.31,1.77
2026-02-02,3335.85,3336.93,3322.58,3336.78,183287,87.77,2.13,2.08
2026-02-03,3309.84,3335.67,3294.04,3328.5,120623,89.92,2.4,2.22
2026-02-04,3336.36,3355.28,3329.27,3337.09,75286,88.54,2.84,2.19
2026-02-05,3324.51,3351.04,3302.05,3334.42,62261,89.1,1.97,1.85
2026-02-06,3314.73,3334.26,3309.27,3322.02,253910,91.92,1.84,2.09
2026-02-09,3317.91,3337.92,3307.46,3330.32,68734,89.45,2.39,2.37
2026-02-10,3311.84,3320.4,3296.49,3316.59,181145,92.9,2.32,2.3
2026-02-11,3303.21,3313.26,3294.53,3309.13,115405,88.35,2.37,2.29
2026-02-12,3265.05,3297.64,3246.51,3288.51,223760,91.56,2.36,2.5
2026-02-13,3281.93,3288.61,3249.12,3275.05,86915,88.65,2.67,1.89
2026-02-16,3302.36,3304.62,3270.97,3280.51,51894,85.14,2.41,2.09
2026-02-17,3267.46,3270.96,3242.82,3261.53,98801,87.25,2.63,2.15
2026-02-18,3245.62,3264.31,3242.33,3247.6,54470,90.16,1.8,2.04
2026-02-19,3248.29,3258.63,3241.19,3248.83,288031,94.65,2.29,2.16
2026-02-20,3240.42,3264.07,3218.24,3244.52,126981,88.71,2.22,2.34
2026-02-23,3269.43,3272.22,3266.0,3268.54,134760,89.36,1.85,2.16
2026-02-24,3288.38,3300.97,3287.52,3288.75,134794,90.93,2.45,1.81
2026-02-25,3272.75,3288.49,3250.58,3281.03,74799,88.24,2.4,2.24
2026-02-26,3304.66,3316.86,3283.41,3288.06,93637,88.5,2.31,2.14
2026-02-27,3282.39,3298.44,3273.8,3297.1,103171,89.86,2.4,1.81
2026-03-02,3301.63,3305.18,3283.79,3294.53,214819,88.6,2.46,2.05
2026-03-03,3279.32,3281.22,3269.98,3280.31,62141,85.28,2.68,1.88
2026-03-04,3300.16,3302.92,3279.55,3281.45,73759,88.11,2.59,2.1
2026-03-05,3284.28,3292.69,3263.61,3280.93,85376,91.27,2.51,2.06
2026-03-06,3274.15,3293.67,3271.72,3277.69,75398,91.36,3.01,1.91
2026-03-09,3283.44,3312.83,3282.55,3285.88,55073,93.06,2.26,2.17
2026-03-10,3279.78,3296.4,3266.69,3279.38,33460,92.88,2.09,1.97
2026-03-11,3257.56,3275.25,3246.39,3268.76,47536,87.53,2.73,2.33
2026-03-12,3263.62,3275.89,3256.42,3271.15,153217,87.91,2.9,2.16
2026-03-13,3258.84,3292.97,3253.7,3276.39,98391,88.0,2.28,2.1
2026-03-16,3258.82,3284.28,3257.87,3267.87,137890,89.4,2.78,2.32
2026-03-17,3279.62,3302.39,3270.71,3278.7,78197,88.19,2.31,2.17
2026-03-18,3264.66,3269.68,3247.21,3261.72,94908,89.37,2.59,2.19
2026-03-19,3237.7,3260.86,3207.28,3257.04,188200,87.64,2.6,2.12
2026-03-20,3254.31,3278.2,3239.18,3255.65,183705,91.78,2.28,2.09
2026-03-23,3258.22,3262.9,3243.95,3252.72,143887,87.46,2.9,2.19
2026-03-24,3246.6,3253.39,3244.95,3248.19,107040,87.35,2.93,2.36
2026-03-25,3262.43,3279.2,3248.41,3268.64,121441,91.08,2.19,1.62
2026-03-26,3257.12,3265.5,3247.59,3261.15,114491,91.61,2.49,2.41
2026-03-27,3282.26,3319.7,3273.0,3287.59,92339,89.15,2.67,1.98
2026-03-30,3289.46,3303.55,3278.35,3295.76,83973,91.86,1.98,2.16
2026-03-31,3299.7,3309.0,3290.49,3297.98,154654,91.67,2.45,1.87
2026-04-01,3327.08,3334.5,3283.28,3304.21,58791,94.4,2.03,2.35
2026-04-02,3324.49,3334.03,3314.29,3331.93,178964,91.39,2.62,1.92
2026-04-03,3319.62,3331.28,3315.78,3322.79,88417,93.86,2.47,2.29
2026-04-06,3314.23,3348.55,3298.27,3314.74,58359,89.78,2.36,2.09
2026-04-07,3301.32,3319.25,3292.6,3308.14,79363,93.14,2.06,2.1
2026-04-08,3320.66,3328.04,3280.47,3309.75,69580,93.19,2.3,1.94
2026-04-09,3269.66,3297.15,3261.73,3293.08,78411,89.34,2.58,2.31
2026-04-10,3289.33,3305.72,3280.28,3294.58,77840,87.97,2.44,2.1
2026-04-13,3324.0,3347.99,3301.28,3315.86,76613,88.34,2.75,2.23
2026-04-14,3315.79,3328.42,3298.61,3318.72,87274,90.64,2.74,1.81
2026-04-15,3308.77,3325.42,3303.23,3316.94,96190,86.74,2.73,1.99
2026-04-16,3316.14,3325.9,3290.83,3311.76,133993,88.5,2.32,2.16
2026-04-17,3331.46,3344.67,3296.61,3322.43,89502,92.59,2.53,1.88
2026-04-20,3319.55,3334.98,3285.81,3317.45,112466,91.28,2.22,2.17
2026-04-21,3330.07,3351.9,3324.06,3338.09,99013,83.66,2.14,2.02
2026-04-22,3364.37,3391.81,3358.34,3359.77,122544,86.14,2.76,2.0
2026-04-23,3359.73,3380.83,3349.31,3363.79,100576,94.85,2.16,2.2
2026-04-24,3372.48,3383.21,3362.11,3364.96,76211,92.4,2.14,2.14
2026-04-27,3394.67,3396.59,3368.82,3379.63,68372,87.95,2.49,1.95
2026-04-28,3366.09,3397.5,3345.49,3392.61,107375,85.64,2.4,2.28
2026-04-29,3386.44,3413.93,3370.16,3385.31,164283,86.26,2.42,2.19
2026-04-30,3363.4,3395.95,3331.77,3381.0,90070,90.67,3.04,1.81
2026-05-01,3392.92,3395.48,3350.75,3368.25,74582,94.38,2.22,2.07
2026-05-04,3371.57,3388.17,3366.36,3376.31,89101,94.2,2.59,2.17
2026-05-05,3392.29,3409.01,3383.12,3384.72,78861,85.45,2.49,2.1
2026-05-06,3371.29,3375.03,3361.15,3371.65,75599,88.69,2.72,1.61
2026-05-07,3360.0,3380.75,3353.26,3368.12,55412,87.3,2.27,2.12
2026-05-08,3345.86,3377.81,3337.35,3355.15,89521,89.83,2.41,2.23
2026-05-11,3365.29,3375.85,3342.8,3349.35,108478,86.18,2.5,2.1
2026-05-12,3366.09,3378.32,3351.29,3356.47,64038,88.12,2.11,2.12
2026-05-13,3369.54,3375.7,3324.76,3350.01,69470,87.33,2.02,2.26
2026-05-14,3348.68,3351.13,3338.87,3348.12,67560,90.82,2.47,1.87
2026-05-15,3335.17,3352.06,3307.07,3332.29,56688,88.27,2.81,2.22
2026-05-18,3335.26,3353.44,3324.04,3337.93,67357,88.61,2.39,2.16
2026-05-19,3335.88,3351.7,3335.03,3338.75,91204,90.82,2.42,1.86
2026-05-20,3321.96,3335.49,3308.42,3332.38,57709,93.67,2.76,2.21
2026-05-21,3332.52,3346.86,3328.99,3331.68,93431,94.85,2.44,2.38
2026-05-22,3326.96,3349.0,3326.15,3334.86,74504,90.69,2.67,2.16
2026-05-25,3334.39,3356.38,3328.73,3329.98,68077,89.35,3.15,2.19
2026-05-26,3317.5,3326.7,3313.03,3315.81,114792,92.91,2.34,1.95
2026-05-27,3338.88,3348.5,3308.62,3336.0,76416,92.47,2.44,2.01
2026-05-28,3347.38,3381.27,3313.84,3330.64,81796,91.77,2.58,1.95
2026-05-29,3330.53,3338.45,3329.86,3330.91,165910,85.62,2.86,2.16
2026-06-01,3352.81,3356.11,3326.3,3345.22,68321,92.54,2.46,2.03
2026-06-02,3404.74,3406.28,3377.4,3383.92,184674,90.28,2.67,2.02
2026-06-03,3385.19,3403.42,3360.43,3371.98,85895,87.19,2.57,2.21
2026-06-04,3389.74,3390.94,3370.46,3378.06,62664,87.73,2.47,2.35
2026-06-05,3368.73,3377.64,3356.85,3371.84,79096,90.88,2.38,2.09
2026-06-08,3372.16,3379.87,3356.09,3369.83,101469,83.16,2.34,1.86
2026-06-09,3350.19,3377.74,3348.03,3363.49,163048,89.14,3.25,2.11
2026-06-10,3357.9,3361.88,3347.33,3352.88,135880,87.85,2.1,2.13
2026-06-11,3356.5,3365.75,3345.34,3353.73,101271,87.6,2.13,2.22
2026-06-12,3339.71,3341.66,3329.83,3339.48,163404,88.39,2.55,2.05
2026-06-15,3363.49,3364.59,3352.92,3353.15,46517,85.79,2.54,2.23
2026-06-16,3342.87,3356.54,3340.07,3355.02,109073,92.12,2.6,2.21
2026-06-17,3377.27,3387.44,3349.69,3360.79,111745,84.15,2.27,2.05
2026-06-18,3366.23,3373.88,3341.79,3357.15,112291,89.9,2.24,2.22
2026-06-19,3353.85,3373.05,3352.39,3354.56,51841,87.37,2.42,2.24
2026-06-22,3359.81,3388.3,3353.97,3361.31,65725,94.42,2.72,1.93
2026-06-23,3355.12,3376.49,3335.0,3350.29,92356,89.56,2.24,2.24
2026-06-24,3363.08,3380.88,3336.68,3347.81,154186,84.2,2.54,2.08
2026-06-25,3341.06,3360.03,3316.36,3340.04,212374,90.9,2.37,2.06
2026-06-26,3333.41,3349.28,3319.14,3331.97,75676,86.83,2.12,2.08
2026-06-29,3313.73,3315.51,3304.0,3313.55,58457,92.09,2.18,2.28
2026-06-30,3346.64,3384.24,3328.17,3328.84,136804,91.12,2.73,2.28
2026-07-01,3319.25,3330.75,3298.8,3322.93,280898,93.27,2.35,2.16
2026-07-02,3336.12,3355.19,3320.45,3336.41,153702,90.01,2.81,2.13
2026-07-03,3363.66,3376.87,3338.47,3348.95,73170,91.55,2.49,2.08
2026-07-06,3340.57,3347.37,3319.76,3339.1,310039,89.65,2.16,2.5
2026-07-07,3340.31,3346.1,3306.53,3328.95,129925,88.1,2.62,1.99
2026-07-08,3348.02,3364.82,3342.26,3357.2,71940,92.14,2.31,2.02
2026-07-09,3374.99,3389.7,3344.9,3377.07,213997,86.33,2.41,2.14
2026-07-10,3393.08,3400.31,3354.69,3378.04,69703,89.32,2.79,1.95
2026-07-13,3377.64,3387.68,3376.2,3384.51,77000,87.96,2.19,2.25
2026-07-14,3377.56,3386.74,3367.84,3379.09,132012,91.51,2.4,1.87
2026-07-15,3387.61,3405.65,3382.36,3385.0,97737,87.02,2.24,1.98
2026-07-16,3368.64,3381.63,3366.21,3378.66,100187,88.38,2.21,2.03
2026-07-17,3354.22,3362.37,3348.84,3358.39,100255,89.58,2.39,1.94
2026-07-20,3349.27,3366.16,3325.93,3348.14,154167,93.23,2.3,2.24
2026-07-21,3350.12,3358.77,3342.75,3349.65,38958,88.17,2.44,1.89
2026-07-22,3351.85,3358.33,3324.19,3339.02,110614,88.54,2.67,1.94
2026-07-23,3355.04,3364.38,3332.23,3339.6,87896,86.17,2.33,1.98
2026-07-24,3321.04,3339.82,3307.88,3329.59,73057,87.11,2.15,2.21
2026-07-27,3326.18,3352.57,3315.22,3325.07,72980,90.62,2.68,2.3
2026-07-28,3342.05,3348.29,3330.73,3335.3,34377,89.63,2.33,2.16
2026-07-29,3354.38,3363.29,3327.79,3339.19,71727,89.66,2.97,1.89
